    itm.itm_b   itm.itm_c   ydyn.beta_q ytill.z0    yneff.delta ymat.enh_shear  marine_shelf.kappa_grz  isostasy.tau    isostasy.He_lith    ytopo.kt    ytill.cf_negis_centre   ytill.cf_negis_south    ytill.cf_negis_north    snap.f_p_ne ctrl.cf_negis_1
   -2.3994   -29.7255     0.9403   -47.3000     0.0535     1.3192     1.7820  2196.5000   101.9150     0.0009     0.7344     0.7344     0.7344     0.2560     0.3626
   -3.4211   -31.8936     0.5933  -748.4000     0.0550     1.1544     3.5660  1293.5000   107.1800     0.0007     0.2769     0.2769     0.2769     0.4529     0.1910
   -2.0598   -24.1892     0.9617  -466.9000     0.0320     1.4784     1.2520  1599.2500   110.0600     0.0011     0.7514     0.7514     0.7514     0.3411     0.3875
   -2.8439   -31.0895     0.7261   -90.1000     0.0375     1.3525     3.4090  2169.0000   193.3250     0.0007     0.4348     0.4348     0.4348     1.4136     0.1240
   -2.3825   -33.3731     0.9405  -889.1000     0.0587     1.0924     6.7190   964.7500   117.3200     0.0012     0.3219     0.3219     0.3219     0.5683     0.3857
   -2.4764   -27.1251     0.9605  -454.8000     0.0536     1.4841     2.4230  2350.7500    73.5950     0.0010     0.5173     0.5173     0.5173     1.3680     0.1386
   -2.4390   -32.6559     0.5696  -491.1000     0.0308     1.0312     2.3300  1688.2500    60.7250     0.0013     0.4322     0.4322     0.4322     0.9882     0.1003
   -2.6738   -29.2107     0.7421  -611.9000     0.0532     1.1089     1.0600  1469.0000   146.2550     0.0007     0.3280     0.3280     0.3280     0.8116     0.1528
   -2.8857   -27.8489     0.7103  -549.2000     0.0517     1.0185     2.1900  2853.2500   189.8750     0.0011     0.3028     0.3028     0.3028     1.1429     0.2003
   -2.2948   -25.1286     0.5653  -912.8000     0.0546     1.1394     1.4960  1259.0000   195.0800     0.0007     0.2154     0.2154     0.2154     1.4397     0.1231
   -2.4545   -28.7223     0.7052  -977.8000     0.0400     1.2494     2.4540   931.2500   152.1500     0.0008     0.5867     0.5867     0.5867     1.2904     0.1432
   -3.0069   -27.9457     0.8440  -673.6000     0.0499     1.2835     9.5700  1117.7500   133.7450     0.0013     0.5658     0.5658     0.5658     0.9662     0.3882
   -2.2049   -24.6985     0.7601  -288.9000     0.0211     1.3582     8.4300  1568.7500    55.9550     0.0011     0.7299     0.7299     0.7299     0.4375     0.3852
   -3.2161   -30.0346     0.9025  -927.7000     0.0273     1.4889     9.2530   702.2500   114.5600     0.0012     0.6718     0.6718     0.6718     0.3856     0.2551
   -2.4531   -25.7864     0.9203  -465.8000     0.0257     1.1510     9.6070  1413.0000   108.1250     0.0012     0.4185     0.4185     0.4185     1.0355     0.2772
   -3.3619   -28.2570     0.5183  -198.1000     0.0318     1.3824     3.7830  2913.0000   141.1250     0.0013     0.4411     0.4411     0.4411     1.3131     0.1076
   -2.6153   -27.2956     0.5159   -11.9000     0.0341     1.3407     8.4370  1492.0000   147.4400     0.0014     0.4876     0.4876     0.4876     0.6230     0.2195
   -2.8262   -27.3033     0.6079  -123.8000     0.0583     1.0362     4.7160  1351.2500   113.9000     0.0014     0.4840     0.4840     0.4840     1.2714     0.3697
   -3.1364   -33.9528     0.8009  -378.7000     0.0510     1.3424     6.9440  2339.2500    84.1850     0.0011     0.2834     0.2834     0.2834     1.0722     0.2335
   -2.8634   -33.9011     0.7306   -20.7000     0.0533     1.4663     0.7580  2596.0000    92.6000     0.0007     0.3066     0.3066     0.3066     0.3058     0.3775
   -3.3874   -26.9590     0.6440  -582.1000     0.0565     1.3684     2.3560   749.0000   159.9350     0.0015     0.5135     0.5135     0.5135     0.9623     0.1312
   -3.3178   -34.9395     0.7313   -59.4000     0.0274     1.0019     2.1760  1099.0000   199.2800     0.0010     0.7354     0.7354     0.7354     0.6877     0.3109
   -3.1151   -30.5351     0.5140  -750.7000     0.0321     1.3987     3.2060  2940.0000   195.9500     0.0011     0.2508     0.2508     0.2508     0.5312     0.3152
   -3.3464   -26.6246     0.5406  -909.8000     0.0314     1.2949     8.2420  1160.5000   147.5150     0.0007     0.4491     0.4491     0.4491     1.4069     0.1630
   -2.0899   -29.9961     0.9963  -479.7000     0.0283     1.0751     5.4010   646.0000   127.3700     0.0015     0.5859     0.5859     0.5859     1.4720     0.3227
   -2.3786   -24.0528     0.5703  -712.8000     0.0575     1.4544     0.8150  1946.5000   193.7450     0.0008     0.2218     0.2218     0.2218     0.4905     0.1831
   -2.3548   -29.6078     0.5677  -331.8000     0.0340     1.2025     6.1990  1454.5000   183.6950     0.0011     0.7256     0.7256     0.7256     0.3113     0.3589
   -2.3020   -25.3266     0.7198  -357.2000     0.0245     1.0123     1.3410  2697.2500    62.1350     0.0007     0.7266     0.7266     0.7266     0.1437     0.3743
   -2.0101   -25.1187     0.8541  -262.9000     0.0355     1.4990     2.3150   886.5000   108.7250     0.0006     0.2875     0.2875     0.2875     0.3871     0.1211
   -2.9012   -27.2197     0.9241  -712.3000     0.0532     1.1711     7.0570  1927.5000   129.4550     0.0014     0.2811     0.2811     0.2811     1.4343     0.2610
   -3.4184   -32.3721     0.8403   -94.2000     0.0270     1.2014     1.4020   694.0000   143.5250     0.0012     0.5691     0.5691     0.5691     1.2850     0.2576
   -3.0126   -34.6084     0.5112  -818.5000     0.0313     1.3916     9.5880   809.5000   192.3050     0.0008     0.3460     0.3460     0.3460     0.6373     0.2434
   -2.2921   -32.0036     0.7319  -133.4000     0.0210     1.3314     2.9640   797.7500   175.6700     0.0013     0.2617     0.2617     0.2617     1.0929     0.3141
   -2.6591   -29.3944     0.5462  -674.8000     0.0487     1.3539     3.6060  1131.0000   163.2350     0.0010     0.5541     0.5541     0.5541     1.3159     0.1164
   -2.4716   -25.2430     0.6014  -562.7000     0.0266     1.3039     1.9180  1800.5000   141.0200     0.0011     0.5301     0.5301     0.5301     0.7912     0.1662
   -2.0417   -31.9717     0.8432  -503.2000     0.0254     1.4382     0.7850  2876.0000   168.3500     0.0013     0.2142     0.2142     0.2142     0.8955     0.3915
   -2.0575   -32.6405     0.6024   -11.4000     0.0554     1.0650     8.0740  2632.2500    59.5100     0.0015     0.4847     0.4847     0.4847     0.2243     0.1158
   -2.1147   -34.7019     0.6398  -679.3000     0.0242     1.2110     8.4820  1955.7500    64.7900     0.0007     0.5039     0.5039     0.5039     0.3853     0.2536
   -3.1717   -31.9937     0.8996  -329.6000     0.0276     1.3230     6.0360   842.5000    53.1500     0.0010     0.3030     0.3030     0.3030     1.3257     0.3541
   -2.4790   -26.5850     0.9099  -110.1000     0.0424     1.4622     2.5590  1072.2500    63.7850     0.0006     0.3918     0.3918     0.3918     0.7707     0.2990
   -2.8637   -33.3962     0.6485  -666.0000     0.0272     1.3107     1.6260  1539.0000    51.3950     0.0013     0.6295     0.6295     0.6295     1.0481     0.2213
   -2.3190   -30.9597     0.9918  -726.3000     0.0567     1.4504     5.9670  2827.7500   134.2550     0.0009     0.2877     0.2877     0.2877     1.1248     0.2689
   -3.0378   -26.7764     0.5839  -468.5000     0.0317     1.1447     0.7780  1730.5000    81.3800     0.0013     0.2284     0.2284     0.2284     0.9590     0.2941
   -2.2340   -33.8296     0.9348  -282.1000     0.0253     1.1626     7.8340  2040.7500   149.9000     0.0006     0.6339     0.6339     0.6339     1.4313     0.1248
   -2.0297   -24.4741     0.6851  -180.9000     0.0272     1.3922     1.9480  2809.0000    69.7850     0.0006     0.4465     0.4465     0.4465     0.5941     0.1862
   -3.0578   -26.9513     0.5709  -660.4000     0.0321     1.2542     6.9210  1702.7500   159.1100     0.0014     0.5273     0.5273     0.5273     0.5144     0.1735
   -3.3222   -29.8883     0.5959  -869.5000     0.0345     1.0186     4.8200  2359.5000   156.0950     0.0005     0.7401     0.7401     0.7401     0.4958     0.1957
   -2.0787   -30.4075     0.9444  -677.9000     0.0473     1.4102     1.5470  1296.0000    65.3000     0.0009     0.5068     0.5068     0.5068     0.4006     0.3776
   -3.2549   -34.8614     0.8415  -859.5000     0.0335     1.2016     6.0650  1829.0000   172.1600     0.0007     0.4326     0.4326     0.4326     1.2960     0.1425
   -2.8802   -31.3007     0.8941  -340.9000     0.0470     1.2202     4.7500  2413.0000   143.5850     0.0014     0.7788     0.7788     0.7788     1.4874     0.1323
   -3.1780   -26.8061     0.6845  -653.1000     0.0585     1.3735     1.4910   854.7500   168.8150     0.0009     0.4868     0.4868     0.4868     0.6417     0.2693
   -2.2991   -32.4480     0.6923  -883.6000     0.0482     1.4276     2.6320  1158.5000   176.5250     0.0006     0.4083     0.4083     0.4083     0.9765     0.3832
   -3.2567   -31.7088     0.6711  -235.1000     0.0201     1.2876     1.7900  1645.2500   109.5650     0.0009     0.6823     0.6823     0.6823     0.3625     0.3164
   -2.7506   -25.9206     0.6978   -72.1000     0.0360     1.2079     8.3760  1275.7500   117.1250     0.0012     0.4207     0.4207     0.4207     0.7542     0.2451
   -2.3231   -28.2746     0.7650  -263.9000     0.0204     1.3918     3.8620  2374.7500   125.4050     0.0006     0.6497     0.6497     0.6497     0.1717     0.1284
   -2.3315   -29.6397     0.5482  -827.8000     0.0594     1.0437     5.3240   672.2500   139.8950     0.0006     0.3958     0.3958     0.3958     1.1707     0.1624
   -3.1199   -28.5881     0.5958  -792.8000     0.0571     1.1431     0.4170  2420.0000   192.0800     0.0012     0.2207     0.2207     0.2207     1.4986     0.3686
   -2.5895   -34.6348     0.5491  -804.0000     0.0203     1.3844     5.7220  2429.2500   123.8600     0.0013     0.4332     0.4332     0.4332     0.3664     0.2830
   -2.3908   -34.1629     0.7587  -980.3000     0.0282     1.2885     1.2840  2152.7500   134.7650     0.0008     0.2397     0.2397     0.2397     0.7087     0.1470
   -2.9342   -27.5860     0.7994  -604.3000     0.0369     1.1654     3.4030   542.5000   130.1750     0.0009     0.4457     0.4457     0.4457     1.1616     0.3213
   -2.1833   -28.0260     0.5168  -479.3000     0.0498     1.1339     1.4410   514.5000    82.3700     0.0010     0.2213     0.2213     0.2213     0.2763     0.1406
   -2.7258   -27.0448     0.5263  -963.8000     0.0513     1.0651     3.0270  2143.2500   160.7900     0.0015     0.3318     0.3318     0.3318     0.2716     0.1035
   -3.0385   -29.3757     0.7144  -585.4000     0.0586     1.1504     7.4440  2625.2500    90.4700     0.0008     0.3945     0.3945     0.3945     0.4808     0.2215
   -2.3999   -32.1466     0.5737  -720.6000     0.0364     1.3497     0.8620   650.0000    82.5800     0.0007     0.2077     0.2077     0.2077     0.2427     0.3488
   -2.6405   -33.5084     0.6553  -195.3000     0.0408     1.3994     5.0590  1168.0000   195.4100     0.0013     0.4408     0.4408     0.4408     1.1147     0.2160
   -3.1103   -24.5126     0.6738  -276.1000     0.0593     1.0344     2.2030  1286.2500   152.4350     0.0011     0.3430     0.3430     0.3430     0.5945     0.1925
   -2.8649   -32.2984     0.7593  -423.1000     0.0297     1.3826     6.2220   629.7500   129.8150     0.0011     0.5655     0.5655     0.5655     0.1729     0.3320
   -3.3790   -24.7282     0.7457  -301.0000     0.0304     1.0753     1.1960  1957.7500    52.1900     0.0012     0.3223     0.3223     0.3223     1.2115     0.1041
   -3.3479   -32.4326     0.7336  -344.5000     0.0500     1.3709     9.1590  2185.2500    50.9300     0.0013     0.2836     0.2836     0.2836     0.9226     0.1229
   -3.3749   -26.9084     0.6842  -407.5000     0.0505     1.3803     9.2820  2075.2500   195.7700     0.0011     0.3204     0.3204     0.3204     0.4209     0.1404
   -3.2614   -31.8122     0.6681  -592.8000     0.0483     1.2988     1.1110  1113.5000   131.3300     0.0015     0.3252     0.3252     0.3252     0.9554     0.1033
   -2.5438   -33.1245     0.5129  -868.0000     0.0549     1.1330     4.3560  1316.5000    56.4500     0.0014     0.3864     0.3864     0.3864     0.1256     0.3207
   -3.3800   -32.3292     0.6224   -60.3000     0.0572     1.2143     7.1110  2319.5000   118.2050     0.0010     0.2505     0.2505     0.2505     0.3842     0.3155
   -2.4311   -31.4910     0.7608  -898.4000     0.0405     1.3818     7.9930  2023.0000    79.7600     0.0014     0.4393     0.4393     0.4393     1.2124     0.2351
   -3.2767   -27.4903     0.6018  -438.2000     0.0265     1.0308     6.9810  1655.2500    84.0200     0.0005     0.3091     0.3091     0.3091     0.1794     0.3570
   -2.5162   -26.1725     0.6192  -356.1000     0.0298     1.2691     5.8830  2888.5000    66.8450     0.0006     0.7935     0.7935     0.7935     0.1876     0.2050
   -2.0906   -24.2255     0.5216   -82.6000     0.0511     1.1125     2.0030  2588.5000   116.3900     0.0011     0.6803     0.6803     0.6803     1.1584     0.2429
   -2.1654   -25.4773     0.8280   -26.3000     0.0294     1.2018     6.8370  1057.5000    63.5900     0.0005     0.6658     0.6658     0.6658     0.5745     0.1172
   -3.0252   -31.5559     0.5579  -886.8000     0.0321     1.2467     4.0730  2281.5000   183.6500     0.0014     0.4474     0.4474     0.4474     0.2863     0.3855
   -2.8742   -28.1954     0.6132  -630.4000     0.0246     1.2373     0.4200   510.2500   133.8050     0.0006     0.2862     0.2862     0.2862     1.3988     0.2518
   -3.4619   -26.3760     0.5467  -465.1000     0.0511     1.0713     5.8390  1627.2500   179.6000     0.0014     0.3753     0.3753     0.3753     1.0915     0.2719
   -2.6705   -29.1106     0.7218  -565.0000     0.0365     1.2933     9.4330   835.0000   100.9400     0.0010     0.4745     0.4745     0.4745     0.8629     0.2110
   -3.4754   -31.1335     0.9874   -60.7000     0.0550     1.2768     6.2540   574.2500   143.2400     0.0009     0.4567     0.4567     0.4567     0.8749     0.1856
   -3.3110   -28.6915     0.5915  -530.8000     0.0479     1.0866     8.7460  1326.0000    71.1050     0.0015     0.6125     0.6125     0.6125     0.9845     0.2876
   -3.0770   -32.4568     0.5554  -163.1000     0.0392     1.0097     3.7250  1828.0000    84.2450     0.0008     0.4612     0.4612     0.4612     0.5378     0.3819
   -3.1212   -30.3855     0.5449  -277.6000     0.0226     1.2946     9.0370  1563.2500   183.5900     0.0009     0.5116     0.5116     0.5116     0.4125     0.2295
   -2.9027   -34.8196     0.7076  -544.1000     0.0283     1.0686     4.9240  1035.0000   159.2600     0.0008     0.4086     0.4086     0.4086     1.0437     0.2886
   -2.5964   -30.6528     0.7018  -743.5000     0.0417     1.0810     0.5730   907.7500   146.8250     0.0013     0.7598     0.7598     0.7598     0.1293     0.1608
   -3.1901   -25.0241     0.9706  -993.3000     0.0399     1.3969     3.1210  1293.0000   156.5750     0.0014     0.7893     0.7893     0.7893     0.4426     0.3450
   -3.2177   -32.8011     0.8249  -281.9000     0.0338     1.0766     6.0100  2448.7500   144.6350     0.0006     0.2517     0.2517     0.2517     0.4255     0.2685
   -3.2658   -28.2680     0.9038  -275.6000     0.0494     1.4750     6.0460  1742.7500   142.1150     0.0010     0.7454     0.7454     0.7454     0.9369     0.2822
   -2.6510   -34.8306     0.8152  -550.1000     0.0369     1.3344     1.5380  2733.5000   111.6350     0.0009     0.5494     0.5494     0.5494     1.0933     0.1246
   -3.4455   -25.3277     0.8468  -706.5000     0.0441     1.0289     1.1450  1348.5000   176.2400     0.0014     0.3767     0.3767     0.3767     0.1512     0.1760
   -3.0522   -24.3025     0.7528   -36.3000     0.0469     1.2838     6.4840  1886.2500   117.5900     0.0008     0.5641     0.5641     0.5641     1.3900     0.2510
   -2.9003   -24.9119     0.8440  -707.5000     0.0595     1.4273     5.5430  1685.7500    68.3900     0.0008     0.4272     0.4272     0.4272     0.4058     0.2334
   -2.8102   -32.5602     0.7911  -700.3000     0.0383     1.4198     9.5580  1553.0000    63.7250     0.0012     0.2977     0.2977     0.2977     0.5154     0.2640
   -3.1723   -32.8858     0.9340  -364.3000     0.0322     1.2201     9.3780  1943.2500   146.9300     0.0006     0.3673     0.3673     0.3673     0.8517     0.1308
   -2.5592   -24.4774     0.6806  -151.4000     0.0253     1.0739     8.5400   699.5000   185.7800     0.0008     0.5024     0.5024     0.5024     0.9435     0.2574
   -2.5805   -25.4443     0.8642  -682.2000     0.0412     1.3925     8.0680  2797.2500   115.5500     0.0006     0.7548     0.7548     0.7548     1.0447     0.3172
   -3.1307   -28.8961     0.8666  -543.7000     0.0385     1.3208     1.4160  2765.7500   118.1000     0.0007     0.7045     0.7045     0.7045     1.3628     0.1383
   -3.2733   -33.1289     0.6242  -111.9000     0.0330     1.0164     9.2470   722.7500   106.2650     0.0006     0.3838     0.3838     0.3838     0.1557     0.1666
   -2.8723   -28.2152     0.9395  -175.8000     0.0498     1.4309     6.1050  2823.2500   170.6750     0.0015     0.7612     0.7612     0.7612     1.4514     0.1859
   -2.9556   -33.4523     0.9799  -632.2000     0.0316     1.3279     2.0650  2647.7500   194.9300     0.0013     0.6204     0.6204     0.6204     0.6811     0.1026
   -3.2197   -25.7897     0.6029  -982.1000     0.0568     1.4084     4.7310  2379.5000   116.0300     0.0015     0.7579     0.7579     0.7579     0.9688     0.3735
   -2.3902   -30.8563     0.8468   -92.0000     0.0435     1.0488     7.1420  2210.5000   195.5750     0.0008     0.2640     0.2640     0.2640     0.5655     0.2538
   -2.7860   -34.7360     0.6068  -322.3000     0.0242     1.2385     6.2180   504.5000   124.2950     0.0012     0.3808     0.3808     0.3808     1.0495     0.1877
   -2.1989   -29.4571     0.6358  -504.1000     0.0451     1.3443     2.0230  1718.5000   134.0900     0.0006     0.5832     0.5832     0.5832     0.4275     0.1088
   -3.1974   -33.7075     0.6148  -630.3000     0.0458     1.1422     2.1650   760.7500    82.5200     0.0014     0.6334     0.6334     0.6334     0.1189     0.1257
   -2.2675   -26.0845     0.6114  -416.9000     0.0398     1.1936     1.8960  2769.7500   107.1350     0.0012     0.6679     0.6679     0.6679     1.0016     0.3845
   -2.1686   -26.4068     0.5910  -888.2000     0.0457     1.4152     5.3140  1908.2500   185.0150     0.0007     0.6883     0.6883     0.6883     0.6705     0.1613
   -2.8891   -29.0820     0.6405  -147.8000     0.0342     1.4900     1.8060  2969.0000    73.7750     0.0005     0.2291     0.2291     0.2291     0.9082     0.3921
   -2.0282   -34.3103     0.5460  -167.1000     0.0524     1.2869     0.1080  1697.5000   193.9850     0.0010     0.3845     0.3845     0.3845     0.9252     0.2679
   -3.1526   -31.8419     0.8826  -313.7000     0.0334     1.3950     8.5210  1312.0000    95.5850     0.0006     0.7593     0.7593     0.7593     1.2302     0.1897
   -2.8815   -29.4208     0.6107  -599.7000     0.0561     1.1719     0.0140  2112.5000   106.6850     0.0015     0.3671     0.3671     0.3671     0.4112     0.2714
   -2.7971   -24.3729     0.5181  -774.3000     0.0479     1.4863     2.0020  2725.5000   150.2600     0.0014     0.5769     0.5769     0.5769     1.0286     0.3942
   -3.1801   -28.5738     0.8684  -241.5000     0.0345     1.3412     2.2970   551.2500   118.9850     0.0012     0.2893     0.2893     0.2893     1.4962     0.3036
   -2.1923   -28.1382     0.9356  -938.6000     0.0435     1.1590     4.0140  1433.2500    85.0400     0.0013     0.7869     0.7869     0.7869     0.5035     0.3042
   -2.6008   -32.5162     0.8362  -682.9000     0.0559     1.1966     8.4900  1588.2500    96.4400     0.0007     0.4702     0.4702     0.4702     1.3384     0.3126
   -3.2538   -34.6502     0.6859  -296.8000     0.0224     1.2782     6.8030  1332.5000   163.6850     0.0006     0.3382     0.3382     0.3382     0.1321     0.1293
   -3.1051   -30.9366     0.9890  -442.8000     0.0438     1.2452     5.4120  1438.2500   108.2300     0.0006     0.7419     0.7419     0.7419     0.4231     0.1335
   -3.0086   -29.4274     0.8473  -101.7000     0.0428     1.1000     3.0260  1826.2500   149.9900     0.0009     0.4363     0.4363     0.4363     0.7857     0.2602
   -3.2642   -29.7937     0.9587  -210.6000     0.0339     1.1871     6.1290  1699.0000   190.7750     0.0007     0.6216     0.6216     0.6216     0.5890     0.3849
   -2.6237   -24.5456     0.9297   -19.4000     0.0495     1.1100     0.3100   663.7500    54.5150     0.0009     0.7204     0.7204     0.7204     0.9728     0.3030
   -2.1273   -27.5750     0.5372  -842.2000     0.0360     1.4689     6.0510  1000.2500    75.2300     0.0013     0.5275     0.5275     0.5275     0.7007     0.3378
   -2.6165   -33.8142     0.9346  -580.9000     0.0358     1.0291     1.3930  1403.2500   122.2100     0.0015     0.3616     0.3616     0.3616     0.7387     0.1530
   -2.9141   -34.3917     0.8361  -669.9000     0.0310     1.1863     3.5570  2608.0000   149.6150     0.0007     0.3180     0.3180     0.3180     0.7234     0.3356
   -2.7388   -30.5560     0.6887  -678.2000     0.0343     1.4936     1.8860  1894.7500   138.0800     0.0007     0.5044     0.5044     0.5044     0.9026     0.2685
   -2.3413   -30.7716     0.6745  -838.9000     0.0223     1.0421     6.6570  1115.5000    63.8450     0.0008     0.3371     0.3371     0.3371     0.7860     0.1095
   -2.0219   -27.3374     0.8867   -44.6000     0.0375     1.1763     2.5140   614.0000   166.0700     0.0008     0.2616     0.2616     0.2616     0.9401     0.2889
   -2.7276   -25.6907     0.9955  -186.8000     0.0228     1.3567     0.5850  2357.0000   193.8200     0.0012     0.5609     0.5609     0.5609     0.5645     0.3526
   -3.0202   -29.1645     0.6633  -204.2000     0.0284     1.0077     1.8260  1135.7500   127.5350     0.0011     0.2784     0.2784     0.2784     1.3012     0.3156
   -3.1374   -29.4868     0.9699  -991.7000     0.0451     1.2973     5.4370  2500.0000   102.2300     0.0015     0.5401     0.5401     0.5401     0.8636     0.2150
   -2.5793   -33.4930     0.9389   -39.4000     0.0353     1.0230     0.6400   599.0000   161.2850     0.0015     0.7669     0.7669     0.7669     1.3218     0.1471
   -2.5297   -34.9582     0.9965  -440.8000     0.0536     1.1797     3.9670  1544.7500    55.7300     0.0011     0.3804     0.3804     0.3804     0.5421     0.3828
   -2.8892   -30.1644     0.5716   -43.4000     0.0530     1.3670     7.2950   624.5000   157.1000     0.0009     0.3021     0.3021     0.3021     0.8742     0.2742
   -3.4997   -31.9849     0.9551  -121.0000     0.0481     1.1061     7.1960  2726.7500   198.2600     0.0008     0.6590     0.6590     0.6590     0.2379     0.3358
   -3.3446   -30.2502     0.8337  -944.7000     0.0305     1.2396     0.9490  2835.7500   114.7850     0.0014     0.6364     0.6364     0.6364     0.8678     0.2211
   -2.4007   -27.5079     0.9958  -742.0000     0.0209     1.3681     3.8800  2217.0000    53.5100     0.0014     0.3478     0.3478     0.3478     0.5550     0.1539
   -2.7717   -30.6484     0.7908  -372.8000     0.0279     1.1749     5.5160   560.7500   168.1400     0.0011     0.4011     0.4011     0.4011     1.4223     0.2800
   -2.1084   -24.6479     0.9669  -400.9000     0.0545     1.3613     9.3220  2204.0000   180.4400     0.0006     0.2178     0.2178     0.2178     0.3282     0.3441
   -2.1856   -27.4639     0.8722  -830.6000     0.0520     1.0211     0.8180  1698.2500   114.6500     0.0012     0.2824     0.2824     0.2824     1.4789     0.1873
   -2.9334   -25.1462     0.8252  -416.2000     0.0442     1.2330     4.5310  2191.0000   123.4250     0.0011     0.5397     0.5397     0.5397     0.2747     0.2994
   -2.5454   -31.9706     0.5859  -926.1000     0.0342     1.2112     5.3540  2160.0000   100.2350     0.0014     0.5694     0.5694     0.5694     0.4982     0.3327
   -2.8934   -32.1422     0.5633  -215.1000     0.0575     1.3308     4.1270   526.2500   101.7050     0.0009     0.7331     0.7331     0.7331     0.9932     0.3594
   -2.3927   -26.2803     0.7373  -914.7000     0.0561     1.2748     9.1850  1598.0000   113.5700     0.0011     0.7499     0.7499     0.7499     0.5452     0.3720
   -2.1627   -25.2672     0.7192  -619.4000     0.0410     1.2451     8.1570  1545.5000    64.1000     0.0010     0.6731     0.6731     0.6731     1.0659     0.2439
   -3.2676   -26.6928     0.9876  -346.4000     0.0510     1.3585     1.7180  2694.0000    74.8850     0.0011     0.3109     0.3109     0.3109     1.0219     0.3535
   -2.0038   -30.1325     0.8920  -840.1000     0.0434     1.2295     4.8140   847.7500   117.2900     0.0012     0.3630     0.3630     0.3630     1.2564     0.3285
   -2.0804   -28.9280     0.6171  -904.9000     0.0538     1.4729     0.7880  2986.2500   157.7300     0.0011     0.7246     0.7246     0.7246     0.5773     0.2626
   -2.9626   -25.8623     0.6351  -787.0000     0.0390     1.0729     9.4630  1371.0000   127.0550     0.0008     0.7224     0.7224     0.7224     0.6379     0.2729
   -2.1637   -32.2027     0.9793  -708.1000     0.0590     1.4608     1.0230  2571.2500   141.7100     0.0014     0.6140     0.6140     0.6140     1.0023     0.2922
   -2.2710   -33.5843     0.6921  -231.8000     0.0408     1.3015     9.6580  2123.5000    56.7950     0.0013     0.4119     0.4119     0.4119     1.0887     0.2918
   -2.7330   -27.6168     0.6665  -107.0000     0.0306     1.3554     6.2250  2267.2500   126.2450     0.0010     0.6492     0.6492     0.6492     1.2158     0.3400
   -2.4181   -30.4020     0.9441  -795.3000     0.0215     1.3403     1.4370  2355.0000   141.5000     0.0014     0.6609     0.6609     0.6609     0.7964     0.2365
   -3.0937   -26.3892     0.6502  -858.9000     0.0367     1.2392     7.0190  1146.7500    93.1100     0.0015     0.4044     0.4044     0.4044     0.4826     0.1230
   -3.3519   -31.5119     0.6348  -927.1000     0.0531     1.1729     1.1750  2908.5000   160.2800     0.0010     0.5651     0.5651     0.5651     0.9977     0.2463
   -3.0476   -28.5397     0.8085  -789.9000     0.0352     1.3777     8.2060   738.5000    75.4550     0.0015     0.6057     0.6057     0.6057     0.5257     0.2175
   -2.2781   -29.5000     0.8383  -813.0000     0.0554     1.0811     7.9930   637.5000    54.8750     0.0008     0.3210     0.3210     0.3210     0.3905     0.1606
   -2.3840   -32.6141     0.9002  -209.8000     0.0461     1.1533     3.4310   877.7500    51.8450     0.0006     0.6168     0.6168     0.6168     1.1140     0.1881
   -2.2521   -25.3618     0.7432  -177.8000     0.0370     1.1238     6.4290  1121.7500   176.8100     0.0006     0.3328     0.3328     0.3328     0.3401     0.2197
   -2.2515   -26.6367     0.5009  -788.5000     0.0572     1.4687     8.9210  2256.0000   162.1250     0.0011     0.5860     0.5860     0.5860     0.7649     0.2263
   -2.2184   -28.9687     0.5149  -767.3000     0.0565     1.3266     1.3330  1205.2500   151.7000     0.0012     0.4786     0.4786     0.4786     0.9858     0.2362
   -2.6606   -34.7624     0.5422  -964.7000     0.0563     1.0987     7.3900  1186.5000    50.7800     0.0015     0.7810     0.7810     0.7810     1.1997     0.3887
   -2.3594   -34.8031     0.8149  -554.9000     0.0509     1.2589     6.7920   695.5000   117.7550     0.0011     0.3983     0.3983     0.3983     0.5015     0.3940
   -2.7832   -30.9564     0.7229  -936.1000     0.0447     1.0044     4.0470  1037.5000    61.3550     0.0005     0.6480     0.6480     0.6480     1.2304     0.2508
   -2.1407   -32.1235     0.8051  -523.3000     0.0515     1.3436     3.0830  1175.0000   199.4450     0.0006     0.2832     0.2832     0.2832     0.2984     0.2037
   -3.2889   -29.7563     0.8190  -373.7000     0.0437     1.1105     4.7030  1290.7500    72.6200     0.0012     0.3733     0.3733     0.3733     0.7950     0.3673
   -3.2275   -30.0731     0.9098  -445.6000     0.0365     1.3021     3.6940  2890.7500   142.9400     0.0014     0.5201     0.5201     0.5201     0.4725     0.2969
   -3.4825   -34.8999     0.8080   -15.2000     0.0242     1.2919     7.7350  1622.7500   152.3450     0.0011     0.4949     0.4949     0.4949     0.9448     0.3166
   -3.0909   -30.2128     0.5769  -802.4000     0.0429     1.2101     0.4920   519.5000   111.8750     0.0012     0.5191     0.5191     0.5191     1.1830     0.1149
   -2.6187   -32.3875     0.8457  -287.6000     0.0407     1.0435     9.1120  2265.0000   114.3650     0.0011     0.6849     0.6849     0.6849     0.6093     0.2791
   -2.2412   -27.8797     0.5401   -73.3000     0.0597     1.4694     3.3180  1076.5000   173.1800     0.0008     0.4726     0.4726     0.4726     0.4300     0.1974
   -3.3660   -33.5227     0.7990  -880.2000     0.0439     1.3363     7.5890  2328.0000   175.9100     0.0006     0.6595     0.6595     0.6595     0.4601     0.2980
   -2.6463   -27.4232     0.6208   -32.6000     0.0340     1.0841     4.4900  1107.0000    90.8300     0.0009     0.3948     0.3948     0.3948     1.4861     0.1170
   -2.2020   -30.0874     0.5585  -526.2000     0.0484     1.1548     3.9310  2482.5000    88.0100     0.0013     0.2424     0.2424     0.2424     0.1508     0.3374
   -2.9906   -34.5556     0.8881    -1.3000     0.0277     1.2846     1.2560  1822.5000    57.8300     0.0013     0.4138     0.4138     0.4138     1.0393     0.2766
   -2.9951   -27.1306     0.7017  -721.7000     0.0388     1.2622     4.4980  2145.2500   145.7600     0.0008     0.6604     0.6604     0.6604     1.1704     0.1276
   -3.3743   -30.5758     0.8129   -69.7000     0.0502     1.2079     8.4170   808.0000    94.9700     0.0010     0.7903     0.7903     0.7903     0.6449     0.3361
   -2.7195   -24.5797     0.6546  -281.0000     0.0336     1.4607     7.2480  2998.5000   142.4600     0.0015     0.3143     0.3143     0.3143     0.3405     0.3936
   -3.3596   -25.9811     0.5999  -696.2000     0.0264     1.1570     7.1470  2413.5000    98.9450     0.0008     0.2647     0.2647     0.2647     0.2581     0.3603
   -2.6051   -24.6226     0.9183   -34.0000     0.0422     1.0480     8.6840  1527.7500   173.8400     0.0011     0.4713     0.4713     0.4713     1.0769     0.2027
   -2.3600   -33.8241     0.9749   -69.0000     0.0504     1.2653     2.8680  1067.7500    98.8100     0.0012     0.3404     0.3404     0.3404     0.2491     0.2962
   -3.4172   -27.2791     0.6721  -891.0000     0.0357     1.1509     4.7930   849.7500   129.5900     0.0008     0.7293     0.7293     0.7293     1.3075     0.3638
   -2.7968   -33.0365     0.6122  -798.8000     0.0542     1.4254     8.8920  1104.2500    61.1300     0.0009     0.4639     0.4639     0.4639     1.1861     0.1938
   -2.6002   -24.4708     0.8358  -822.1000     0.0284     1.3370     8.8380  2175.2500   157.9850     0.0012     0.7111     0.7111     0.7111     0.4093     0.3748
   -2.3393   -27.8093     0.9486  -851.8000     0.0361     1.4226     7.1090  1719.2500   108.9950     0.0012     0.4981     0.4981     0.4981     0.8328     0.1486
   -3.2462   -24.0748     0.8979  -804.6000     0.0329     1.4800     5.7750  1754.2500   147.6350     0.0006     0.5931     0.5931     0.5931     1.3078     0.1281
   -2.7047   -33.5590     0.8940  -317.0000     0.0480     1.3447     1.6810   955.2500   134.2250     0.0015     0.6285     0.6285     0.6285     0.4401     0.2497
   -2.0614   -27.7895     0.7490   -63.4000     0.0283     1.0789     9.9870  2034.0000   124.4600     0.0013     0.7530     0.7530     0.7530     0.6352     0.2014
   -2.6073   -32.7802     0.6507  -771.6000     0.0369     1.1173     9.8940  1706.7500   110.9150     0.0006     0.6477     0.6477     0.6477     1.1343     0.2709
   -2.4792   -24.4202     0.8008  -688.8000     0.0244     1.2211     6.2750  1083.0000   160.5800     0.0011     0.5595     0.5595     0.5595     0.9793     0.1251
   -2.2128   -24.6754     0.7004  -912.2000     0.0480     1.4245     1.6080  1215.0000   149.4950     0.0007     0.2949     0.2949     0.2949     0.2023     0.2760
   -2.5257   -32.6196     0.6566  -740.0000     0.0503     1.1877     9.5680   793.0000   187.0550     0.0014     0.7758     0.7758     0.7758     1.0563     0.2900
   -2.1046   -33.8373     0.6315   -46.6000     0.0232     1.3867     5.3270  1389.5000   187.5350     0.0014     0.5490     0.5490     0.5490     1.3867     0.1963
   -2.7751   -26.0141     0.7705  -848.7000     0.0376     1.2669     6.3840  1216.0000   145.0400     0.0008     0.4507     0.4507     0.4507     0.9144     0.2785
   -2.6438   -34.2927     0.7727  -832.2000     0.0415     1.4471     5.3210  1892.5000   134.0150     0.0014     0.2352     0.2352     0.2352     0.7065     0.2984
   -3.4562   -30.5560     0.5776  -703.0000     0.0217     1.1015     0.8270  2700.5000    95.6450     0.0011     0.3004     0.3004     0.3004     1.1882     0.3377
   -2.2245   -26.6642     0.6008  -655.7000     0.0286     1.1019     1.2780  1444.2500   176.1500     0.0007     0.2504     0.2504     0.2504     0.7054     0.1332
   -2.6975   -32.4953     0.5609  -631.6000     0.0349     1.3031     1.9680  2057.5000   107.3450     0.0013     0.5690     0.5690     0.5690     0.8596     0.2499
   -2.7227   -31.2611     0.8208  -511.1000     0.0275     1.4239     3.1790   659.0000    92.2850     0.0013     0.6988     0.6988     0.6988     0.6548     0.2271
   -2.8479   -31.8342     0.5699  -282.5000     0.0470     1.2519     0.1680  1574.0000    91.7600     0.0005     0.4122     0.4122     0.4122     0.9880     0.2431
   -3.2958   -24.3795     0.6360  -645.2000     0.0282     1.4659     6.6340  1847.0000   177.3950     0.0015     0.7865     0.7865     0.7865     0.7818     0.3549
   -3.3194   -32.9485     0.9168  -761.6000     0.0276     1.4826     0.0350  1202.5000    96.5750     0.0010     0.6390     0.6390     0.6390     1.1377     0.1527
   -3.1614   -29.9939     0.5209   -56.9000     0.0598     1.3202     1.0950   991.0000   148.2950     0.0010     0.6997     0.6997     0.6997     0.8868     0.3187
   -2.6474   -26.0669     0.8293  -129.4000     0.0474     1.4973     4.0820  2183.2500   148.1600     0.0010     0.7954     0.7954     0.7954     0.6286     0.2989
   -2.4945   -34.6370     0.5895  -914.4000     0.0467     1.4011     9.7560   901.7500    82.6400     0.0012     0.4851     0.4851     0.4851     1.1655     0.3973
   -3.3799   -30.5681     0.8301  -752.0000     0.0474     1.2532     3.2830  1532.2500   146.1500     0.0011     0.6933     0.6933     0.6933     0.8932     0.1053
   -2.1671   -28.1349     0.5517  -184.1000     0.0586     1.2120     8.7620  2936.0000   138.5600     0.0013     0.5995     0.5995     0.5995     0.3232     0.2763
   -2.5475   -34.0474     0.7066  -119.9000     0.0356     1.0331     3.2560  1276.7500   143.1650     0.0012     0.4543     0.4543     0.4543     0.6583     0.1614
   -3.1076   -31.1577     0.5623   -94.6000     0.0563     1.3836     8.9060  1471.0000   112.3700     0.0005     0.3195     0.3195     0.3195     1.3362     0.1306
   -2.4140   -31.7682     0.5586   -49.7000     0.0404     1.3654     8.0860  1394.2500   148.8350     0.0006     0.2156     0.2156     0.2156     0.7908     0.2597
   -2.9654   -27.9204     0.6759  -991.2000     0.0465     1.3882     7.9650  1708.2500   154.4750     0.0012     0.7804     0.7804     0.7804     0.5949     0.1915
   -2.2034   -30.1369     0.7852    -4.7000     0.0513     1.2419     9.0510  2015.2500   159.7550     0.0012     0.3373     0.3373     0.3373     0.5934     0.1503
   -2.5480   -27.5706     0.7692   -88.0000     0.0518     1.0075     8.6150  2030.7500   179.7800     0.0012     0.5436     0.5436     0.5436     0.7815     0.1607
   -2.8792   -33.6844     0.9703  -360.7000     0.0354     1.4848     1.7440  2540.5000   182.6450     0.0014     0.3169     0.3169     0.3169     0.4167     0.1838
   -2.2374   -33.2180     0.6756  -343.4000     0.0425     1.4358     9.3020  2246.2500   130.1300     0.0010     0.4063     0.4063     0.4063     1.2040     0.1944
   -2.9377   -33.0981     0.5443  -133.3000     0.0312     1.0718     1.5950  1671.5000    86.4050     0.0005     0.4637     0.4637     0.4637     1.0639     0.2434
   -2.6309   -31.7363     0.9647  -580.2000     0.0548     1.0208     9.0930   704.0000   155.5100     0.0008     0.2384     0.2384     0.2384     1.1522     0.2119
   -3.1994   -26.2154     0.9422  -855.6000     0.0262     1.4004     3.9750  2715.5000   120.6350     0.0009     0.7873     0.7873     0.7873     1.0279     0.3359
   -2.2277   -25.5191     0.9438  -112.4000     0.0324     1.2619     5.7240  1747.2500   145.1750     0.0007     0.3895     0.3895     0.3895     1.2119     0.1848
   -2.4986   -27.0866     0.8030  -382.9000     0.0476     1.3083     5.4560  2268.7500   157.6250     0.0008     0.3741     0.3741     0.3741     0.3150     0.2308
   -2.5827   -27.8962     0.7187  -714.6000     0.0281     1.0447     1.6200  1194.5000   136.9400     0.0015     0.3648     0.3648     0.3648     1.3142     0.2881
   -2.5907   -29.7409     0.9619  -696.6000     0.0238     1.0857     7.2430   861.2500   149.0750     0.0007     0.2314     0.2314     0.2314     1.1256     0.1453
   -2.0741   -31.8386     0.9912  -137.3000     0.0293     1.3255     6.8050   674.2500    95.0300     0.0009     0.6961     0.6961     0.6961     0.8587     0.3351
   -3.1391   -25.7391     0.5098  -826.2000     0.0279     1.2314     9.7420  2993.0000   139.6850     0.0014     0.5509     0.5509     0.5509     0.5631     0.3611
   -3.3728   -27.8588     0.7808   -34.8000     0.0414     1.0882     9.6290  1725.5000   105.1400     0.0011     0.2036     0.2036     0.2036     1.0694     0.2260
   -2.8427   -26.2418     0.5284  -933.5000     0.0401     1.1839     6.9520  2946.0000    99.3500     0.0009     0.6918     0.6918     0.6918     0.5350     0.3798
   -2.9420   -28.3274     0.5566  -983.5000     0.0437     1.4023     7.0770  2257.5000   137.8550     0.0006     0.3738     0.3738     0.3738     0.2236     0.3295
   -3.2961   -33.2422     0.5898  -523.8000     0.0467     1.2503     5.8260  1686.5000   165.1100     0.0005     0.5586     0.5586     0.5586     0.7826     0.3437
   -3.1759   -26.8193     0.8200  -436.5000     0.0388     1.0232     0.4440  2434.2500    85.1150     0.0012     0.4367     0.4367     0.4367     1.0027     0.2228
   -2.8568   -31.9079     0.5457  -859.9000     0.0260     1.1903     9.7580  1538.0000   154.2950     0.0013     0.6554     0.6554     0.6554     0.5234     0.1023
   -2.5419   -32.8209     0.5313  -137.6000     0.0434     1.2413     4.5120  1217.2500    91.6100     0.0010     0.3952     0.3952     0.3952     0.1644     0.3103
   -2.3660   -24.9317     0.8597   -42.8000     0.0509     1.1073     5.1300  2295.2500   182.5850     0.0011     0.7059     0.7059     0.7059     0.9602     0.3596
   -2.5061   -29.9587     0.7913  -355.8000     0.0355     1.0947     5.9920  2085.5000   189.7400     0.0006     0.2648     0.2648     0.2648     1.3432     0.3643
   -2.1429   -28.3505     0.7584  -734.0000     0.0472     1.3487     9.5010  2820.2500   154.6550     0.0015     0.3937     0.3937     0.3937     1.3450     0.1872
   -3.0725   -25.6621     0.9086  -360.4000     0.0380     1.2994     2.6740  1124.7500   177.3950     0.0013     0.7676     0.7676     0.7676     1.4660     0.3263
   -2.5698   -33.3181     0.8028   -97.8000     0.0309     1.4450     3.4060  1912.0000   124.6850     0.0012     0.6723     0.6723     0.6723     0.6068     0.3970
   -2.0033   -29.9213     0.8493  -593.6000     0.0219     1.4589     7.4040  1202.2500    60.0650     0.0007     0.2817     0.2817     0.2817     0.4606     0.1096
   -2.1341   -24.9647     0.7069  -365.8000     0.0483     1.1223     9.6540   787.0000   182.7800     0.0009     0.2907     0.2907     0.2907     0.2789     0.2251
   -2.9442   -25.3409     0.8091  -649.0000     0.0491     1.0678     0.5310  1978.0000   105.4550     0.0005     0.7066     0.7066     0.7066     1.0888     0.2673
   -3.1139   -27.3770     0.8870  -955.8000     0.0440     1.0442     2.9680   607.0000   142.7000     0.0005     0.5805     0.5805     0.5805     0.1312     0.2315
   -2.8556   -33.0442     0.8522  -434.8000     0.0358     1.1596     7.7690  2077.0000    91.3400     0.0005     0.7113     0.7113     0.7113     0.2973     0.1101
   -3.1922   -25.6126     0.5596  -828.2000     0.0574     1.1991     4.6170  1994.0000   190.8950     0.0007     0.4532     0.4532     0.4532     0.9513     0.2914
   -3.1322   -24.0055     0.8634  -359.0000     0.0557     1.3496     1.0320  2331.2500   197.8250     0.0013     0.7198     0.7198     0.7198     1.1955     0.2773
   -2.7541   -32.3534     0.7716  -239.2000     0.0530     1.3879     2.6570  1648.2500   152.0000     0.0014     0.4999     0.4999     0.4999     0.1162     0.2540
   -2.6273   -34.9670     0.7448  -869.0000     0.0521     1.1583     4.6250   694.7500   157.4750     0.0007     0.4081     0.4081     0.4081     1.3002     0.2484
   -2.2822   -33.5788     0.5807  -350.4000     0.0518     1.0485     5.2300  1700.5000   109.7600     0.0014     0.3142     0.3142     0.3142     1.3457     0.2296
   -2.9618   -26.2858     0.8966  -633.9000     0.0278     1.4080     2.2080   825.2500   138.1850     0.0014     0.2643     0.2643     0.2643     1.2980     0.3458
   -2.6483   -28.2251     0.9818  -879.7000     0.0550     1.0315     8.2340   806.5000    51.0650     0.0006     0.4557     0.4557     0.4557     0.3930     0.3900
   -3.4933   -29.3229     0.5888  -690.5000     0.0540     1.2127     7.3030  1132.5000   104.5400     0.0014     0.7208     0.7208     0.7208     0.3288     0.3342
   -3.4308   -31.2589     0.9089  -756.4000     0.0600     1.3893     3.6730  1766.5000    51.9950     0.0013     0.3719     0.3719     0.3719     0.3078     0.1413
   -3.0808   -32.7274     0.9309   -21.4000     0.0226     1.3739     5.4940  2471.5000   106.3850     0.0006     0.2433     0.2433     0.2433     0.9212     0.1320
   -2.0780   -28.6321     0.9194  -668.9000     0.0204     1.3905     1.6470  1233.0000   111.2000     0.0012     0.3982     0.3982     0.3982     0.3957     0.1879
   -2.8655   -27.5915     0.8620  -837.7000     0.0332     1.3694     6.8480  1626.5000   107.2250     0.0007     0.4749     0.4749     0.4749     1.0904     0.1857
   -3.3540   -29.9477     0.7815  -817.3000     0.0377     1.2216     5.0960  1080.2500    85.6700     0.0013     0.7510     0.7510     0.7510     1.0178     0.1151
   -2.4990   -27.9314     0.7058  -469.0000     0.0437     1.0041     1.9130  1772.0000    99.4700     0.0012     0.6795     0.6795     0.6795     0.8820     0.2138
   -2.4257   -32.2632     0.9478  -976.1000     0.0256     1.0204     1.9340  1880.2500    62.0300     0.0010     0.4911     0.4911     0.4911     0.3796     0.3987
   -3.4420   -33.3038     0.6948  -254.4000     0.0563     1.3588     8.3950  1453.2500    62.6900     0.0014     0.7559     0.7559     0.7559     1.4895     0.2547
   -3.4817   -28.8103     0.9655   -69.2000     0.0331     1.1923     3.1720  2583.0000    51.1700     0.0008     0.3463     0.3463     0.3463     0.4293     0.1889
   -2.6102   -30.1138     0.5513  -456.0000     0.0234     1.2123     9.9050  2052.7500    66.8450     0.0010     0.3027     0.3027     0.3027     1.1725     0.1011
   -2.5280   -31.7209     0.7853  -943.2000     0.0215     1.2974     9.7080  2272.0000    50.5100     0.0010     0.5031     0.5031     0.5031     1.3272     0.1904
   -2.4173   -29.6133     0.5995  -141.9000     0.0377     1.3912     1.8870  2341.0000    70.3100     0.0012     0.7753     0.7753     0.7753     1.0576     0.3168
   -2.9233   -31.7649     0.7186  -764.2000     0.0325     1.3005     5.4900  1033.0000    53.2550     0.0010     0.7786     0.7786     0.7786     1.4574     0.1143
   -2.8493   -31.8441     0.9106  -546.1000     0.0332     1.2827     3.3800  2084.7500   170.3750     0.0012     0.6013     0.6013     0.6013     1.1314     0.1546
   -2.9320   -25.4707     0.6061  -525.1000     0.0594     1.3281     8.3080   740.0000   157.2350     0.0011     0.7425     0.7425     0.7425     0.2903     0.1198
   -3.3005   -25.1990     0.7099  -315.0000     0.0233     1.1187     3.5970  1933.0000   180.9350     0.0014     0.3991     0.3991     0.3991     0.6403     0.2347
   -2.3026   -31.9112     0.9714  -217.4000     0.0503     1.4064     0.3750  1353.0000   179.4200     0.0014     0.5140     0.5140     0.5140     1.2925     0.2413
   -3.3530   -31.3755     0.6802  -284.8000     0.0553     1.1015     8.5700  1355.5000   104.0300     0.0006     0.7671     0.7671     0.7671     1.0110     0.2381
   -2.6729   -24.5555     0.7051  -467.6000     0.0238     1.3420     6.0990  2992.0000   179.0750     0.0010     0.3415     0.3415     0.3415     0.6790     0.2391
   -2.6111   -34.4621     0.8370   -57.5000     0.0255     1.4950     4.4100  1802.7500   164.8400     0.0014     0.6807     0.6807     0.6807     1.1046     0.2555
   -3.1023   -34.2300     0.7216  -570.0000     0.0364     1.3146     0.8530  2904.7500    89.5550     0.0015     0.3603     0.3603     0.3603     0.1615     0.1580
   -2.7694   -31.2006     0.6497  -265.6000     0.0438     1.0147     4.5580  1547.7500    66.5000     0.0006     0.7723     0.7723     0.7723     1.4825     0.1167
   -2.4184   -30.6891     0.7510  -805.2000     0.0259     1.2065     8.7850  1081.5000   128.3450     0.0010     0.6060     0.6060     0.6060     0.5523     0.1268
   -2.4521   -24.9460     0.8444  -658.1000     0.0538     1.0905     2.1060  1752.5000    71.6000     0.0013     0.5604     0.5604     0.5604     0.1734     0.2619
   -2.9836   -32.1818     0.9557  -724.8000     0.0248     1.1694     0.4700  1103.2500   110.8250     0.0012     0.3567     0.3567     0.3567     1.1441     0.3322
   -2.4539   -30.5857     0.6687  -637.6000     0.0441     1.3384     6.4540  2696.2500   109.1750     0.0012     0.3990     0.3990     0.3990     0.4336     0.2600
   -3.1555   -30.3646     0.9569  -918.6000     0.0348     1.0387     7.3450  2155.7500   127.7300     0.0013     0.6770     0.6770     0.6770     1.2470     0.3134
   -2.7104   -34.3730     0.7680  -494.9000     0.0447     1.1651     1.1600  2867.7500    63.0650     0.0009     0.5292     0.5292     0.5292     1.4545     0.3247
   -2.8174   -31.3799     0.9219  -601.4000     0.0334     1.4764     8.2080  2233.7500    68.0300     0.0011     0.5406     0.5406     0.5406     0.8336     0.3318
   -2.1267   -31.2358     0.8310  -784.4000     0.0389     1.4001     2.6890   550.2500   169.0700     0.0006     0.2454     0.2454     0.2454     1.3839     0.1626
   -2.3684   -26.2286     0.5813  -750.4000     0.0248     1.2567     5.9340  2316.0000   138.9800     0.0011     0.7181     0.7181     0.7181     0.1234     0.2146
   -2.6960   -34.0155     0.9825    -2.1000     0.0206     1.4571     6.6320   977.0000   121.9400     0.0009     0.7696     0.7696     0.7696     1.1815     0.3958
   -3.2968   -31.3513     0.6932   -58.1000     0.0341     1.1438     1.6060  2272.7500   126.5750     0.0006     0.7828     0.7828     0.7828     1.1381     0.3651
   -2.7870   -24.6853     0.7036  -362.5000     0.0228     1.0412     3.1820  1832.7500    51.1100     0.0015     0.7643     0.7643     0.7643     0.1529     0.1069
   -3.4318   -33.9242     0.5697  -577.1000     0.0586     1.3766     9.1280  1805.2500   109.5500     0.0015     0.6814     0.6814     0.6814     0.7458     0.2059
   -3.2588   -31.4547     0.8217  -320.5000     0.0556     1.3948     8.7590  1565.5000   123.0650     0.0010     0.4434     0.4434     0.4434     0.3415     0.3644
   -2.6797   -24.0319     0.8917  -944.3000     0.0571     1.1844     8.9470  2152.2500    67.7900     0.0012     0.2056     0.2056     0.2056     0.2807     0.1522
   -2.8068   -25.4080     0.9909  -423.5000     0.0222     1.2574     2.2740  2501.5000   191.6450     0.0007     0.3293     0.3293     0.3293     1.0458     0.3731
   -2.1539   -27.6322     0.7195  -702.3000     0.0481     1.0678     9.9650  2307.5000   170.8100     0.0006     0.5166     0.5166     0.5166     0.3323     0.2592
   -2.1842   -32.8781     0.9142  -362.0000     0.0372     1.3318     0.0880  2641.0000   184.1300     0.0008     0.6368     0.6368     0.6368     0.6730     0.2238
   -2.9800   -29.5946     0.9648  -517.5000     0.0446     1.2741     6.5600  1018.0000   116.7050     0.0006     0.6692     0.6692     0.6692     0.9959     0.1697
   -3.1949   -31.5834     0.6074  -725.5000     0.0432     1.2341     9.3940   805.5000   180.3650     0.0012     0.7330     0.7330     0.7330     1.3037     0.2289
   -2.0526   -27.5178     0.7614  -252.2000     0.0411     1.2965     5.0040  2856.0000    60.2150     0.0012     0.2353     0.2353     0.2353     1.3408     0.3388
   -2.5352   -27.7631     0.9999  -949.7000     0.0531     1.0845     8.0180  2431.7500   107.7050     0.0008     0.5733     0.5733     0.5733     0.8052     0.2143
   -3.3779   -33.8659     0.6109  -431.4000     0.0324     1.4617     7.0950   691.7500    90.5750     0.0011     0.5029     0.5029     0.5029     0.9264     0.1260
   -3.2976   -32.6922     0.8006  -734.7000     0.0530     1.4819     1.2610  2519.0000    93.2150     0.0011     0.5536     0.5536     0.5536     0.6480     0.1155
   -3.0050   -33.4006     0.8225  -330.6000     0.0598     1.0896     8.5600  1889.7500   172.2050     0.0011     0.7420     0.7420     0.7420     0.4812     0.1356
   -3.4916   -28.6574     0.5761  -846.8000     0.0445     1.0197     7.2060  2754.2500   179.1950     0.0009     0.7651     0.7651     0.7651     0.9677     0.1852
   -3.1957   -28.9170     0.5030  -571.4000     0.0477     1.2530     9.7350  1218.2500   145.1300     0.0007     0.2793     0.2793     0.2793     1.2077     0.3506
   -3.4064   -24.9306     0.9682  -982.4000     0.0336     1.3579     7.5420  2594.5000   135.1700     0.0010     0.5340     0.5340     0.5340     0.4797     0.3005
   -3.0281   -31.3711     0.9839  -439.1000     0.0325     1.2948     0.3780  2761.2500    96.4550     0.0007     0.6742     0.6742     0.6742     0.1671     0.2418
   -3.0554   -26.3012     0.7042  -138.5000     0.0429     1.4716     1.5560  1690.2500   178.1450     0.0006     0.5774     0.5774     0.5774     1.2333     0.2007
   -3.4453   -30.7496     0.9947  -972.7000     0.0570     1.4692     6.7310   779.2500   109.2950     0.0011     0.6330     0.6330     0.6330     0.6862     0.1493
   -2.6552   -34.8867     0.6220  -962.5000     0.0425     1.4402     2.5010  2336.2500   182.0450     0.0014     0.5964     0.5964     0.5964     0.8658     0.2784
   -3.4467   -31.3612     0.8716  -629.5000     0.0316     1.4616     4.9430  2494.7500    67.3100     0.0013     0.3509     0.3509     0.3509     0.3174     0.3591
   -2.7618   -26.2396     0.7605  -387.7000     0.0539     1.1778     9.5650  1084.0000    95.2400     0.0010     0.2980     0.2980     0.2980     0.7503     0.2614
   -2.0087   -34.1783     0.5720  -893.4000     0.0397     1.2036     0.6210  1803.5000   163.0700     0.0010     0.6970     0.6970     0.6970     0.5343     0.2276
   -2.5583   -33.0475     0.6454  -744.6000     0.0521     1.1204     4.8210  2534.0000   177.1250     0.0006     0.3514     0.3514     0.3514     0.7534     0.3957
   -2.6037   -26.4552     0.9870  -701.1000     0.0273     1.4208     1.0390   580.7500   184.4600     0.0014     0.4254     0.4254     0.4254     1.0199     0.2449
   -3.0263   -30.6869     0.5502  -593.1000     0.0376     1.4942     7.1250  1883.2500   154.9400     0.0010     0.3317     0.3317     0.3317     1.2217     0.3007
   -2.2916   -28.2350     0.5081  -103.4000     0.0306     1.2979     1.5130  2939.5000    52.7600     0.0010     0.2273     0.2273     0.2273     1.4371     0.2996
   -3.2446   -33.9891     0.7581  -268.2000     0.0221     1.1501     3.7880  1865.7500    55.0700     0.0006     0.5632     0.5632     0.5632     1.1531     0.3285
   -2.9659   -33.9616     0.6728  -957.5000     0.0259     1.1927     4.3010   564.7500    83.0750     0.0010     0.4802     0.4802     0.4802     0.9987     0.3136
   -3.4381   -27.2087     0.8491  -901.0000     0.0432     1.4579     8.0470  2879.5000   174.5750     0.0008     0.3793     0.3793     0.3793     1.1447     0.2777
   -3.3413   -32.7989     0.8285  -589.4000     0.0366     1.0365     1.3660  2386.0000    72.6950     0.0015     0.4974     0.4974     0.4974     0.3548     0.3038
   -2.4479   -25.2562     0.8796  -313.5000     0.0531     1.3941     9.2720  2576.7500   183.2750     0.0010     0.2827     0.2827     0.2827     0.2842     0.1556
   -3.0091   -24.3949     0.5510   -49.3000     0.0281     1.4850     4.4760  2682.7500   198.5900     0.0011     0.6721     0.6721     0.6721     0.5798     0.2901
   -2.6250   -24.9416     0.9987   -98.4000     0.0387     1.4876     5.8650  1896.5000   172.6850     0.0011     0.7194     0.7194     0.7194     1.2966     0.2581
   -3.1088   -24.3894     0.7345  -201.7000     0.0207     1.3850     4.1090  2402.5000    68.0600     0.0008     0.3071     0.3071     0.3071     1.4005     0.1491
   -3.4487   -32.8737     0.7589  -538.6000     0.0493     1.0499     3.9510  2222.5000    69.1100     0.0009     0.3642     0.3642     0.3642     0.9904     0.3975
   -2.4902   -31.6109     0.5682   -37.7000     0.0455     1.1469     2.9840  1391.7500    55.8650     0.0008     0.2839     0.2839     0.2839     0.8535     0.1119
   -2.9790   -24.1749     0.9819  -317.0000     0.0345     1.1948     4.0640  1228.0000   104.3300     0.0009     0.2230     0.2230     0.2230     1.1823     0.3980
   -2.8944   -28.4517     0.6989  -393.2000     0.0587     1.2815     4.0410   615.7500    63.3950     0.0006     0.6778     0.6778     0.6778     0.6366     0.1363
   -3.1315   -26.7170     0.7547  -512.8000     0.0588     1.1334     6.1340  1570.0000    94.9250     0.0005     0.2791     0.2791     0.2791     0.1295     0.1600
   -2.3480   -33.1498     0.7845  -599.1000     0.0416     1.4138     3.2270  2026.2500   123.3800     0.0009     0.6482     0.6482     0.6482     1.1693     0.2394
   -3.4143   -25.7457     0.8986  -844.4000     0.0264     1.4795     3.7540   556.7500   123.2150     0.0009     0.7939     0.7939     0.7939     1.4097     0.3871
   -3.1749   -28.7399     0.5478  -379.9000     0.0250     1.4974     9.0300  1050.5000    87.5000     0.0014     0.6449     0.6449     0.6449     1.0625     0.3486
   -2.6311   -25.7798     0.5674  -576.5000     0.0472     1.4927     1.2080  1327.0000   156.2900     0.0006     0.3886     0.3886     0.3886     1.3176     0.2577
   -3.4889   -31.4228     0.8247  -746.3000     0.0225     1.2246     9.0920  2205.7500   150.0350     0.0014     0.4698     0.4698     0.4698     1.4800     0.1128
   -2.2586   -24.3135     0.6799  -793.5000     0.0533     1.2045     1.7490  1663.5000   124.0400     0.0006     0.7714     0.7714     0.7714     0.1368     0.3927
   -2.7266   -28.4869     0.5641  -788.8000     0.0342     1.1083     7.5940  1849.0000   177.3500     0.0015     0.2872     0.2872     0.2872     0.7230     0.3327
   -2.5720   -32.1323     0.5341  -522.4000     0.0289     1.3687     2.5230  2840.0000   150.3050     0.0007     0.4682     0.4682     0.4682     0.1084     0.3867
   -3.2637   -29.3361     0.8659  -559.7000     0.0271     1.2209     1.3140  1234.5000   142.8200     0.0012     0.2708     0.2708     0.2708     1.1714     0.1585
   -2.0379   -33.3379     0.8692  -857.5000     0.0340     1.4718     0.1060  2478.5000    71.9450     0.0009     0.7437     0.7437     0.7437     0.9477     0.2741
   -2.1485   -27.9666     0.9879  -762.5000     0.0373     1.2197     9.8920  2348.7500    61.6400     0.0013     0.2962     0.2962     0.2962     0.1358     0.2882
   -2.4966   -26.7995     0.5289  -890.5000     0.0290     1.2790     4.3340  1148.7500    82.2350     0.0007     0.4039     0.4039     0.4039     0.7703     0.1650
   -3.4981   -32.3116     0.8038  -459.5000     0.0463     1.4851     2.4700   524.5000   100.8500     0.0013     0.5203     0.5203     0.5203     0.8711     0.1919
   -2.5514   -28.8235     0.6212   -75.9000     0.0280     1.4654     0.6990  2020.2500   125.1200     0.0009     0.2748     0.2748     0.2748     0.5810     0.2186
   -2.0339   -25.8436     0.9541  -996.8000     0.0313     1.2885     8.7100  1856.2500   120.4250     0.0007     0.7049     0.7049     0.7049     0.7836     0.1420
   -2.3209   -34.5127     0.7598  -193.7000     0.0540     1.2387     0.0120  2117.2500   108.4700     0.0006     0.7423     0.7423     0.7423     0.7768     0.3369
   -3.0107   -24.1969     0.7021  -300.4000     0.0516     1.4300     1.0260  2228.2500   176.5850     0.0013     0.5941     0.5941     0.5941     0.6775     0.3540
   -2.4510   -26.6983     0.6524  -344.8000     0.0561     1.1037     7.9190  1052.2500   137.9750     0.0015     0.5517     0.5517     0.5517     1.4262     0.2868
   -2.5320   -30.8629     0.6647  -267.2000     0.0445     1.1617     3.0870   850.7500   132.6650     0.0008     0.4549     0.4549     0.4549     0.5917     0.3695
   -2.5557   -30.9333     0.5968   -37.0000     0.0582     1.4672     2.0750  1599.5000   140.4350     0.0011     0.3522     0.3522     0.3522     1.4915     0.3216
   -3.3357   -33.7988     0.9920  -383.8000     0.0464     1.3763     6.7770  1864.2500    80.0150     0.0010     0.4209     0.4209     0.4209     0.9554     0.1098
   -2.5366   -26.1197     0.6215  -502.6000     0.0349     1.3179     5.4330  1027.2500   136.2500     0.0012     0.4816     0.4816     0.4816     1.3893     0.2174
   -3.3141   -26.4805     0.7327  -652.0000     0.0250     1.2905     9.8290  2973.2500   191.1650     0.0012     0.7101     0.7101     0.7101     0.5581     0.3366
   -2.6840   -29.3295     0.9667  -665.7000     0.0306     1.1894     4.5550   865.7500   117.4550     0.0009     0.3364     0.3364     0.3364     1.3981     0.3924
   -3.1986   -32.2720     0.7365  -212.0000     0.0531     1.2240     4.5350  2730.0000    65.2700     0.0006     0.7615     0.7615     0.7615     0.4870     0.3879
   -2.0962   -33.3236     0.7304  -679.8000     0.0575     1.1848     1.9830  2138.5000   161.1050     0.0008     0.5459     0.5459     0.5459     0.5281     0.3412
   -2.0711   -25.8568     0.5890   -14.6000     0.0363     1.1355     1.7950   832.7500   163.1900     0.0010     0.4585     0.4585     0.4585     0.9004     0.1764
   -3.1726   -25.8469     0.7955  -337.6000     0.0534     1.0835     3.5730  1711.5000   105.4400     0.0009     0.3595     0.3595     0.3595     0.6174     0.3278
   -2.7447   -27.0525     0.7519  -630.8000     0.0419     1.0533     2.7690   682.5000   177.2750     0.0013     0.4147     0.4147     0.4147     0.9697     0.3722
   -2.3064   -24.2629     0.7826  -965.5000     0.0449     1.4182     9.5430  2638.7500   112.7450     0.0010     0.5485     0.5485     0.5485     0.1882     0.1206
   -2.9512   -29.2899     0.9245  -776.2000     0.0441     1.1745     7.6170  1961.2500   176.6750     0.0014     0.6912     0.6912     0.6912     0.9992     0.3664
   -3.3821   -32.0982     0.8930  -643.2000     0.0256     1.3368     9.8680  1502.7500    89.5250     0.0010     0.6867     0.6867     0.6867     0.5535     0.3353
   -2.5080   -33.1421     0.7075  -661.7000     0.0379     1.4510     7.0200  2028.0000   164.7500     0.0006     0.5564     0.5564     0.5564     1.3174     0.1693
   -2.7306   -24.0957     0.7285  -845.6000     0.0237     1.3022     2.0600  2173.7500   153.2150     0.0010     0.6879     0.6879     0.6879     0.3517     0.2268
   -2.2481   -30.0357     0.5099  -376.9000     0.0546     1.2255     9.6210  1809.2500   164.7800     0.0015     0.4463     0.4463     0.4463     1.4733     0.3245
   -3.4058   -34.4489     0.5796  -196.5000     0.0433     1.1477     8.0350  2867.2500   118.4150     0.0008     0.6052     0.6052     0.6052     0.5140     0.2046
   -3.3635   -32.7527     0.6890  -902.5000     0.0288     1.2448     6.5280   685.2500    73.2200     0.0007     0.2520     0.2520     0.2520     0.1304     0.2405
   -2.7477   -31.3843     0.9243  -746.5000     0.0315     1.2538     9.6390   538.0000   127.8650     0.0014     0.2321     0.2321     0.2321     1.1662     0.2298
   -3.1069   -34.5633     0.5337  -589.3000     0.0284     1.0991     4.3820  2315.0000    97.5800     0.0015     0.4398     0.4398     0.4398     0.9585     0.3209
   -2.6993   -27.1625     0.6006  -637.2000     0.0275     1.4807     8.3680  2443.2500   145.6550     0.0007     0.4236     0.4236     0.4236     0.6916     0.3062
   -3.2309   -32.9155     0.5994  -440.7000     0.0213     1.2107     6.9010  1120.5000    90.7700     0.0009     0.4249     0.4249     0.4249     0.3230     0.2410
   -2.1225   -30.4405     0.9393  -747.7000     0.0556     1.1902     8.8800   627.7500   162.3500     0.0012     0.7949     0.7949     0.7949     0.6891     0.1442
   -2.6040   -27.2912     0.9052  -132.5000     0.0224     1.3183     5.0520  2472.7500   133.2350     0.0014     0.5863     0.5863     0.5863     1.2490     0.2055
   -2.8434   -33.6657     0.5554  -673.3000     0.0424     1.4714     4.5060  2156.0000   184.6100     0.0007     0.4702     0.4702     0.4702     1.2133     0.3593
   -2.8874   -25.1528     0.8771  -796.8000     0.0590     1.4045     4.5440   908.5000    68.8100     0.0013     0.7381     0.7381     0.7381     0.9235     0.3101
   -2.1498   -31.2556     0.8583  -902.9000     0.0516     1.0523     7.8190  1458.7500    88.5800     0.0010     0.2698     0.2698     0.2698     0.5754     0.1323
   -2.2301   -28.0700     0.9164   -45.5000     0.0438     1.2108     7.9560  1157.0000    91.7000     0.0015     0.4131     0.4131     0.4131     0.1151     0.1657
   -2.5904   -27.8885     0.8223  -316.0000     0.0283     1.1502     6.6860  2149.2500   159.2450     0.0009     0.2679     0.2679     0.2679     0.9392     0.2601
   -3.2157   -25.5917     0.7503  -557.1000     0.0379     1.1613     1.1420   875.7500   122.6600     0.0010     0.4257     0.4257     0.4257     1.3067     0.3704
   -3.4209   -28.9137     0.6675  -578.5000     0.0293     1.0708     0.3540  2325.5000   149.7800     0.0011     0.3801     0.3801     0.3801     0.7378     0.3751
   -3.0926   -25.7237     0.7205  -148.0000     0.0261     1.3295     9.6900  2436.2500   192.4700     0.0010     0.7170     0.7170     0.7170     1.3043     0.1773
   -3.2508   -27.7532     0.9747  -787.4000     0.0396     1.4832     7.5070  1602.0000   196.8350     0.0012     0.2015     0.2015     0.2015     1.4433     0.1833
   -2.1359   -26.1065     0.6211  -320.9000     0.0516     1.0292     4.5810  1157.7500    87.7250     0.0014     0.3796     0.3796     0.3796     0.5976     0.2043
   -2.5537   -31.1654     0.9066  -162.7000     0.0319     1.2980     4.4460   969.2500   151.7600     0.0012     0.7417     0.7417     0.7417     0.5865     0.2047
   -3.2904   -34.8350     0.9184  -123.1000     0.0437     1.1507     2.8010  1394.0000    96.6500     0.0010     0.5576     0.5576     0.5576     1.2168     0.2639
   -2.8983   -24.7414     0.9262  -340.6000     0.0539     1.1575     4.7480  2957.0000    54.5750     0.0009     0.3111     0.3111     0.3111     1.4478     0.2976
   -3.3101   -26.1362     0.9012  -185.5000     0.0404     1.1041     6.2090  2232.7500    84.3650     0.0008     0.4719     0.4719     0.4719     0.7223     0.1818
   -3.2995   -31.0719     0.9923  -505.0000     0.0525     1.1912     6.2850  1331.0000   176.9900     0.0006     0.3112     0.3112     0.3112     0.7899     0.3624
   -3.4313   -32.0608     0.8343  -636.6000     0.0312     1.3976     3.5280   851.5000   184.3400     0.0014     0.6922     0.6922     0.6922     0.8991     0.1672
   -2.8053   -30.1589     0.5210   -48.9000     0.0583     1.1169     8.0080  1495.5000   179.2400     0.0012     0.5790     0.5790     0.5790     0.1364     0.1587
   -3.0812   -28.9027     0.5036   -33.0000     0.0552     1.0782     7.8880  1675.0000    60.0200     0.0010     0.6907     0.6907     0.6907     0.4410     0.3964
   -2.9174   -27.7169     0.9133  -405.6000     0.0594     1.3604     8.9070  1812.7500   112.2650     0.0014     0.6570     0.6570     0.6570     0.5932     0.3096
   -3.4870   -34.1255     0.5786  -641.7000     0.0327     1.1859     6.3200  1756.5000   105.0650     0.0007     0.3882     0.3882     0.3882     0.2943     0.3528
   -3.2590   -31.2226     0.8697  -871.7000     0.0325     1.4462     5.3770   864.7500   154.7900     0.0009     0.7352     0.7352     0.7352     0.8403     0.2554
   -2.0624   -33.5755     0.8782   -47.6000     0.0450     1.1326     4.1110  2965.0000   139.0850     0.0011     0.2363     0.2363     0.2363     0.2168     0.1907
   -3.4166   -29.2701     0.5651  -910.2000     0.0323     1.1214     5.7600  1712.0000   185.4650     0.0015     0.2803     0.2803     0.2803     0.5432     0.3078
   -2.0560   -34.6161     0.5664  -352.5000     0.0412     1.0536     1.1200  1601.5000   118.0250     0.0012     0.5313     0.5313     0.5313     0.9238     0.3321
   -2.2965   -25.0450     0.7471  -188.2000     0.0549     1.1831     7.3910  2404.2500   102.8900     0.0013     0.4625     0.4625     0.4625     0.1897     0.1517
   -3.4883   -30.5802     0.8875  -108.5000     0.0560     1.4643     2.5850  1197.5000   131.2400     0.0009     0.3904     0.3904     0.3904     0.5540     0.2393
   -3.1406   -27.0316     0.6445  -976.7000     0.0318     1.1021     6.5380   915.2500   105.2300     0.0008     0.5550     0.5550     0.5550     1.3288     0.3616
   -2.5362   -27.9083     0.5245  -258.2000     0.0388     1.4565     6.3270  1602.7500    58.9250     0.0009     0.6129     0.6129     0.6129     1.2785     0.3903
   -2.1633   -24.4356     0.7128  -809.2000     0.0207     1.1092     5.7710  1790.7500    66.7700     0.0007     0.6176     0.6176     0.6176     0.3806     0.1498
   -2.4202   -31.9651     0.7120  -861.5000     0.0471     1.4372     7.0890  1720.5000   164.1200     0.0009     0.4072     0.4072     0.4072     0.7405     0.3282
   -2.6381   -25.5884     0.9449   -29.9000     0.0593     1.2482     2.2590  2605.7500   154.0400     0.0009     0.7061     0.7061     0.7061     1.3995     0.2471
   -3.2698   -33.9836     0.9294  -899.3000     0.0268     1.3386     9.4580  1834.7500   183.4250     0.0007     0.4744     0.4744     0.4744     0.9512     0.3705
   -2.9972   -32.6317     0.5498  -229.9000     0.0472     1.1240     3.6290   795.2500    50.8250     0.0014     0.7262     0.7262     0.7262     0.4139     0.2004
   -3.3209   -24.4686     0.6413   -30.6000     0.0488     1.0389     9.8060  1375.2500   108.8300     0.0012     0.3930     0.3930     0.3930     0.1185     0.1473
   -3.4707   -31.6802     0.7850  -228.4000     0.0503     1.1094     8.4130   539.5000    78.4550     0.0013     0.2046     0.2046     0.2046     0.3247     0.3974
   -3.4298   -29.8509     0.6731  -435.7000     0.0212     1.3015     3.1030  2212.0000   187.5650     0.0009     0.7881     0.7881     0.7881     0.3199     0.3426
   -2.3152   -25.2507     0.9864  -874.0000     0.0381     1.4455     4.7830   513.2500    60.1550     0.0011     0.4903     0.4903     0.4903     0.2177     0.2763
   -2.3102   -33.5986     0.6101  -932.1000     0.0566     1.4055     1.3670  2094.7500   190.4750     0.0015     0.6351     0.6351     0.6351     1.2406     0.1082
   -3.3731   -25.5268     0.8392   -60.6000     0.0525     1.3357     6.6730   836.7500   143.7500     0.0005     0.2796     0.2796     0.2796     0.7609     0.1074
   -2.5812   -31.9321     0.6505  -983.7000     0.0383     1.0603     4.3290  1200.5000    61.0250     0.0005     0.6424     0.6424     0.6424     0.1682     0.3718
   -3.0726   -29.9411     0.9076  -566.0000     0.0205     1.3110     6.0200  1722.7500    59.3750     0.0008     0.3217     0.3217     0.3217     0.9540     0.1819
   -3.0610   -25.6456     0.5525  -599.5000     0.0552     1.3965     8.9600  2357.7500   190.1450     0.0009     0.6202     0.6202     0.6202     0.3106     0.1937
   -3.3876   -26.9865     0.7468   -31.9000     0.0252     1.0069     7.8920  2537.7500   104.2850     0.0005     0.3555     0.3555     0.3555     1.3323     0.3420
   -3.4133   -30.8783     0.8308  -367.0000     0.0456     1.2491     9.4860   651.2500   131.3750     0.0008     0.6901     0.6901     0.6901     0.8168     0.3935
   -3.3559   -29.5484     0.6018  -111.5000     0.0264     1.0580     7.6320  1246.0000   173.7800     0.0011     0.4412     0.4412     0.4412     0.7936     0.2220
   -2.8750   -30.6825     0.9040  -587.7000     0.0374     1.4290     2.0100   861.7500   182.4050     0.0008     0.4773     0.4773     0.4773     0.9716     0.2149
   -2.8373   -34.7217     0.9457  -908.1000     0.0475     1.4421     9.6640   519.0000   106.4000     0.0012     0.4087     0.4087     0.4087     1.3522     0.1347
   -3.0417   -34.3356     0.6334  -567.4000     0.0419     1.2937     0.2690  2553.5000    57.6350     0.0014     0.6377     0.6377     0.6377     1.3285     0.3011
   -3.2325   -28.6827     0.8397  -115.9000     0.0576     1.1771     3.0130  1841.5000   197.5550     0.0006     0.4700     0.4700     0.4700     1.1548     0.2214
   -2.2358   -27.3671     0.7026  -487.0000     0.0226     1.0156     7.1760  1855.2500    82.9700     0.0007     0.5233     0.5233     0.5233     1.0806     0.1742
   -2.6066   -31.3568     0.7729  -785.4000     0.0524     1.4406     0.9930  1301.0000   166.3550     0.0015     0.3343     0.3343     0.3343     0.9196     0.2713
   -2.7672   -25.2474     0.7404  -287.3000     0.0275     1.0202     5.6650  2167.7500    54.5000     0.0006     0.3931     0.3931     0.3931     1.2197     0.3789
   -2.4114   -25.4014     0.7024  -180.5000     0.0464     1.4916     5.1210  1743.7500   186.3500     0.0010     0.3936     0.3936     0.3936     0.7156     0.2496
   -2.2146   -27.4122     0.8103  -919.5000     0.0475     1.2006     8.8760  2933.0000   107.7800     0.0014     0.3214     0.3214     0.3214     0.6135     0.3555
   -2.8753   -30.8860     0.9898  -372.2000     0.0447     1.1835     8.2510  1836.2500   165.5750     0.0009     0.3506     0.3506     0.3506     0.2889     0.2682
   -2.5871   -33.3907     0.8951  -670.0000     0.0297     1.3414     9.8710  1413.7500    85.2950     0.0007     0.6194     0.6194     0.6194     0.3709     0.3201
   -2.6909   -34.0826     0.6207  -168.3000     0.0549     1.1397     9.4790  1666.7500   144.9500     0.0011     0.6978     0.6978     0.6978     0.1323     0.1633
   -2.6586   -33.4149     0.7863  -189.3000     0.0545     1.4918     0.3530  1920.0000    98.4650     0.0006     0.5778     0.5778     0.5778     1.2684     0.3676
   -2.3921   -28.5496     0.5409  -522.3000     0.0300     1.4780     2.8060   708.5000   153.1100     0.0008     0.4690     0.4690     0.4690     0.8449     0.3381
   -3.4946   -30.1622     0.9850  -921.7000     0.0409     1.3537     3.5510  1061.5000   120.3200     0.0006     0.3890     0.3890     0.3890     1.3477     0.3850
   -3.2530   -27.7686     0.7098   -77.9000     0.0249     1.3798     6.9170  2002.2500   110.1200     0.0014     0.6607     0.6607     0.6607     0.1994     0.3955
   -2.5221   -32.7043     0.8245  -112.3000     0.0451     1.4959     2.9810  2620.2500   142.0250     0.0006     0.5377     0.5377     0.5377     0.5096     0.3103
   -3.4125   -34.4038     0.8426  -969.3000     0.0239     1.2469     1.3780  1504.2500   114.9950     0.0005     0.2467     0.2467     0.2467     0.9973     0.3498
   -2.7500   -31.6340     0.6902  -628.9000     0.0315     1.3468     6.5020   716.0000   121.1000     0.0013     0.6393     0.6393     0.6393     0.8979     0.2286
   -2.7335   -24.7755     0.8977  -305.4000     0.0533     1.1425     2.8190  1135.7500    84.5750     0.0005     0.2041     0.2041     0.2041     1.3922     0.3444
   -2.9072   -26.9986     0.8902  -790.5000     0.0277     1.2200     5.5450  1652.7500   198.3950     0.0007     0.5828     0.5828     0.5828     0.5728     0.2961
   -3.1677   -27.7994     0.9372  -981.4000     0.0462     1.0626     4.8400  2047.2500    99.1550     0.0009     0.7654     0.7654     0.7654     0.1147     0.1207
   -3.0329   -26.4035     0.8068  -955.3000     0.0387     1.4298     5.7060  1530.2500   148.0550     0.0005     0.2399     0.2399     0.2399     1.3750     0.1001
   -3.1001   -28.4209     0.6657  -100.7000     0.0519     1.4368     6.8670  2643.5000    56.4350     0.0006     0.2059     0.2059     0.2059     1.1567     0.1793
   -2.6135   -33.4919     0.9829  -358.1000     0.0444     1.4185     6.7580  2154.0000   156.0050     0.0005     0.7794     0.7794     0.7794     0.5355     0.1755
   -3.1547   -28.8917     0.8045  -103.9000     0.0316     1.2810     2.7110  1014.7500   180.8450     0.0013     0.6787     0.6787     0.6787     1.4126     0.3079
   -2.7582   -25.9844     0.8258  -227.3000     0.0259     1.3997     6.4380   829.7500   168.2150     0.0012     0.7603     0.7603     0.7603     0.3867     0.2194
   -3.4478   -33.6107     0.5328  -235.9000     0.0431     1.0168     4.2700  2017.0000   144.9650     0.0006     0.5262     0.5262     0.5262     0.4223     0.2473
   -2.3978   -27.3748     0.7332  -338.9000     0.0556     1.1957     3.6680   750.2500   109.7000     0.0013     0.2440     0.2440     0.2440     0.8367     0.2691
   -3.3921   -30.7837     0.6186  -709.8000     0.0363     1.4347     9.5100   734.7500   187.3550     0.0011     0.3249     0.3249     0.3249     0.9019     0.1344
   -2.4082   -30.7980     0.6685  -363.4000     0.0226     1.3864     2.9100  2873.0000   176.4350     0.0014     0.6628     0.6628     0.6628     0.9707     0.3122
   -2.1582   -26.8710     0.7004  -654.1000     0.0391     1.1833     6.8890  2230.7500    74.5700     0.0009     0.5027     0.5027     0.5027     1.1251     0.1056
   -2.6141   -28.9280     0.7708  -773.9000     0.0555     1.0585     1.2660  1835.2500   154.4150     0.0008     0.4552     0.4552     0.4552     0.3418     0.2868
   -3.2837   -26.8424     0.9018  -136.6000     0.0589     1.3409     3.6330  1472.2500    78.3650     0.0015     0.7268     0.7268     0.7268     0.8998     0.1680
   -3.4742   -32.2731     0.6875  -866.4000     0.0258     1.3072     7.7440   531.7500   130.5050     0.0005     0.3426     0.3426     0.3426     0.8120     0.2660
   -2.8211   -30.3448     0.7839  -820.4000     0.0523     1.0763     6.1400  1705.5000   129.9500     0.0012     0.7099     0.7099     0.7099     0.4907     0.2782
   -2.5339   -33.3071     0.9981  -948.7000     0.0353     1.2713     6.0210  1482.0000   191.5250     0.0014     0.4815     0.4815     0.4815     1.4304     0.1933
   -2.9645   -33.4259     0.5543  -341.4000     0.0412     1.2616     0.4380  1285.0000   130.4750     0.0010     0.4471     0.4471     0.4471     1.1573     0.3561
   -2.4212   -29.9378     0.6828  -131.6000     0.0365     1.4546     7.6230   600.5000   195.8750     0.0006     0.2457     0.2457     0.2457     1.0461     0.3575
   -2.9024   -31.2292     0.9390   -68.6000     0.0386     1.4344     6.7620   712.0000    68.5550     0.0013     0.7062     0.7062     0.7062     0.6802     0.3204
   -2.6629   -34.1805     0.6522   -48.6000     0.0355     1.1062     3.4920  2609.2500   174.3650     0.0009     0.4762     0.4762     0.4762     1.0682     0.2400
   -3.4249   -34.3840     0.7788  -770.9000     0.0573     1.2093     1.5290  2646.2500   109.4000     0.0015     0.2829     0.2829     0.2829     1.1991     0.3834
   -2.8870   -34.6876     0.9701  -695.4000     0.0526     1.4927     9.3930  2458.2500   100.1150     0.0009     0.5518     0.5518     0.5518     1.3898     0.3790
   -3.2664   -25.0076     0.7362  -205.5000     0.0573     1.1787     4.3100   946.7500   113.2250     0.0014     0.2902     0.2902     0.2902     1.4507     0.2052
   -2.4285   -33.9847     0.9631  -323.0000     0.0415     1.2296     1.1270  2401.5000   104.0750     0.0011     0.7941     0.7941     0.7941     0.6382     0.1622
   -2.1837   -27.6267     0.5069  -127.8000     0.0556     1.3821     7.3160   508.0000    64.1450     0.0011     0.6051     0.6051     0.6051     0.9912     0.1587
   -2.7725   -32.2181     0.6499  -501.6000     0.0493     1.0297     2.0240  2040.7500    69.2150     0.0007     0.5784     0.5784     0.5784     0.6494     0.1389
   -2.2316   -33.7592     0.8315   -64.2000     0.0387     1.3786     2.3180  2462.0000    99.9350     0.0006     0.4141     0.4141     0.4141     0.1560     0.1422
   -2.8898   -25.8249     0.7042  -650.7000     0.0529     1.2996     4.3890  2370.7500   165.0650     0.0012     0.5452     0.5452     0.5452     1.1430     0.1014
   -3.2702   -29.6155     0.5456  -292.8000     0.0586     1.1050     8.9640   565.2500    63.1100     0.0009     0.6712     0.6712     0.6712     1.4399     0.2613
   -2.7222   -27.6707     0.5555  -474.0000     0.0356     1.3533     4.1910  1619.5000    57.1850     0.0009     0.6682     0.6682     0.6682     0.9280     0.2753
   -2.1812   -32.0751     0.7692  -952.0000     0.0237     1.4757     5.0430  1423.5000    77.5550     0.0011     0.6897     0.6897     0.6897     1.3107     0.2111
   -2.4587   -31.3139     0.8942  -814.9000     0.0305     1.1301     7.8600  2166.5000    97.3700     0.0012     0.4860     0.4860     0.4860     1.0691     0.2359
   -3.2083   -28.6563     0.7291  -761.0000     0.0286     1.0922     9.2250  1193.0000   181.2800     0.0006     0.5614     0.5614     0.5614     1.3964     0.2834
   -2.3750   -27.2615     0.6410  -789.3000     0.0516     1.3979     3.4720   555.5000   178.0700     0.0009     0.3940     0.3940     0.3940     1.2274     0.2026
   -2.7062   -24.3685     0.9024  -897.3000     0.0516     1.0055     6.6290   638.7500   134.4350     0.0014     0.3526     0.3526     0.3526     0.5455     0.2445
   -2.9570   -33.4985     0.9848   -90.0000     0.0553     1.3737     8.7290  1772.7500   137.6600     0.0005     0.4429     0.4429     0.4429     1.1921     0.3638
   -2.3174   -25.0813     0.8370  -515.9000     0.0374     1.4615     8.2880  2918.7500   197.4500     0.0012     0.5439     0.5439     0.5439     0.6096     0.1639
   -2.0168   -30.7771     0.8669  -258.4000     0.0597     1.0838     5.2370  1849.2500    77.1950     0.0014     0.5959     0.5959     0.5959     0.3775     0.3098
   -2.8929   -34.0177     0.8563  -586.6000     0.0428     1.1271     3.0760  2372.2500   164.6750     0.0006     0.6074     0.6074     0.6074     0.5998     0.1314
   -2.1103   -32.3380     0.5304  -797.4000     0.0330     1.3419     4.8860  2071.5000   129.2300     0.0010     0.6424     0.6424     0.6424     1.0205     0.2101
   -2.7168   -30.7067     0.8475  -303.5000     0.0424     1.2713     1.6150  2155.0000   157.3850     0.0009     0.3699     0.3699     0.3699     0.3481     0.2408
   -2.2796   -26.5608     0.7273  -248.9000     0.0393     1.2753     7.8300   832.2500   198.5000     0.0013     0.4812     0.4812     0.4812     1.4738     0.2084
   -3.3003   -32.6691     0.7259  -634.6000     0.0406     1.1798     8.6580  2877.7500    64.2500     0.0011     0.3881     0.3881     0.3881     0.7485     0.2054
   -2.1012   -26.9238     0.5549  -825.1000     0.0569     1.3919     2.8650  2444.0000   152.7650     0.0015     0.2031     0.2031     0.2031     0.9890     0.2744
   -2.9978   -27.1812     0.5430  -153.0000     0.0318     1.3226     1.4820  1508.0000   149.8850     0.0006     0.6589     0.6589     0.6589     0.5182     0.3889
   -3.3715   -30.9443     0.8161  -748.8000     0.0323     1.3715     3.0190   716.7500    85.4600     0.0012     0.3558     0.3558     0.3558     1.2096     0.2749
   -2.3220   -31.8210     0.8737  -647.7000     0.0337     1.3548     6.2900   677.0000    96.6500     0.0012     0.3349     0.3349     0.3349     0.9789     0.2072
   -2.6654   -24.7700     0.7283  -861.9000     0.0305     1.2338     2.5930   877.0000   112.4900     0.0005     0.3566     0.3566     0.3566     0.6363     0.2486
   -3.0829   -24.7029     0.6885  -794.9000     0.0411     1.4647     9.5280   803.2500    92.3150     0.0006     0.6706     0.6706     0.6706     0.2511     0.2324
   -3.1682   -29.2932     0.5806  -728.4000     0.0312     1.2346     9.3650  1484.2500   171.3950     0.0010     0.3636     0.3636     0.3636     1.0688     0.1459
   -2.4030   -30.0291     0.8192  -548.1000     0.0454     1.4554     1.7260  1407.2500    74.0300     0.0008     0.4516     0.4516     0.4516     0.8652     0.3802
   -2.4043   -34.4247     0.6105  -433.0000     0.0238     1.4100     6.5630  2180.7500   193.4750     0.0006     0.4777     0.4777     0.4777     0.4486     0.1153
   -3.1669   -26.8677     0.8747  -476.6000     0.0388     1.4430     0.8110  2714.5000   110.2400     0.0012     0.7588     0.7588     0.7588     0.8371     0.2607
   -2.0915   -28.6255     0.9989  -424.3000     0.0255     1.3565     7.3800  1240.7500   145.4750     0.0008     0.5923     0.5923     0.5923     0.1501     0.2159
   -3.3304   -31.2787     0.7047    -0.7000     0.0449     1.4387     2.4870  1308.0000    86.2550     0.0005     0.2812     0.2812     0.2812     1.1697     0.2599
   -3.4966   -28.6475     0.6263  -539.7000     0.0596     1.2465     3.2000  1408.5000   151.3550     0.0011     0.6298     0.6298     0.6298     1.4966     0.3407
   -2.0793   -30.8255     0.7792  -880.5000     0.0238     1.1288     2.1340  1328.7500   130.7900     0.0015     0.4915     0.4915     0.4915     0.1139     0.2399
   -2.1075   -29.6507     0.7841  -202.2000     0.0259     1.4019     7.7470  1316.7500    84.4250     0.0008     0.6130     0.6130     0.6130     1.0800     0.3086
   -2.1574   -30.4471     0.8524  -499.3000     0.0327     1.4484     2.6000   644.0000    72.9950     0.0009     0.7947     0.7947     0.7947     1.1034     0.3998
   -2.1395   -30.8684     0.5542   -71.1000     0.0581     1.0007     1.2200  2080.5000   158.4950     0.0008     0.5898     0.5898     0.5898     0.2212     0.3048
   -2.2506   -34.5501     0.6183  -989.0000     0.0407     1.1437     5.2930  2264.0000    84.7400     0.0013     0.2452     0.2452     0.2452     0.2928     0.2819
   -3.2389   -32.0278     0.5608  -260.5000     0.0444     1.0681     7.1160  1398.2500    93.7100     0.0013     0.7589     0.7589     0.7589     1.2722     0.2442
   -2.6966   -24.6864     0.9078  -288.0000     0.0357     1.1379     2.0840   960.7500   178.5200     0.0009     0.4563     0.4563     0.4563     0.2068     0.3257
   -2.3150   -26.5927     0.6444  -449.0000     0.0522     1.3416     6.7500  2652.5000   112.5650     0.0006     0.5170     0.5170     0.5170     0.8769     0.3519
   -2.5766   -30.2667     0.9237  -368.4000     0.0278     1.3452     0.4270  1137.2500   141.3950     0.0015     0.6615     0.6615     0.6615     0.7506     0.2282
   -2.1288   -24.7073     0.8649  -455.4000     0.0292     1.1305     1.3020  2853.2500   106.1300     0.0013     0.2707     0.2707     0.2707     0.1815     0.2104
   -2.5490   -24.4312     0.5320   -11.3000     0.0344     1.2756     5.0480  1787.7500   181.8500     0.0011     0.2620     0.2620     0.2620     0.2081     0.1219
   -2.3342   -27.7785     0.9424  -316.2000     0.0469     1.0473     1.4190  2783.5000   181.3850     0.0010     0.5266     0.5266     0.5266     0.4464     0.1843
   -2.7016   -32.2852     0.6237   -76.6000     0.0503     1.0844     0.2120  1345.0000   165.9950     0.0013     0.4468     0.4468     0.4468     0.8718     0.1354
   -2.4813   -34.4324     0.6697  -949.2000     0.0561     1.0936     7.3350   628.5000    50.7500     0.0006     0.4961     0.4961     0.4961     0.6165     0.3124
   -2.9897   -30.7188     0.8090  -890.2000     0.0328     1.4499     9.4090  1710.7500   188.4500     0.0010     0.7681     0.7681     0.7681     0.7943     0.1499
   -2.3716   -27.8907     0.6301  -329.3000     0.0264     1.1656     9.6360  1683.5000    92.8850     0.0013     0.4630     0.4630     0.4630     1.1594     0.3237
   -2.3987   -26.5894     0.7996  -776.8000     0.0544     1.0419     6.1780  2148.0000    92.8400     0.0014     0.2017     0.2017     0.2017     0.6268     0.2775
   -2.6077   -26.0966     0.9517  -789.3000     0.0368     1.3127     6.9900  1339.5000    88.2500     0.0010     0.7590     0.7590     0.7590     0.5444     0.1660
   -3.1484   -32.7747     0.7610  -779.0000     0.0346     1.2132     0.5170  1789.0000   158.2100     0.0008     0.6703     0.6703     0.6703     1.1017     0.2019
   -2.0603   -32.2170     0.8483  -328.8000     0.0249     1.3330     0.1030   848.7500   190.6100     0.0007     0.2168     0.2168     0.2168     1.3355     0.3812
   -2.0097   -31.6769     0.6480  -739.3000     0.0229     1.2585     0.6850  2824.0000   143.0600     0.0006     0.2132     0.2132     0.2132     0.8080     0.1109
   -2.5724   -30.0192     0.9388   -53.1000     0.0430     1.4160     4.6560  2612.7500    88.6850     0.0014     0.3859     0.3859     0.3859     1.2441     0.3294
   -3.0386   -34.0694     0.7010  -594.3000     0.0327     1.1765     7.2850  2907.0000    67.2050     0.0013     0.6379     0.6379     0.6379     1.0387     0.3893
   -2.3679   -32.9419     0.5125  -174.2000     0.0205     1.4944     0.6920   640.7500   110.6900     0.0010     0.6120     0.6120     0.6120     0.8553     0.1244
   -2.2793   -30.7892     0.6411  -171.3000     0.0535     1.3618     8.6480   648.7500   186.2900     0.0009     0.5659     0.5659     0.5659     0.7203     0.2298
   -2.6193   -30.1105     0.8695   -88.6000     0.0208     1.1465     4.6710  1239.2500   169.8200     0.0012     0.3512     0.3512     0.3512     0.1102     0.2698
   -2.4808   -29.2580     0.7752  -536.8000     0.0351     1.3350     2.5450  2668.5000   148.0250     0.0005     0.7525     0.7525     0.7525     0.1865     0.3763
   -2.3600   -24.6578     0.9255  -633.1000     0.0461     1.0940     9.1620  1094.2500   142.9850     0.0005     0.4774     0.4774     0.4774     0.4241     0.3311
   -3.1734   -33.3599     0.5981  -342.2000     0.0442     1.1240     5.8620  2976.7500    54.0800     0.0012     0.4952     0.4952     0.4952     1.3557     0.1968
   -3.4579   -34.3147     0.5285  -753.9000     0.0326     1.0693     7.9350   988.2500   188.2250     0.0011     0.4299     0.4299     0.4299     0.8164     0.2615
   -3.1940   -24.7172     0.6662  -493.0000     0.0215     1.0570     8.5870   837.5000   123.8300     0.0014     0.5085     0.5085     0.5085     1.1087     0.2810
   -3.3575   -31.0213     0.8643  -892.9000     0.0285     1.0790     4.6630   978.2500   181.4300     0.0009     0.5308     0.5308     0.5308     0.1452     0.2041
   -2.7005   -25.2969     0.9227  -596.0000     0.0434     1.1449     7.3670   604.5000   175.2350     0.0011     0.5788     0.5788     0.5788     0.5056     0.1200
   -2.6247   -28.1470     0.6894  -683.8000     0.0542     1.2829     6.8590  1823.2500   153.2900     0.0009     0.7392     0.7392     0.7392     0.5262     0.1924
   -3.1740   -26.7522     0.9934  -471.5000     0.0576     1.2652     0.7240   505.5000    50.6600     0.0007     0.2702     0.2702     0.2702     1.3729     0.3008
   -3.4423   -30.7595     0.8261  -766.1000     0.0450     1.0381     6.8260  2195.5000   175.9700     0.0014     0.7259     0.7259     0.7259     0.5206     0.2748
   -2.5406   -34.8768     0.9677  -988.6000     0.0508     1.4837     1.7560  2452.0000   190.9250     0.0013     0.4387     0.4387     0.4387     1.0587     0.2712
   -3.3334   -25.7215     0.7092  -497.0000     0.0246     1.0594     3.2960  1336.0000    73.8200     0.0009     0.2590     0.2590     0.2590     0.4067     0.3748
   -2.7346   -32.4964     0.8158  -923.2000     0.0520     1.4026     6.0050  1567.2500    62.3150     0.0008     0.3055     0.3055     0.3055     0.2264     0.1883
   -2.1477   -29.0424     0.5969  -353.8000     0.0497     1.1776     9.6000  2485.2500    76.7150     0.0013     0.3099     0.3099     0.3099     0.8132     0.1561
   -3.1847   -31.4151     0.8254  -480.8000     0.0535     1.2578     5.1190  2207.2500   125.1800     0.0012     0.6046     0.6046     0.6046     0.7191     0.3105
   -2.3201   -29.2448     0.5452  -187.2000     0.0286     1.4884     5.7560  2897.7500   133.4300     0.0009     0.4195     0.4195     0.4195     0.4819     0.2569
   -3.3584   -28.0040     0.6120  -349.6000     0.0309     1.2103     1.7360  2093.7500   123.7400     0.0011     0.2867     0.2867     0.2867     0.9662     0.2746
   -2.8273   -24.4653     0.5079  -365.3000     0.0478     1.3733     1.3520   570.7500   168.3500     0.0011     0.3444     0.3444     0.3444     1.3401     0.1495
   -2.9240   -34.5006     0.7771  -156.4000     0.0476     1.4196     3.7500   591.5000    86.1500     0.0013     0.6245     0.6245     0.6245     1.0415     0.1717
   -3.3281   -33.7911     0.8845  -448.3000     0.0587     1.3508     1.1630   639.2500    80.2550     0.0014     0.4885     0.4885     0.4885     0.7724     0.3714
   -3.3418   -28.7443     0.9108  -110.5000     0.0226     1.3483     3.3710  1898.2500    60.6950     0.0013     0.3876     0.3876     0.3876     1.2011     0.2645
   -2.8202   -26.5168     0.6143  -471.3000     0.0415     1.0264     5.1270  2469.7500   124.2050     0.0011     0.4650     0.4650     0.4650     1.4516     0.1621
   -3.1925   -31.2479     0.8062   -39.9000     0.0372     1.2336     6.1720  2475.2500   116.2850     0.0011     0.3284     0.3284     0.3284     0.2655     0.2598
   -2.0259   -34.3290     0.5929  -512.3000     0.0591     1.3411     5.2850   787.7500   190.7300     0.0005     0.6699     0.6699     0.6699     1.2648     0.2558
   -2.3127   -32.0311     0.9434  -201.4000     0.0497     1.0829     8.2690  1298.7500   159.1850     0.0012     0.5536     0.5536     0.5536     0.3719     0.1741
   -2.2163   -32.5349     0.5162    -8.0000     0.0300     1.0334     3.1900  2465.0000   145.5500     0.0014     0.4189     0.4189     0.4189     0.8197     0.1318
   -3.1508   -34.7107     0.9472   -43.1000     0.0509     1.4839     3.7650  1287.7500   125.2700     0.0014     0.4663     0.4663     0.4663     0.3318     0.3190
   -2.7731   -29.4857     0.6987  -256.5000     0.0348     1.2340     2.3700  2260.7500   111.1100     0.0012     0.3685     0.3685     0.3685     1.1737     0.2951
   -2.6087   -28.0502     0.9573  -266.7000     0.0224     1.1810     8.9860  1523.0000   149.3600     0.0007     0.5434     0.5434     0.5434     1.4493     0.1837
   -2.7239   -33.5227     0.6861  -300.0000     0.0272     1.0216     9.5830  2254.2500   187.8050     0.0013     0.3234     0.3234     0.3234     0.8015     0.2422
   -2.4005   -33.2983     0.5488  -508.3000     0.0316     1.0744     7.7900  1369.0000    66.1400     0.0008     0.2136     0.2136     0.2136     0.1132     0.1084
   -2.9215   -30.1039     0.5660  -937.1000     0.0225     1.3720     1.0080  1469.7500    50.1800     0.0012     0.4914     0.4914     0.4914     1.4553     0.3671
   -2.3198   -27.0932     0.9718  -601.7000     0.0461     1.3674     5.4230  2484.7500    53.7500     0.0012     0.2428     0.2428     0.2428     0.8610     0.2921
   -3.4779   -27.1471     0.6832   -92.8000     0.0274     1.3725     8.9540  1154.7500   144.8600     0.0014     0.4974     0.4974     0.4974     1.3684     0.3482
   -3.1709   -29.7761     0.8174  -106.4000     0.0462     1.3593     8.6240  2160.0000   122.0150     0.0006     0.2998     0.2998     0.2998     1.2782     0.1407
   -2.8571   -31.8947     0.6785  -700.4000     0.0519     1.4123     5.2500  2549.0000   161.4050     0.0011     0.4170     0.4170     0.4170     0.1199     0.1844
   -2.5450   -29.2976     0.7311  -155.8000     0.0278     1.2632     7.5010  1994.2500    78.5150     0.0006     0.2755     0.2755     0.2755     0.4555     0.3031
   -3.2067   -32.2456     0.5660  -671.7000     0.0540     1.2842     3.0340  1105.2500   168.0350     0.0013     0.2989     0.2989     0.2989     0.8987     0.2246
   -2.2094   -33.8791     0.8878  -167.4000     0.0212     1.4148     2.8730  2806.7500    92.9750     0.0009     0.2169     0.2169     0.2169     1.0736     0.2017
   -2.4095   -32.3171     0.8887  -577.9000     0.0300     1.2293     4.6070  1030.5000    95.7500     0.0012     0.4673     0.4673     0.4673     0.7731     0.2283
   -2.0288   -31.2512     0.5144  -809.7000     0.0383     1.2415     1.6640  2231.2500   162.1850     0.0009     0.6942     0.6942     0.6942     0.7744     0.3581
   -2.4688   -28.1195     0.6936   -91.8000     0.0284     1.0354     9.4300  2098.2500   181.4600     0.0013     0.6189     0.6189     0.6189     0.4692     0.2366
   -3.3968   -25.7347     0.7888  -819.4000     0.0533     1.2651     6.3750  1640.2500   133.6400     0.0014     0.6536     0.6536     0.6536     0.9130     0.2166
   -2.7180   -33.2092     0.6080  -666.6000     0.0356     1.0594     3.0230  2824.5000   139.4450     0.0010     0.7008     0.7008     0.7008     1.1856     0.3280
   -2.3138   -29.3823     0.8452  -161.1000     0.0230     1.0938     7.7040  1068.5000   144.7250     0.0014     0.4797     0.4797     0.4797     1.0828     0.3793
   -3.2543   -33.9187     0.9808  -457.0000     0.0528     1.4674     3.2170  1918.7500   137.8250     0.0009     0.3723     0.3723     0.3723     0.9702     0.3398
   -2.2807   -28.8356     0.9771  -928.9000     0.0467     1.3816     1.0460  1561.2500   107.6600     0.0007     0.6279     0.6279     0.6279     1.3508     0.1592
   -3.0745   -25.1352     0.5816  -369.2000     0.0288     1.0877     2.4830  2252.0000    82.3400     0.0013     0.2275     0.2275     0.2275     0.1703     0.1770
   -2.2104   -29.1788     0.9153  -758.3000     0.0533     1.4781     3.3600   552.0000    52.8650     0.0014     0.5679     0.5679     0.5679     1.0128     0.2654
   -3.0488   -29.0490     0.7813  -814.4000     0.0206     1.3973     0.0490  2079.2500   192.5750     0.0012     0.7503     0.7503     0.7503     0.6141     0.2687
   -2.3459   -34.8823     0.7240  -642.2000     0.0473     1.4486     5.5730  2771.0000    60.1550     0.0005     0.7890     0.7890     0.7890     0.3325     0.2857
   -2.1328   -32.1697     0.5027  -925.1000     0.0398     1.0305     5.6200  1344.2500   138.7700     0.0010     0.6939     0.6939     0.6939     0.2415     0.3070
   -2.0878   -26.7236     0.9859  -326.5000     0.0530     1.2418     5.9430  1087.5000   153.9500     0.0007     0.7443     0.7443     0.7443     0.7181     0.3981
   -2.5011   -27.2769     0.8061  -556.9000     0.0448     1.2455     7.1520  1609.2500   140.7350     0.0010     0.7071     0.7071     0.7071     1.3341     0.2627
   -3.0248   -29.3416     0.5705  -845.3000     0.0481     1.2609     6.7870  2900.7500    76.7000     0.0015     0.5334     0.5334     0.5334     0.5666     0.2704
   -3.2717   -25.0670     0.9192  -145.5000     0.0478     1.0159     6.3560  2318.7500   136.3250     0.0007     0.7349     0.7349     0.7349     1.1283     0.2112
   -3.0054   -24.1419     0.6748  -901.5000     0.0308     1.2441     7.1770  1363.5000   174.7400     0.0012     0.6669     0.6669     0.6669     1.4667     0.3524
   -3.0320   -33.5942     0.5143  -499.6000     0.0583     1.4720     8.6660   967.2500    91.4300     0.0013     0.3966     0.3966     0.3966     1.1688     0.3633
   -2.2310   -29.5176     0.8840  -916.2000     0.0269     1.4733     0.1350   869.0000   126.2750     0.0006     0.3627     0.3627     0.3627     0.1410     0.2535
   -2.0468   -24.3828     0.8442   -19.7000     0.0440     1.3598     6.6480  1607.2500    68.6900     0.0011     0.7180     0.7180     0.7180     0.5438     0.2233
   -3.2684   -25.6940     0.8221  -293.2000     0.0375     1.1332     2.8340  2494.0000    94.5350     0.0010     0.6330     0.6330     0.6330     0.2978     0.1631
   -3.2909   -29.1282     0.7237  -227.6000     0.0274     1.3762     1.6770  1468.0000   118.9250     0.0008     0.2120     0.2120     0.2120     1.0960     0.1156
   -2.1193   -30.0445     0.6903   -83.3000     0.0507     1.4735     6.6440  2766.7500   132.6050     0.0007     0.2889     0.2889     0.2889     0.7889     0.3396
   -2.6787   -25.3596     0.7802  -950.3000     0.0272     1.4738     0.8350  1868.2500    96.9650     0.0014     0.7875     0.7875     0.7875     0.8924     0.2326
   -2.4740   -30.4911     0.7324  -775.5000     0.0308     1.1108     2.3100  2107.0000   151.4750     0.0008     0.5795     0.5795     0.5795     0.3381     0.3395
   -2.7931   -31.7583     0.6163  -466.4000     0.0465     1.2160     1.1190  2657.0000   106.9100     0.0009     0.2187     0.2187     0.2187     1.3971     0.1693
   -3.2635   -26.8699     0.5615  -511.9000     0.0403     1.3460     3.4830  1566.0000   151.8500     0.0012     0.5976     0.5976     0.5976     1.1401     0.1835
   -2.7919   -27.8126     0.6129  -933.8000     0.0244     1.4923     6.4040   870.0000   138.9050     0.0006     0.5617     0.5617     0.5617     1.3743     0.1512
   -2.9903   -28.6761     0.6719  -943.7000     0.0251     1.1484     1.8320  1542.5000   118.5500     0.0006     0.6664     0.6664     0.6664     1.3463     0.2919
   -2.3157   -31.2314     0.8288   -49.6000     0.0513     1.1068     2.0430   591.7500   178.8350     0.0007     0.3976     0.3976     0.3976     0.8561     0.3170
   -2.4040   -33.0090     0.5503  -419.8000     0.0337     1.4283     3.4690  2878.5000   106.9700     0.0006     0.7654     0.7654     0.7654     0.7481     0.3284
   -2.0591   -27.7257     0.8646  -406.3000     0.0555     1.2859     8.8450   954.0000   171.0950     0.0014     0.5122     0.5122     0.5122     0.7038     0.3373
   -2.5652   -31.4690     0.7414  -292.4000     0.0577     1.4476     5.1770   749.2500   128.2850     0.0008     0.6252     0.6252     0.6252     1.3935     0.3751
   -2.2400   -33.4336     0.8228  -703.3000     0.0541     1.3622     7.8790  1874.0000   175.4450     0.0011     0.2172     0.2172     0.2172     0.8014     0.2182
   -2.1763   -24.0561     0.8118  -559.2000     0.0384     1.0998     9.8560  2197.7500    51.7550     0.0007     0.2476     0.2476     0.2476     1.1910     0.1901
   -2.0240   -26.4354     0.8273  -378.4000     0.0584     1.1874     6.4420  1086.2500   104.2100     0.0013     0.6862     0.6862     0.6862     1.2868     0.2666
   -3.1449   -30.3162     0.5448  -954.6000     0.0461     1.1671     0.3720  2316.7500    58.9550     0.0014     0.3864     0.3864     0.3864     0.3422     0.1839
   -2.8963   -34.1959     0.5042  -120.0000     0.0231     1.3750     3.3060  1623.7500   176.0450     0.0013     0.5210     0.5210     0.5210     1.1051     0.3178
   -3.1580   -24.1595     0.8935  -975.8000     0.0482     1.2569     5.9650  1866.5000   111.3350     0.0014     0.7497     0.7497     0.7497     0.2224     0.2402
   -3.2893   -31.3106     0.9149  -333.8000     0.0220     1.1857     0.4670   535.7500    50.0450     0.0014     0.4282     0.4282     0.4282     1.0125     0.3926
   -3.3175   -27.5805     0.7087  -537.2000     0.0289     1.3783     8.6530  2086.5000    63.6350     0.0012     0.6620     0.6620     0.6620     1.2423     0.1197
   -2.4424   -26.6785     0.7475  -800.4000     0.0459     1.0404     8.9520  2038.2500   197.2850     0.0010     0.6126     0.6126     0.6126     0.3061     0.2972
   -2.2193   -31.9167     0.9057  -321.1000     0.0396     1.1118     5.3050  2844.5000    69.9350     0.0010     0.7122     0.7122     0.7122     0.6631     0.3181
   -2.1107   -24.1463     0.5006  -898.1000     0.0441     1.1665     9.1790  2646.7500   188.9300     0.0012     0.2298     0.2298     0.2298     0.9876     0.3600
   -2.0844   -24.0869     0.5272  -668.5000     0.0234     1.3541     3.6570   823.7500   114.2000     0.0010     0.7745     0.7745     0.7745     0.1785     0.2254
   -3.2065   -24.7997     0.8504  -139.8000     0.0225     1.4205     4.8710   878.7500    82.6850     0.0011     0.7018     0.7018     0.7018     0.4875     0.2187
   -2.1553   -32.2478     0.6555  -811.5000     0.0471     1.1359     2.9600  2070.5000    70.4150     0.0010     0.5889     0.5889     0.5889     0.8693     0.3657
   -2.4473   -28.7366     0.6295  -943.5000     0.0345     1.3726     8.1260  2564.7500   105.5900     0.0008     0.3700     0.3700     0.3700     0.1451     0.2778
   -3.4747   -31.4404     0.5252   -80.4000     0.0571     1.4968     7.0860  2790.7500   162.8450     0.0012     0.3583     0.3583     0.3583     1.2546     0.1007
   -2.3273   -24.8349     0.9765  -169.3000     0.0490     1.3647     5.6370  1210.2500   195.2600     0.0007     0.3101     0.3101     0.3101     0.1374     0.2127
   -2.7004   -34.7668     0.6715  -347.8000     0.0429     1.1807     4.6970  1966.5000    52.6550     0.0008     0.6909     0.6909     0.6909     1.2542     0.2243
   -2.3367   -28.0007     0.6473  -113.1000     0.0544     1.3090     7.2190   811.7500   139.3700     0.0010     0.2175     0.2175     0.2175     1.4853     0.1302
   -3.1589   -25.6489     0.6197  -147.3000     0.0210     1.2610     1.8120  2499.0000   121.3700     0.0015     0.4406     0.4406     0.4406     0.7412     0.1178
   -3.0459   -28.8587     0.9325  -520.3000     0.0361     1.3013     9.0720  2220.5000   182.1500     0.0013     0.6142     0.6142     0.6142     0.5284     0.3193
   -2.3826   -29.0556     0.5212  -535.1000     0.0207     1.0804     5.8470   531.0000   187.7600     0.0011     0.4762     0.4762     0.4762     1.0331     0.1769
   -3.2877   -25.4685     0.8070  -428.4000     0.0352     1.0963     2.4180  2987.2500   179.5400     0.0006     0.5706     0.5706     0.5706     1.4121     0.1425
   -2.1080   -29.2668     0.6872  -270.1000     0.0247     1.0563     9.5830  1263.2500   111.5300     0.0013     0.6613     0.6613     0.6613     0.4114     0.3713
   -2.0173   -32.9265     0.5540   -85.2000     0.0239     1.4261     0.3950  2864.5000   139.9700     0.0009     0.4405     0.4405     0.4405     0.3164     0.3290
   -2.9126   -29.3625     0.8601  -301.8000     0.0235     1.2837     2.9400  1783.7500    51.2600     0.0012     0.5566     0.5566     0.5566     1.0012     0.3734
   -2.8681   -27.9699     0.8172   -84.4000     0.0297     1.1718     2.6290  2510.0000    52.7150     0.0005     0.3822     0.3822     0.3822     0.8101     0.2223
   -2.9690   -30.9542     0.8542  -854.3000     0.0318     1.0125     7.8250  1945.0000    68.1050     0.0005     0.5970     0.5970     0.5970     1.2222     0.2934
   -3.4650   -29.3196     0.7180  -563.8000     0.0279     1.4821     9.1640  2721.5000   131.9900     0.0006     0.3833     0.3833     0.3833     0.6895     0.3163
   -3.1862   -26.9326     0.5004  -362.2000     0.0486     1.1296     1.5780   669.2500   186.5750     0.0014     0.6390     0.6390     0.6390     0.8364     0.2477
   -2.0093   -26.7907     0.9416  -945.6000     0.0505     1.1443     1.5010  1519.0000   100.6700     0.0008     0.3604     0.3604     0.3604     0.6785     0.1354
   -2.3579   -32.7373     0.9711  -641.2000     0.0494     1.3500     5.4670  1074.5000   139.1300     0.0007     0.5555     0.5555     0.5555     0.1119     0.2473
   -2.6846   -30.0676     0.9802  -663.8000     0.0441     1.2853     9.2090  2533.2500    78.7700     0.0009     0.2787     0.2787     0.2787     0.2222     0.1049
   -2.2774   -31.6384     0.9052  -714.9000     0.0356     1.4453     2.0560  1881.7500   167.9600     0.0006     0.4618     0.4618     0.4618     0.1526     0.1146
   -2.8659   -24.7975     0.5392  -921.0000     0.0538     1.4305     4.7410  1435.7500   183.1550     0.0014     0.6481     0.6481     0.6481     0.5325     0.3156
   -3.0458   -31.1687     0.7920  -898.8000     0.0565     1.3829     3.4290  2229.0000   134.4800     0.0013     0.5964     0.5964     0.5964     0.6282     0.1963
   -2.4959   -24.7865     0.9166  -654.9000     0.0349     1.0337     1.7270  2716.5000   171.1550     0.0008     0.6028     0.6028     0.6028     1.4997     0.3220
   -3.3602   -30.1798     0.8549  -246.5000     0.0227     1.1905     2.8150  1685.0000   160.6850     0.0007     0.2664     0.2664     0.2664     0.2576     0.3628
   -2.1364   -31.0070     0.5235  -494.6000     0.0576     1.0310     0.7280  1222.0000   192.2900     0.0006     0.4158     0.4158     0.4158     1.4321     0.3046
   -3.3316   -32.4634     0.7835  -723.0000     0.0301     1.2912     1.4450  1993.0000   185.1650     0.0014     0.3444     0.3444     0.3444     0.5334     0.1778
   -3.3205   -30.1061     0.9475  -915.2000     0.0458     1.0285     2.7490   534.7500    72.9500     0.0011     0.5916     0.5916     0.5916     0.4716     0.2732
   -3.0406   -33.7966     0.6461  -839.7000     0.0296     1.4906     9.9110  1417.5000   149.5550     0.0008     0.3523     0.3523     0.3523     0.4051     0.2180
   -2.9183   -33.3104     0.8384  -265.2000     0.0470     1.0120     3.8930  2972.2500   129.9050     0.0009     0.5095     0.5095     0.5095     0.1881     0.1861
   -2.5021   -30.8376     0.6462   -22.1000     0.0406     1.1768     0.5210  1928.7500   128.5250     0.0006     0.3265     0.3265     0.3265     0.4326     0.2227
   -2.8391   -29.3878     0.7450  -878.4000     0.0579     1.3822     3.6380  2880.7500    91.1150     0.0009     0.6773     0.6773     0.6773     0.6538     0.3146
   -3.1939   -26.8281     0.5617  -614.6000     0.0331     1.2831     3.4140   990.5000   123.2900     0.0009     0.3867     0.3867     0.3867     1.4647     0.2820
   -2.4394   -28.3549     0.8131  -311.8000     0.0599     1.2068     0.8760  2360.2500   167.4350     0.0009     0.5813     0.5813     0.5813     0.8162     0.1707
   -2.7629   -25.3783     0.9009  -375.7000     0.0348     1.3159     2.2290  1936.0000   110.2850     0.0006     0.7300     0.7300     0.7300     0.7565     0.2590
   -2.8280   -31.5669     0.8742  -961.1000     0.0426     1.2542     6.7040  1637.7500   145.2200     0.0010     0.5296     0.5296     0.5296     1.0334     0.2264
   -2.1742   -29.4362     0.7491  -879.3000     0.0380     1.0006     6.3430  1208.0000   145.5800     0.0008     0.6366     0.6366     0.6366     0.5640     0.3800
   -2.6360   -27.9435     0.7473  -672.9000     0.0473     1.4613     6.0570  1064.0000    90.6650     0.0010     0.2184     0.2184     0.2184     0.4963     0.3993
   -2.1824   -29.7475     0.5308  -865.6000     0.0303     1.2134     4.1330   951.7500   194.2700     0.0009     0.7518     0.7518     0.7518     0.2694     0.3385
   -2.2658   -33.6943     0.5161  -161.4000     0.0581     1.2647     9.3410  2434.5000   188.2850     0.0007     0.7393     0.7393     0.7393     1.3050     0.3043
   -3.3552   -34.9120     0.9525  -718.1000     0.0313     1.4712     8.7900   667.2500    80.3150     0.0006     0.3270     0.3270     0.3270     0.2029     0.3688
   -2.0364   -31.2765     0.6413  -483.9000     0.0508     1.3578     9.5610  1040.0000   140.3450     0.0014     0.3549     0.3549     0.3549     0.7640     0.1079
   -2.8380   -27.4155     0.5655  -454.1000     0.0571     1.3149     4.8980  2305.5000   189.5300     0.0010     0.2947     0.2947     0.2947     0.8547     0.2657
   -2.2190   -34.1717     0.9320  -525.8000     0.0270     1.4963     4.3920  1976.7500   151.6850     0.0014     0.3352     0.3352     0.3352     0.3660     0.3849
   -3.3567   -25.2188     0.9970  -882.7000     0.0233     1.4436     7.7810  1097.0000   194.3300     0.0013     0.5951     0.5951     0.5951     0.6844     0.2972
   -2.1919   -29.8795     0.9932  -336.3000     0.0460     1.4154     7.6740  1245.2500   142.3250     0.0009     0.6751     0.6751     0.6751     0.8580     0.2805
   -2.2715   -30.8189     0.7657   -34.4000     0.0409     1.4227     4.6510  1852.7500    74.2100     0.0006     0.7164     0.7164     0.7164     0.7156     0.3681
   -2.2014   -30.8981     0.7797  -940.7000     0.0367     1.2958     5.1870  1798.5000    71.3900     0.0009     0.5103     0.5103     0.5103     1.0093     0.2869
   -2.1983   -29.1348     0.7723  -496.3000     0.0446     1.0400     9.0990   744.7500   105.9950     0.0009     0.5139     0.5139     0.5139     1.2248     0.3175
   -2.6123   -29.8487     0.8448  -139.0000     0.0307     1.1315     7.2660   918.2500   183.3800     0.0010     0.7134     0.7134     0.7134     1.2229     0.2437
   -2.5831   -25.0692     0.7008  -449.4000     0.0356     1.0647     8.9150   758.5000   199.9250     0.0008     0.7335     0.7335     0.7335     0.1155     0.1737
   -2.0636   -24.6688     0.7667  -159.8000     0.0339     1.0800     1.1640  2892.0000   160.8350     0.0008     0.4232     0.4232     0.4232     1.2579     0.2483
   -2.7410   -31.8606     0.6557  -404.0000     0.0587     1.2046     0.0170   622.2500    82.0550     0.0014     0.4680     0.4680     0.4680     0.4844     0.3292
   -3.4551   -28.9412     0.8602  -233.5000     0.0448     1.1584     5.9310  2465.0000   120.2000     0.0008     0.2403     0.2403     0.2403     1.4058     0.1293
   -3.4699   -33.1454     0.9849   -56.0000     0.0385     1.4351     4.6800  2742.2500   179.6600     0.0007     0.5823     0.5823     0.5823     0.2635     0.3131
   -2.1467   -27.6487     0.5034  -424.9000     0.0558     1.4100     8.8350  1902.5000    87.2000     0.0012     0.3568     0.3568     0.3568     0.5815     0.1125
   -3.0530   -31.8826     0.8498  -711.3000     0.0326     1.0162     4.9530  2422.5000   151.1150     0.0008     0.2361     0.2361     0.2361     0.1092     0.2232
   -3.2561   -27.4078     0.6649  -886.0000     0.0589     1.4072     0.7610  1856.7500   155.3600     0.0009     0.6297     0.6297     0.6297     0.9575     0.1008
   -2.3119   -31.2721     0.9866  -652.8000     0.0464     1.4474     3.3870  1721.5000   100.1750     0.0007     0.5003     0.5003     0.5003     0.6564     0.2584
   -3.2046   -34.8449     0.5122  -646.5000     0.0274     1.1990     6.6120  1362.7500   155.0000     0.0011     0.4528     0.4528     0.4528     0.1011     0.1334
   -2.6082   -25.5961     0.8569  -908.6000     0.0372     1.1038     7.5810  1190.5000   126.6200     0.0013     0.7473     0.7473     0.7473     0.3444     0.2624
   -3.0484   -34.3411     0.7173  -728.8000     0.0216     1.0359     0.6000  2004.5000    65.8850     0.0011     0.4746     0.4746     0.4746     1.1339     0.1461
   -2.3624   -30.3833     0.5920  -246.7000     0.0521     1.2231     0.2640  1483.0000   171.6350     0.0010     0.6538     0.6538     0.6538     0.6663     0.2461
   -2.4923   -24.5940     0.5442  -469.7000     0.0363     1.1662     5.2440  2683.7500    68.1650     0.0006     0.5760     0.5760     0.5760     0.8350     0.3093
   -2.9743   -28.3857     0.9582  -629.8000     0.0438     1.4587     3.7900  2105.2500    58.1600     0.0009     0.3036     0.3036     0.3036     0.5500     0.2621
   -2.5616   -34.7481     0.7397  -952.6000     0.0510     1.2795     7.7430  2723.7500    71.1650     0.0011     0.3670     0.3670     0.3670     0.2989     0.1602
   -3.3700   -32.4854     0.8932  -232.9000     0.0403     1.2779     0.8250  1185.7500   158.4350     0.0007     0.4714     0.4714     0.4714     0.9719     0.2508
   -2.6810   -33.5326     0.8515  -849.0000     0.0436     1.3087     2.7520  1032.2500    64.3100     0.0008     0.5097     0.5097     0.5097     0.1811     0.1698
   -2.2393   -24.9130     0.7130  -856.6000     0.0584     1.3600     5.0540  2860.5000   194.2400     0.0007     0.2160     0.2160     0.2160     0.2295     0.3475
   -2.8971   -34.6414     0.6574  -774.5000     0.0370     1.3165     6.7390  1041.0000   194.8850     0.0014     0.2850     0.2850     0.2850     0.1266     0.2308
   -3.2744   -25.9558     0.6564  -578.8000     0.0430     1.1428     3.5960  2213.7500    54.0050     0.0007     0.6334     0.6334     0.6334     0.4895     0.2977
   -2.2649   -29.2404     0.7222  -476.8000     0.0502     1.0259     0.1780  1489.2500   113.0450     0.0014     0.4996     0.4996     0.4996     0.3817     0.3795
   -2.3537   -24.7469     0.5232  -402.0000     0.0416     1.2467     9.9430  1035.0000    83.1500     0.0010     0.4366     0.4366     0.4366     0.7108     0.3414
   -2.9080   -25.7710     0.5668  -200.9000     0.0483     1.3936     0.6260  1350.0000   145.8950     0.0014     0.4931     0.4931     0.4931     1.1676     0.2435
   -3.0839   -33.5722     0.8120  -445.0000     0.0542     1.2818     1.9050  1665.2500   117.1700     0.0014     0.2871     0.2871     0.2871     0.4119     0.3452
   -3.2818   -33.8956     0.7334  -727.8000     0.0251     1.1051     2.7620  1555.2500   178.7750     0.0010     0.2970     0.2970     0.2970     0.4458     0.3538
   -2.1124   -31.4965     0.9946  -904.5000     0.0328     1.0169     2.2840  1452.5000   194.5550     0.0009     0.3057     0.3057     0.3057     0.3881     0.1310
   -2.6277   -34.3191     0.9246  -130.7000     0.0474     1.0051     1.0580  1214.7500   169.3250     0.0009     0.5170     0.5170     0.5170     1.2347     0.3593
   -3.1520   -29.5858     0.6865  -495.1000     0.0285     1.0716     8.3910  2762.5000    76.6250     0.0014     0.6850     0.6850     0.6850     1.3489     0.1772
   -3.2944   -29.4142     0.5340  -249.4000     0.0222     1.2976     4.6470   904.7500    93.3350     0.0011     0.5973     0.5973     0.5973     0.8276     0.2936
   -2.9963   -33.1124     0.8588  -199.3000     0.0379     1.0759     7.4010  2759.7500   177.8900     0.0012     0.2809     0.2809     0.2809     0.4028     0.1522
   -2.3408   -30.1171     0.9919  -211.0000     0.0392     1.2766     8.1650  2922.7500   106.4750     0.0014     0.4329     0.4329     0.4329     1.0492     0.3002
   -2.7147   -31.5878     0.8681  -673.7000     0.0277     1.4556     0.7150  1525.5000   101.4350     0.0006     0.3246     0.3246     0.3246     0.5521     0.3347
   -3.0472   -31.8694     0.9461  -413.4000     0.0597     1.0827     3.1460  1702.0000    91.2950     0.0014     0.2652     0.2652     0.2652     0.3596     0.2979
   -3.3524   -31.2446     0.5886  -314.3000     0.0512     1.2305     2.5900  1760.7500   109.7150     0.0006     0.7141     0.7141     0.7141     0.4539     0.3001
   -2.3449   -28.4737     0.9704  -530.6000     0.0369     1.1852     6.8650   586.0000    59.9900     0.0011     0.7462     0.7462     0.7462     0.5424     0.1359
   -2.1767   -34.6128     0.9015  -359.6000     0.0475     1.3463     4.2320  1448.0000   179.3000     0.0013     0.4013     0.4013     0.4013     0.4499     0.1884
   -3.3769   -27.7081     0.9137  -221.8000     0.0306     1.3935     5.6670  2278.0000   113.4950     0.0008     0.2905     0.2905     0.2905     0.3762     0.2546
   -2.3358   -27.6762     0.6279  -106.0000     0.0468     1.3241     7.7760  2562.0000   111.6650     0.0010     0.6837     0.6837     0.6837     1.2320     0.2845
   -2.3711   -33.6195     0.8346  -863.4000     0.0414     1.4958     1.9590  2424.7500    99.2000     0.0012     0.7806     0.7806     0.7806     1.4192     0.1151
   -2.1669   -29.0732     0.7265  -255.3000     0.0202     1.2347     3.8440  1196.2500    57.3800     0.0011     0.3639     0.3639     0.3639     0.3184     0.1628
   -2.2252   -30.3393     0.5759  -798.1000     0.0497     1.1588     9.8620  2287.5000    66.4100     0.0005     0.6798     0.6798     0.6798     0.8323     0.1927
   -2.0705   -32.1389     0.5784  -698.7000     0.0506     1.1130     0.8210   879.5000   184.1750     0.0010     0.4296     0.4296     0.4296     0.9889     0.1672
   -2.4899   -26.3474     0.6644   -38.1000     0.0550     1.0827     9.7110  1400.5000   145.7300     0.0013     0.7494     0.7494     0.7494     1.1802     0.1531
   -2.0414   -34.9714     0.7786  -336.9000     0.0540     1.4027     4.0700  2102.7500    59.2700     0.0010     0.6738     0.6738     0.6738     1.3215     0.1062
   -2.4431   -29.0754     0.5997  -523.0000     0.0331     1.4823     2.4620  1840.2500   170.0300     0.0006     0.6409     0.6409     0.6409     0.2536     0.1942
   -2.7159   -32.8913     0.5325  -284.0000     0.0277     1.3968     3.1570  2598.0000    79.1000     0.0010     0.3049     0.3049     0.3049     1.4693     0.2377
   -2.3472   -24.0825     0.8110  -343.3000     0.0565     1.2922     0.8970  1456.0000   196.9400     0.0013     0.5936     0.5936     0.5936     1.2731     0.2744
   -3.1592   -32.8957     0.6994  -373.2000     0.0562     1.0529     4.5420   820.5000    90.0500     0.0014     0.5271     0.5271     0.5271     1.3314     0.2424
   -3.4910   -25.1033     0.9652  -239.4000     0.0451     1.4904     0.5880  1696.0000   121.4000     0.0011     0.6729     0.6729     0.6729     0.4310     0.1509
   -2.7786   -33.0530     0.5564  -230.8000     0.0437     1.4981     0.4310  1004.5000   171.1400     0.0009     0.4521     0.4521     0.4521     0.4352     0.2813
   -2.9007   -29.5319     0.8264  -245.5000     0.0348     1.1712     8.0660  1749.7500   160.2050     0.0007     0.4951     0.4951     0.4951     0.1097     0.1215
   -3.1117   -27.1966     0.9304  -962.1000     0.0409     1.2547     4.2580  2285.0000   119.4950     0.0013     0.4423     0.4423     0.4423     0.1469     0.2529
   -2.7656   -25.2782     0.7731  -158.2000     0.0203     1.0501     5.1700  2209.2500    60.9650     0.0013     0.5217     0.5217     0.5217     1.4201     0.3655
   -3.2098   -32.7472     0.9720  -883.7000     0.0546     1.0831     9.0590  2737.2500    81.8150     0.0007     0.2629     0.2629     0.2629     1.0764     0.2719
   -3.2690   -26.9942     0.5475  -102.5000     0.0257     1.1592     1.6940  2787.0000   126.9350     0.0014     0.4906     0.4906     0.4906     1.0423     0.1572
   -3.2344   -34.5875     0.6469  -461.2000     0.0457     1.0627     5.4070  2288.0000   130.8050     0.0009     0.4358     0.4358     0.4358     0.6755     0.2503
   -2.2943   -33.2037     0.6052   -30.8000     0.0490     1.3047     5.5110  1751.2500   115.1150     0.0010     0.2682     0.2682     0.2682     0.8806     0.1064
   -2.0200   -26.5355     0.8474   -33.2000     0.0212     1.1925     9.7760  1704.7500    54.9050     0.0010     0.5317     0.5317     0.5317     0.8538     0.3061
   -2.9048   -28.1250     0.7682  -109.1000     0.0542     1.1879     4.1760  2249.2500   107.8100     0.0007     0.5425     0.5425     0.5425     0.7096     0.2703
   -2.3030   -30.5890     0.5748  -787.0000     0.0373     1.0103     4.8330  1963.2500    94.2050     0.0005     0.3420     0.3420     0.3420     1.2511     0.2446
   -2.2936   -29.9037     0.6328  -448.4000     0.0424     1.3029     7.5910  2935.0000    61.4600     0.0009     0.7609     0.7609     0.7609     0.1552     0.3683
   -3.4689   -25.4575     0.7933   -27.4000     0.0570     1.1860     3.1180  1651.7500   133.5950     0.0011     0.4202     0.4202     0.4202     0.5836     0.2654
   -2.2513   -29.1821     0.7151  -548.9000     0.0206     1.0944     0.5740  2084.0000    64.2350     0.0009     0.5788     0.5788     0.5788     1.0100     0.2384
   -2.5171   -34.5424     0.5219  -396.3000     0.0368     1.2357     2.7540  1231.7500    87.5900     0.0014     0.4485     0.4485     0.4485     0.2040     0.2954
   -3.2784   -24.7194     0.6377  -185.3000     0.0499     1.4134     8.3280  1377.5000   143.3150     0.0014     0.7402     0.7402     0.7402     1.0521     0.2426
   -2.1679   -33.0002     0.7146  -647.2000     0.0285     1.0899     5.5980  1485.7500   127.6550     0.0013     0.5100     0.5100     0.5100     0.9333     0.2514
   -2.0806   -31.2061     0.6819  -222.8000     0.0227     1.1495     5.0100   994.0000    57.6950     0.0013     0.7142     0.7142     0.7142     0.6033     0.3904
   -2.0061   -24.3454     0.7302  -565.2000     0.0523     1.1951     2.2380  2571.7500   167.1650     0.0005     0.2200     0.2200     0.2200     1.2325     0.2207
   -3.1691   -26.7302     0.7751  -903.2000     0.0223     1.4606     9.7010  1519.5000   102.6800     0.0011     0.5106     0.5106     0.5106     1.4052     0.3628
   -2.4484   -24.4554     0.6430  -343.7000     0.0364     1.1027     6.4700   601.2500   151.2200     0.0013     0.3613     0.3613     0.3613     0.5166     0.3605
   -3.0083   -31.1060     0.7376  -212.3000     0.0397     1.3676     4.3670  2893.5000   167.7350     0.0008     0.6348     0.6348     0.6348     1.2812     0.2535
   -2.5602   -34.9934     0.8428  -242.6000     0.0345     1.2001     0.9680  2898.7500   172.8350     0.0005     0.3442     0.3442     0.3442     1.3575     0.2693
   -3.0781   -33.3489     0.6672  -946.6000     0.0475     1.2526     4.8650  1317.7500    69.3500     0.0012     0.3619     0.3619     0.3619     0.5593     0.1534
   -2.0949   -29.1469     0.5198  -514.1000     0.0290     1.1497     8.1410   803.2500   161.7500     0.0009     0.4828     0.4828     0.4828     0.8963     0.1413
   -3.0002   -29.9202     0.7618  -481.2000     0.0535     1.1554     8.6220   894.2500   133.3250     0.0010     0.4677     0.4677     0.4677     0.6463     0.1966
   -3.3997   -31.8144     0.6137  -211.4000     0.0516     1.2169     4.2250   655.2500    86.1500     0.0010     0.6001     0.6001     0.6001     0.8283     0.1158
   -2.5628   -27.8313     0.6983  -163.5000     0.0247     1.2921     2.2210  1383.2500   198.0650     0.0013     0.5608     0.5608     0.5608     0.3090     0.3901
   -2.9702   -31.9398     0.6086  -873.1000     0.0555     1.0780     6.4030  1571.7500    72.0350     0.0012     0.4781     0.4781     0.4781     0.6240     0.2802
   -3.3166   -24.0033     0.7702  -379.0000     0.0450     1.3870     8.4890   792.2500   187.9850     0.0009     0.4369     0.4369     0.4369     1.2052     0.1904
   -2.0177   -25.2595     0.8435  -204.9000     0.0358     1.2184     1.4640  2686.7500   179.8400     0.0011     0.7434     0.7434     0.7434     1.3309     0.3946
   -2.4232   -32.5063     0.9820  -663.5000     0.0500     1.0399     9.4110  1429.7500   124.8950     0.0007     0.3165     0.3165     0.3165     0.3395     0.2682
   -3.3611   -25.5367     0.6877   -20.5000     0.0582     1.4264     9.6180  2816.5000    56.9300     0.0010     0.2116     0.2116     0.2116     1.2819     0.2961
   -2.8258   -33.1817     0.7559  -732.6000     0.0431     1.2911     7.6130  1033.7500   141.1850     0.0005     0.2301     0.2301     0.2301     1.0477     0.1015
   -3.3071   -32.6108     0.8658    -2.7000     0.0457     1.3642     7.7950  1634.0000    66.5150     0.0014     0.7188     0.7188     0.7188     0.2704     0.3179
   -2.8025   -24.8602     0.8411  -980.3000     0.0240     1.4250     3.9590  2927.2500    73.9250     0.0015     0.4391     0.4391     0.4391     0.6316     0.1723
   -2.8716   -32.4777     0.5794  -391.1000     0.0228     1.1279     4.8620  2088.0000   133.7900     0.0011     0.3369     0.3369     0.3369     0.9981     0.1752
   -3.2408   -26.8105     0.7671  -749.8000     0.0295     1.0611     0.9940  1900.0000   147.7400     0.0010     0.3692     0.3692     0.3692     1.1203     0.3675
   -2.9579   -32.2302     0.9332  -865.0000     0.0454     1.2363     7.8520  2704.2500   170.3150     0.0013     0.2521     0.2521     0.2521     1.0066     0.1842
   -3.1346   -25.1561     0.7952  -318.1000     0.0236     1.0486     8.9470   767.7500   178.8950     0.0014     0.2732     0.2732     0.2732     0.1927     0.1597
   -3.3472   -34.9890     0.5114  -534.0000     0.0528     1.0852     3.8730   642.5000   137.1500     0.0014     0.3892     0.3892     0.3892     1.1280     0.2158
   -2.1787   -31.8067     0.6478  -117.6000     0.0530     1.1092     7.6840   972.5000    99.0800     0.0009     0.7914     0.7914     0.7914     0.6839     0.1695
   -3.4796   -29.1007     0.5591  -601.1000     0.0398     1.3887     1.9770  1818.2500    76.8050     0.0009     0.3849     0.3849     0.3849     0.6475     0.3674
   -2.3141   -34.5336     0.9408  -711.3000     0.0330     1.1256     1.4060  1252.0000   181.3250     0.0015     0.3287     0.3287     0.3287     0.3974     0.1111
   -2.8956   -31.9211     0.5505   -41.3000     0.0303     1.3831     1.6430   907.5000   143.1350     0.0011     0.5062     0.5062     0.5062     0.7595     0.3482
   -2.0492   -25.1088     0.5440  -283.0000     0.0335     1.1098     7.7660  1649.2500    69.1850     0.0009     0.3390     0.3390     0.3390     1.3846     0.1002
   -2.7305   -24.1342     0.5537  -337.9000     0.0309     1.2854     8.4620   912.7500   144.1250     0.0007     0.3977     0.3977     0.3977     0.9669     0.2911
   -2.4485   -24.8382     0.9430  -894.7000     0.0299     1.3632     0.3290  1586.7500    66.2000     0.0014     0.2572     0.2572     0.2572     0.8790     0.3357
   -2.1092   -27.8500     0.9185  -419.4000     0.0380     1.4107     4.5200  1487.0000   170.1350     0.0005     0.7791     0.7791     0.7791     1.3627     0.3457
   -2.3632   -31.6428     0.6642  -739.5000     0.0275     1.1056     3.1960   911.5000   155.9450     0.0009     0.5835     0.5835     0.5835     0.7833     0.2142
   -3.2915   -24.5368     0.9992  -529.2000     0.0266     1.0521     1.1380  2418.2500   167.2250     0.0007     0.3114     0.3114     0.3114     1.4079     0.1527
   -3.2597   -31.4393     0.7062  -947.0000     0.0571     1.0246     6.8840  1925.5000   148.7300     0.0014     0.3909     0.3909     0.3909     0.1536     0.3947
   -3.0512   -25.3706     0.6378  -961.5000     0.0568     1.3271     5.4930   899.5000   184.9550     0.0012     0.2147     0.2147     0.2147     0.5246     0.3911
   -2.8785   -33.8868     0.7271  -567.0000     0.0459     1.2617     5.6970  1442.2500   104.7500     0.0011     0.2367     0.2367     0.2367     0.7278     0.1003
   -2.9680   -26.3265     0.6091  -957.2000     0.0354     1.2702     7.2370   663.0000   101.3900     0.0011     0.2083     0.2083     0.2083     1.4703     0.2520
   -3.3437   -24.3256     0.9686  -544.8000     0.0435     1.3814     5.8160  2758.2500    61.9850     0.0010     0.6718     0.6718     0.6718     1.0419     0.2475
   -3.1193   -29.6474     0.9054  -236.4000     0.0298     1.1401     8.1110  1987.0000   100.7000     0.0008     0.6458     0.6458     0.6458     0.5675     0.1816
   -2.0633   -34.6227     0.6420  -200.4000     0.0382     1.2086     5.2070  1282.0000    76.2500     0.0010     0.4238     0.4238     0.4238     0.7696     0.1441
   -3.4586   -25.6819     0.6910  -995.3000     0.0540     1.2890     2.6580  1011.5000   192.0050     0.0008     0.7709     0.7709     0.7709     0.5508     0.1799
   -3.3574   -24.6182     0.7902  -420.9000     0.0404     1.3383     8.3150  2670.2500   189.0050     0.0014     0.7145     0.7145     0.7145     0.6713     0.3875
   -2.4048   -33.7779     0.6451  -298.6000     0.0320     1.4487     6.2660  2183.7500    59.8400     0.0007     0.4093     0.4093     0.4093     1.2308     0.3612
   -2.4863   -29.6881     0.7772  -714.1000     0.0243     1.4760     8.0440  1659.5000   148.1300     0.0007     0.7766     0.7766     0.7766     0.9000     0.3810
   -3.2521   -34.0419     0.7805   -96.6000     0.0329     1.1552     4.4210  1910.5000    71.4950     0.0015     0.5155     0.5155     0.5155     1.4980     0.1193
   -2.6421   -26.8600     0.6570  -510.7000     0.0476     1.0737     4.6400  2848.7500    54.8150     0.0014     0.5084     0.5084     0.5084     1.4089     0.1949
   -2.2450   -33.7163     0.6796  -651.3000     0.0329     1.2058     1.4250   589.7500    89.8700     0.0006     0.2974     0.2974     0.2974     0.8895     0.3266
   -2.8061   -24.0704     0.6088  -648.4000     0.0589     1.2479     8.7150  1814.2500   189.2750     0.0011     0.7225     0.7225     0.7225     0.1431     0.2217
   -2.7885   -31.8518     0.6744  -218.3000     0.0293     1.1534     0.1450  1534.5000    67.4300     0.0015     0.3813     0.3813     0.3813     0.8732     0.2429
   -2.0045   -33.0695     0.7134  -491.4000     0.0476     1.3547     3.3590  2489.0000    90.1850     0.0011     0.4008     0.4008     0.4008     0.4567     0.3200
   -3.1056   -24.3047     0.6905  -370.4000     0.0427     1.2367     0.8820   932.0000   189.5000     0.0008     0.4113     0.4113     0.4113     0.9144     0.3485
   -3.3077   -24.3333     0.8705  -928.5000     0.0578     1.0031     8.0580  1811.2500   146.8850     0.0011     0.6414     0.6414     0.6414     0.4641     0.1642
   -3.0887   -26.6026     0.5866  -334.4000     0.0389     1.0980     3.2650  1541.2500   165.0350     0.0010     0.5238     0.5238     0.5238     0.7269     0.2751
   -2.9435   -27.0767     0.6700  -293.7000     0.0426     1.1959     5.1810  1045.2500   121.7300     0.0014     0.6711     0.6711     0.6711     1.2327     0.1494
   -2.7848   -30.1996     0.9081  -717.7000     0.0468     1.2053     4.0940   690.7500   190.0850     0.0007     0.4045     0.4045     0.4045     1.3585     0.3434
   -2.0795   -34.5391     0.5605  -762.3000     0.0258     1.0193     2.1070  2492.7500    81.9350     0.0005     0.2896     0.2896     0.2896     1.1412     0.1761
   -3.2973   -32.6460     0.8983  -175.6000     0.0201     1.3834     2.2780  2125.7500    99.5600     0.0006     0.5190     0.5190     0.5190     1.4440     0.1728
   -2.6714   -30.8222     0.7856   -84.0000     0.0339     1.1139     0.2590   997.0000    88.5500     0.0011     0.5743     0.5743     0.5743     1.0990     0.3376
   -2.9501   -32.9232     0.8216  -386.4000     0.0268     1.0974     4.2640  1534.0000   129.5150     0.0008     0.2347     0.2347     0.2347     0.3570     0.3258
   -3.4375   -26.6290     0.5055  -767.3000     0.0210     1.4029     4.5490  2065.5000   190.6550     0.0015     0.6865     0.6865     0.6865     0.1424     0.2892
   -3.4901   -27.1009     0.9971  -542.2000     0.0239     1.3837     2.4050  2338.5000   195.6800     0.0005     0.7218     0.7218     0.7218     0.7402     0.2097
   -2.9446   -31.1005     0.5798  -178.8000     0.0440     1.1963     1.7570  1305.2500   198.0350     0.0011     0.5510     0.5510     0.5510     0.6306     0.1970
   -2.4068   -27.8181     0.5751  -939.7000     0.0403     1.3861     4.7290  1930.7500   148.4000     0.0012     0.6822     0.6822     0.6822     0.4412     0.1786
   -2.5502   -30.9201     0.7226  -104.4000     0.0478     1.2114     8.5150  2489.5000    52.4600     0.0013     0.6172     0.6172     0.6172     0.2018     0.1983
   -2.8575   -29.5638     0.6408  -509.4000     0.0401     1.2506     2.8370  2117.7500   178.9850     0.0010     0.7750     0.7750     0.7750     1.2540     0.1116
   -2.6902   -25.8161     0.8141  -872.7000     0.0262     1.4545     3.5360  2445.0000    68.9150     0.0006     0.7839     0.7839     0.7839     1.3781     0.1395
   -3.1422   -28.8191     0.8532  -210.8000     0.0328     1.4129     1.0790  1195.7500   189.2450     0.0014     0.6340     0.6340     0.6340     0.3514     0.2293
   -3.3628   -31.6208     0.9774  -600.6000     0.0349     1.4516     7.6090  1268.0000   154.8500     0.0007     0.3910     0.3910     0.3910     1.1268     0.3015
   -2.2077   -29.9026     0.6794  -614.1000     0.0390     1.0491     7.2150  2045.7500    67.2500     0.0006     0.2978     0.2978     0.2978     0.2735     0.3624
   -2.3815   -32.4106     0.9353  -934.5000     0.0216     1.4217     9.0000  2929.0000    81.5600     0.0015     0.4614     0.4614     0.4614     0.1939     0.3701
   -2.5373   -28.8840     0.8821  -388.7000     0.0246     1.2222     8.1460  2431.0000   136.8350     0.0014     0.7380     0.7380     0.7380     0.9397     0.3139
   -2.8604   -27.9974     0.8859  -158.7000     0.0429     1.1505     9.1950  2128.0000   125.6750     0.0005     0.4320     0.4320     0.4320     0.4471     0.1103
   -2.9708   -24.1551     0.7879   -56.0000     0.0221     1.0086     0.6940  2280.2500    59.7050     0.0007     0.3102     0.3102     0.3102     0.5434     0.2080
   -2.4218   -34.2212     0.8489  -710.1000     0.0485     1.3891     6.0540  2303.2500   173.4950     0.0011     0.3847     0.3847     0.3847     0.2375     0.3106
   -2.1818   -26.2187     0.8815  -559.4000     0.0252     1.0709     6.1410  1054.5000   138.8450     0.0005     0.5465     0.5465     0.5465     0.4770     0.3533
   -2.5679   -29.8652     0.6793  -774.9000     0.0248     1.3270     6.8430  2391.0000    72.0950     0.0007     0.4214     0.4214     0.4214     0.1623     0.3963
   -3.4044   -34.7701     0.6492  -513.8000     0.0426     1.3438     3.3210  2602.0000    70.9850     0.0006     0.7821     0.7821     0.7821     0.5267     0.1799
   -2.6517   -24.8998     0.7987  -840.5000     0.0473     1.0328     3.5480   747.0000   192.9050     0.0012     0.2233     0.2233     0.2233     0.1578     0.1747
   -2.7440   -25.3046     0.6094  -250.8000     0.0529     1.4511     3.3540  2939.2500   163.5050     0.0014     0.2571     0.2571     0.2571     1.2507     0.2533
   -2.4740   -25.9789     0.7277  -907.9000     0.0459     1.1146     9.6750  1901.5000   187.9250     0.0010     0.4334     0.4334     0.4334     0.1300     0.1952
   -3.0145   -34.2245     0.8555  -518.2000     0.0421     1.4135     9.5440   633.2500   157.8500     0.0008     0.7792     0.7792     0.7792     0.4756     0.3583
   -2.3668   -25.2694     0.6825  -214.2000     0.0407     1.1031     1.8970  1672.7500    78.8300     0.0011     0.2112     0.2112     0.2112     1.1612     0.1398
   -2.4505   -33.5535     0.7191  -444.5000     0.0537     1.2442     5.7970  1892.5000   109.1450     0.0014     0.3679     0.3679     0.3679     0.2175     0.1790
   -2.1738   -29.5220     0.5030  -165.4000     0.0266     1.2431     6.7860  1894.2500   109.6100     0.0011     0.3241     0.3241     0.3241     1.2243     0.3200
   -2.4396   -32.6493     0.8238    -7.3000     0.0396     1.0475     6.3510   794.0000   164.0150     0.0008     0.3002     0.3002     0.3002     0.9296     0.1653
   -2.1618   -27.0349     0.5861  -818.7000     0.0225     1.4503     2.3510   546.2500    80.9750     0.0007     0.7684     0.7684     0.7684     0.8981     0.3003
   -3.1387   -32.9023     0.5229  -271.2000     0.0282     1.3907     7.6030  2255.0000   147.2150     0.0014     0.2645     0.2645     0.2645     1.2767     0.1460
   -3.2260   -30.0522     0.7169   -89.0000     0.0340     1.0150     6.1630  1542.0000   167.9150     0.0005     0.3295     0.3295     0.3295     0.3925     0.1766
   -2.2451   -31.7495     0.8558  -818.3000     0.0229     1.4466     3.0150  2580.5000    75.9950     0.0009     0.6885     0.6885     0.6885     1.0897     0.2825
   -2.1734   -24.2673     0.7358   -81.2000     0.0436     1.0968     1.1350  1905.0000   157.0400     0.0012     0.5079     0.5079     0.5079     1.3571     0.2619
   -2.2214   -29.9796     0.9382  -665.0000     0.0260     1.3001     4.7570   692.5000   113.1650     0.0006     0.2248     0.2248     0.2248     1.0635     0.2736
   -3.4076   -26.6906     0.7701  -114.4000     0.0236     1.1634     3.0320  1650.7500    98.6000     0.0006     0.2931     0.2931     0.2931     1.2337     0.2290
   -3.3722   -31.1159     0.5691  -458.5000     0.0557     1.2851     5.3970  1106.2500    55.0400     0.0009     0.6598     0.6598     0.6598     1.2857     0.2124
   -2.9993   -30.0544     0.8885  -454.6000     0.0266     1.3800     9.9010   587.5000   127.5950     0.0007     0.7648     0.7648     0.7648     1.4023     0.3720
   -2.4768   -25.5565     0.6897  -914.1000     0.0473     1.0573     0.5690  2144.0000   110.9750     0.0006     0.4270     0.4270     0.4270     1.0470     0.3551
   -2.4971   -26.3298     0.5260  -719.5000     0.0395     1.1943     2.8790   761.5000   191.8700     0.0006     0.6054     0.6054     0.6054     0.7691     0.3251
   -2.0921   -27.6256     0.9860  -620.2000     0.0274     1.3296     6.3970  1915.5000   152.7950     0.0010     0.4353     0.4353     0.4353     1.4621     0.1306
   -2.5760   -25.1297     0.5593  -685.0000     0.0494     1.0250     4.2470  1477.7500   108.5900     0.0007     0.6309     0.6309     0.6309     1.3061     0.1864
   -2.0347   -31.0928     0.6974  -721.6000     0.0351     1.3592     7.2110   623.0000    78.9050     0.0009     0.4881     0.4881     0.4881     1.2402     0.1093
   -2.2873   -29.5561     0.7997  -473.6000     0.0596     1.1985     9.9260   978.2500    75.3950     0.0013     0.3268     0.3268     0.3268     0.4493     0.1010
   -2.4316   -33.5414     0.9234  -158.5000     0.0445     1.1211     2.0570  1386.7500   192.3800     0.0010     0.6473     0.6473     0.6473     0.9525     0.3153
   -3.1169   -25.2727     0.7612  -602.7000     0.0560     1.0056     7.2280  1921.0000    88.9700     0.0012     0.7218     0.7218     0.7218     0.2159     0.2033
   -2.4491   -24.8569     0.8040  -828.8000     0.0461     1.3788     3.7720  1668.5000   112.5200     0.0006     0.3078     0.3078     0.3078     0.1584     0.3031
   -3.3926   -30.1501     0.5783  -649.3000     0.0457     1.3192     7.6910  2036.2500   127.1600     0.0013     0.6353     0.6353     0.6353     1.0223     0.1018
   -2.5754   -30.3921     0.7442  -277.9000     0.0393     1.1087     8.4020  2410.7500   183.2300     0.0006     0.7500     0.7500     0.7500     0.8249     0.3966
   -2.5034   -33.7295     0.9454  -371.3000     0.0216     1.3884     0.7020  1146.2500   148.3250     0.0013     0.2553     0.2553     0.2553     0.5735     0.1519
   -2.7608   -24.9933     0.9436  -557.9000     0.0569     1.2530     4.4180  2057.5000   101.6150     0.0012     0.6872     0.6872     0.6872     0.2968     0.2361
   -2.5505   -31.0323     0.5588  -762.8000     0.0415     1.1689     0.1250  1490.5000    79.3100     0.0009     0.5949     0.5949     0.5949     0.5231     0.1098
   -2.0370   -33.3247     0.7209  -223.5000     0.0341     1.4949     4.2500  1304.2500   172.4150     0.0012     0.5570     0.5570     0.5570     0.5276     0.1296
   -3.0312   -27.8676     0.6515  -862.6000     0.0564     1.4775     2.4730  1678.0000   187.7450     0.0006     0.2107     0.2107     0.2107     0.4485     0.1212
   -2.7923   -29.3482     0.5033  -362.8000     0.0361     1.3524     5.2190   545.2500    50.6300     0.0008     0.2965     0.2965     0.2965     0.6218     0.1809
   -2.4777   -24.1518     0.7892  -922.4000     0.0381     1.3350     0.5800   804.5000   199.2350     0.0007     0.5487     0.5487     0.5487     0.8157     0.2090
   -2.8824   -30.2260     0.6290  -441.2000     0.0590     1.4495     2.7370  1388.7500   103.3400     0.0006     0.3528     0.3528     0.3528     0.5092     0.3019
   -2.8772   -28.8818     0.6747  -381.6000     0.0260     1.4708     0.3690  1594.5000   129.0650     0.0007     0.4183     0.4183     0.4183     0.7448     0.1584
   -3.0632   -28.3989     0.8610  -117.3000     0.0357     1.1795     0.7640  1522.0000   168.0950     0.0010     0.5058     0.5058     0.5058     0.6699     0.2191
   -2.1926   -29.7420     0.5915  -978.4000     0.0284     1.0272     2.9210  2055.7500    69.6350     0.0009     0.6264     0.6264     0.6264     0.3919     0.1961
   -3.2225   -34.3125     0.6288  -576.9000     0.0290     1.0793     6.3600  2236.7500   135.3050     0.0008     0.5782     0.5782     0.5782     1.1335     0.2636
   -2.5850   -34.1079     0.9605  -600.7000     0.0390     1.2300     0.1500  2664.2500   149.6600     0.0014     0.5026     0.5026     0.5026     0.6657     0.2303
   -2.2327   -26.9194     0.7746   -68.0000     0.0298     1.3160     4.0910  2515.5000    52.2650     0.0008     0.3234     0.3234     0.3234     1.0061     0.2738
   -3.1224   -27.2329     0.6417  -612.8000     0.0415     1.0324     5.6610   696.5000    97.8500     0.0006     0.2264     0.2264     0.2264     1.3810     0.3894
   -2.6378   -32.8451     0.9284  -281.6000     0.0506     1.2878     4.0580  2508.5000   123.6500     0.0010     0.2025     0.2025     0.2025     1.4812     0.2694
   -2.9857   -24.9240     0.6919  -401.8000     0.0296     1.3235     4.1510  2016.0000    77.2550     0.0011     0.4661     0.4661     0.4661     1.2004     0.1083
   -2.7428   -24.3487     0.9653  -498.9000     0.0269     1.3476     5.8400  2809.2500   166.7450     0.0008     0.3211     0.3211     0.3211     0.9095     0.2419
   -3.3388   -28.7047     0.6777  -377.9000     0.0384     1.3110     2.2800   729.2500   177.5900     0.0010     0.2910     0.2910     0.2910     1.2341     0.1017
   -2.8460   -30.0137     0.8104  -514.9000     0.0229     1.2643     4.3950  1357.5000    83.2700     0.0010     0.5701     0.5701     0.5701     0.2305     0.2838
   -2.7127   -26.8039     0.6604  -851.6000     0.0544     1.2998     6.5830   998.7500   176.7500     0.0011     0.6733     0.6733     0.6733     1.4657     0.1500
   -2.0823   -25.0296     0.9482  -971.5000     0.0330     1.4947     6.9060   989.5000    51.4250     0.0011     0.6556     0.6556     0.6556     0.8623     0.2183
   -2.2061   -34.8207     0.8739  -794.3000     0.0344     1.4575     1.9400  1108.2500   174.2600     0.0008     0.2974     0.2974     0.2974     1.4538     0.3635
   -3.1414   -28.3890     0.6450  -677.4000     0.0329     1.3357     0.5110  2876.7500    94.2800     0.0009     0.5468     0.5468     0.5468     0.5621     0.1113
   -2.1062   -26.0922     0.6374  -953.3000     0.0494     1.0172     9.3490  1916.0000   197.0300     0.0014     0.3960     0.3960     0.3960     1.1289     0.3036
   -2.5154   -29.5462     0.7271  -482.2000     0.0363     1.3119     4.6950  1206.5000   177.9200     0.0007     0.6284     0.6284     0.6284     1.2526     0.3222
   -2.4413   -24.6952     0.6593  -581.2000     0.0382     1.0718     7.0680  1577.2500   124.9100     0.0005     0.5394     0.5394     0.5394     0.9358     0.1164
   -2.7743   -25.2232     0.8276  -298.1000     0.0526     1.2395     4.1220  2889.5000   125.8250     0.0012     0.4649     0.4649     0.4649     0.6635     0.3161
   -3.1303   -32.3820     0.8795  -691.7000     0.0319     1.4764     9.9600  2089.2500    54.1400     0.0010     0.7833     0.7833     0.7833     1.0780     0.3577
   -3.3860   -29.6804     0.9660  -919.3000     0.0211     1.4920     5.2540   873.2500    91.2050     0.0014     0.2489     0.2489     0.2489     1.4828     0.2319
   -2.6208   -27.1042     0.5599  -931.9000     0.0309     1.4901     3.8990  2322.2500   109.0400     0.0011     0.3475     0.3475     0.3475     1.3872     0.3323
   -2.1065   -30.3756     0.9364    -7.4000     0.0291     1.1681     9.0850   515.2500   111.7850     0.0013     0.4942     0.4942     0.4942     0.6956     0.3649
   -2.9865   -29.3339     0.7289   -24.3000     0.0435     1.1390     0.2830  1336.7500   187.1000     0.0014     0.2954     0.2954     0.2954     1.0083     0.3924
   -3.3091   -33.4754     0.6679  -742.8000     0.0307     1.0996     4.7610  2706.7500   116.8250     0.0009     0.4275     0.4275     0.4275     0.7315     0.3666
   -2.3956   -25.4311     0.9476  -690.9000     0.0585     1.0913     6.0010  2882.7500   125.9600     0.0010     0.4987     0.4987     0.4987     1.0621     0.1994
   -2.9349   -33.6701     0.7540  -719.8000     0.0384     1.2888     4.9560   710.5000    55.4300     0.0007     0.4078     0.4078     0.4078     0.5375     0.1911
   -2.2096   -34.1288     0.5575  -754.5000     0.0419     1.2984     7.3380  1659.0000   150.3650     0.0011     0.2998     0.2998     0.2998     0.9653     0.1685
   -2.7812   -34.0056     0.5773  -561.6000     0.0467     1.1751     0.3390  2037.0000   115.4450     0.0006     0.7924     0.7924     0.7924     1.2578     0.2899
   -3.3529   -34.9153     0.9427  -825.5000     0.0243     1.3032     5.3390  1641.0000    54.3050     0.0010     0.4435     0.4435     0.4435     0.5302     0.3496
   -2.9483   -24.1111     0.6689  -795.6000     0.0536     1.0371     3.2450  2242.5000   121.7900     0.0006     0.5627     0.5627     0.5627     1.4147     0.2583
   -2.2029   -24.5698     0.9536  -659.2000     0.0237     1.4706     7.5570  1188.2500   117.7250     0.0007     0.7087     0.7087     0.7087     0.1284     0.3699
   -2.7593   -27.5596     0.7897  -940.2000     0.0490     1.3377     5.6140  1359.5000   126.6500     0.0006     0.6226     0.6226     0.6226     1.2430     0.1423
   -2.6699   -31.1863     0.6232  -973.8000     0.0386     1.0724     0.6150  2695.5000   130.5950     0.0009     0.2270     0.2270     0.2270     0.2669     0.3826
   -2.5987   -29.8124     0.8350  -867.6000     0.0497     1.4106     1.7160  2984.2500    54.6050     0.0007     0.3096     0.3096     0.3096     0.5074     0.3946
   -2.4781   -29.1975     0.9173  -816.0000     0.0304     1.2599     6.7800  1589.7500   102.8150     0.0012     0.6647     0.6647     0.6647     0.7082     0.3115
   -2.8451   -33.3544     0.6480  -202.6000     0.0439     1.4354     6.5260   807.0000    83.4800     0.0005     0.6489     0.6489     0.6489     0.2355     0.3565
   -3.4808   -34.8845     0.7596  -473.8000     0.0268     1.0457     0.0400   967.7500    83.8850     0.0014     0.6552     0.6552     0.6552     0.3052     0.2689
   -2.3858   -27.4584     0.6537  -296.4000     0.0250     1.4661     0.4190  2997.2500   141.8150     0.0011     0.3321     0.3321     0.3321     0.7549     0.3757
   -2.3487   -33.5271     0.8116   -95.0000     0.0555     1.0353     7.3850  1662.0000   130.9250     0.0007     0.4397     0.4397     0.4397     0.8216     0.2155
   -2.2571   -31.4866     0.8365  -407.9000     0.0268     1.4723     3.3400  1934.5000    84.2900     0.0010     0.6324     0.6324     0.6324     0.9964     0.1192
   -2.8885   -30.7936     0.8196  -575.5000     0.0527     1.1615     6.6170  1801.0000   175.1000     0.0005     0.4312     0.4312     0.4312     0.5073     0.1792
   -2.3744   -30.6231     0.8858  -311.4000     0.0526     1.4791     2.7310  1610.7500    72.5000     0.0007     0.3215     0.3215     0.3215     0.3594     0.3216
   -3.2582   -28.7575     0.9159  -347.2000     0.0311     1.0643     3.4420  1870.7500   163.2650     0.0013     0.4210     0.4210     0.4210     1.3831     0.2787
   -3.0971   -28.8411     0.7755  -672.2000     0.0449     1.3212     6.1490  1209.5000   122.4350     0.0007     0.2594     0.2594     0.2594     1.1958     0.1179
   -2.9304   -32.9551     0.9305  -803.7000     0.0331     1.0858     0.2140  1703.7500    94.1450     0.0008     0.4304     0.4304     0.4304     0.4577     0.1131
   -3.0072   -34.6645     0.9836  -738.1000     0.0322     1.3115     8.2220  1058.7500   144.5900     0.0010     0.4687     0.4687     0.4687     0.4179     0.3552
   -2.5286   -33.8714     0.8098  -453.8000     0.0385     1.4394     6.3620  2987.7500   168.4400     0.0010     0.4262     0.4262     0.4262     0.3449     0.3468
   -2.2902   -33.0948     0.6229  -108.8000     0.0423     1.2545     0.1390  2463.0000    83.3900     0.0007     0.6552     0.6552     0.6552     0.8603     0.1101
   -2.4935   -32.5668     0.7965  -417.1000     0.0214     1.1642     3.1310  2392.5000   154.5050     0.0005     0.2778     0.2778     0.2778     0.7671     0.1823
   -2.9386   -27.8170     0.8136  -432.5000     0.0291     1.4528     2.5320   739.7500    57.7250     0.0011     0.4929     0.4929     0.4929     1.2595     0.2581
   -2.1890   -32.5910     0.9725  -381.7000     0.0390     1.0755     5.0290  1546.7500   160.4600     0.0006     0.6645     0.6645     0.6645     0.9378     0.1236
   -3.4165   -32.9386     0.7293  -309.5000     0.0307     1.0181     9.1060  2010.5000   110.7350     0.0010     0.5335     0.5335     0.5335     0.5707     0.2189
   -2.0987   -28.5254     0.9450  -576.1000     0.0369     1.3444     2.6400  1354.5000    82.8200     0.0010     0.6487     0.6487     0.6487     1.2659     0.3812
   -2.2007   -29.7563     0.6640  -190.9000     0.0397     1.3518     8.5520  1558.5000   165.9500     0.0012     0.4669     0.4669     0.4669     1.3484     0.2179
   -2.6321   -30.3228     0.5472  -979.2000     0.0551     1.2023     0.5610  2586.5000   119.1650     0.0008     0.2205     0.2205     0.2205     1.1298     0.3081
   -2.6684   -34.2432     0.5811  -394.9000     0.0309     1.3937     8.4470  1179.5000    96.0800     0.0011     0.7607     0.7607     0.7607     0.8150     0.1062
   -2.8552   -28.1085     0.8657  -951.1000     0.0568     1.4144     5.0080   719.7500   169.6700     0.0008     0.4760     0.4760     0.4760     0.6419     0.3929
   -2.2906   -31.1500     0.8584  -541.8000     0.0406     1.4512     0.1200   588.5000   140.2400     0.0005     0.2172     0.2172     0.2172     1.2971     0.2385
   -2.4076   -31.6131     0.9266  -572.4000     0.0563     1.0036     8.1530  2367.5000   169.1300     0.0010     0.5410     0.5410     0.5410     1.1966     0.3107
   -3.2999   -26.6972     0.8757  -639.9000     0.0305     1.0723     4.0310  1605.0000   144.8300     0.0007     0.7462     0.7462     0.7462     0.5159     0.2847
   -2.0837   -34.0540     0.5940  -558.1000     0.0255     1.1828     8.1890  1207.2500   134.7350     0.0010     0.5118     0.5118     0.5118     0.6586     0.1661
   -2.7680   -27.0404     0.6259    -1.5000     0.0204     1.2480     6.2690  1026.2500   110.7650     0.0007     0.2293     0.2293     0.2293     1.3974     0.1131
   -3.2199   -24.9955     0.5679  -769.3000     0.0253     1.1316     1.8640  2741.0000   191.2550     0.0005     0.7851     0.7851     0.7851     1.0859     0.3471
   -3.0412   -34.4764     0.7673  -788.3000     0.0255     1.4408     9.6410  2219.5000    91.1450     0.0008     0.2688     0.2688     0.2688     0.1585     0.3951
   -2.2668   -29.4890     0.5655  -832.9000     0.0355     1.2564     1.5930  1153.5000    56.0900     0.0010     0.7842     0.7842     0.7842     0.7114     0.3376
   -2.9668   -33.6833     0.9826  -876.6000     0.0395     1.2007     3.4490   503.7500   188.7200     0.0014     0.7466     0.7466     0.7466     0.3528     0.2259
   -2.0780   -28.1811     0.7158  -891.8000     0.0207     1.4390     1.2900   597.5000   125.5100     0.0012     0.2199     0.2199     0.2199     0.3367     0.3070
   -3.3321   -27.2659     0.8133  -351.4000     0.0445     1.3075     2.0500  2179.5000   199.5350     0.0007     0.4038     0.4038     0.4038     0.6412     0.1938
   -3.4955   -26.3078     0.8626  -882.2000     0.0246     1.3775     9.2620  1632.5000    81.7700     0.0015     0.7314     0.7314     0.7314     0.2187     0.2640
   -3.0020   -27.6861     0.6119  -293.3000     0.0334     1.4708     4.5710  2855.5000    57.4400     0.0009     0.2818     0.2818     0.2818     1.1795     0.1997
   -2.5493   -28.4561     0.8521  -975.0000     0.0238     1.4038     0.9860  1287.2500   140.6000     0.0006     0.4155     0.4155     0.4155     1.0365     0.1854
   -2.9139   -24.7843     0.6219  -363.2000     0.0564     1.0970     4.7990  1964.5000   173.3150     0.0014     0.4855     0.4855     0.4855     0.7780     0.1645
   -2.7560   -32.2808     0.9662  -590.3000     0.0440     1.0257     7.5110  2380.7500   127.4300     0.0007     0.4338     0.4338     0.4338     1.2773     0.1829
   -2.4419   -28.5210     0.7064  -880.9000     0.0529     1.3614     7.0360  1171.0000   169.1600     0.0009     0.5816     0.5816     0.5816     1.2532     0.3978
   -2.6717   -25.2331     0.6705  -687.9000     0.0411     1.0764     2.2560  2518.0000   148.9400     0.0006     0.4142     0.4142     0.4142     1.1025     0.2010
   -3.1469   -28.7916     0.5426  -487.4000     0.0287     1.4267     5.7990  2573.5000   190.4150     0.0012     0.6697     0.6697     0.6697     0.6321     0.1918
   -3.3952   -31.5328     0.6757  -373.5000     0.0541     1.4665     6.7080  1562.5000   118.4900     0.0012     0.6810     0.6810     0.6810     0.9897     0.1265
   -2.8499   -34.4115     0.8294  -477.7000     0.0377     1.4753     5.0200  2158.7500    53.4350     0.0014     0.3039     0.3039     0.3039     0.8041     0.3308
   -2.8421   -24.8448     0.7514  -340.0000     0.0577     1.2082     6.7540  2392.5000   163.4600     0.0013     0.4658     0.4658     0.4658     1.0677     0.3144
   -3.0445   -33.7482     0.8776  -403.7000     0.0448     1.4705     9.3080  2366.2500   155.8850     0.0005     0.6411     0.6411     0.6411     0.2924     0.1590
   -3.2334   -29.7684     0.5057  -306.1000     0.0337     1.0173     5.4760  2481.0000   105.7400     0.0008     0.2110     0.2110     0.2110     1.3124     0.2680
   -2.5030   -33.4435     0.5017  -810.3000     0.0313     1.1579     5.0150  1373.0000   167.3900     0.0015     0.3586     0.3586     0.3586     1.1683     0.2519
   -2.7778   -26.3815     0.5002  -269.2000     0.0301     1.3260     2.5180  1420.5000    89.0300     0.0013     0.6974     0.6974     0.6974     0.5497     0.2351
   -2.0562   -24.9449     0.6866  -306.4000     0.0529     1.1149     4.5960  2527.2500   157.3550     0.0012     0.7638     0.7638     0.7638     1.1583     0.3500
   -2.8268   -26.2935     0.6817  -980.7000     0.0393     1.1869     5.7010  2307.5000   115.9400     0.0013     0.2299     0.2299     0.2299     0.8857     0.2381
   -3.3099   -27.3165     0.7394  -219.0000     0.0545     1.1242     7.5630   507.2500    84.8150     0.0007     0.2743     0.2743     0.2743     1.2997     0.3557
   -3.0717   -34.5479     0.8633  -165.2000     0.0499     1.2423     1.0000  1142.0000   185.7350     0.0006     0.3264     0.3264     0.3264     0.7147     0.1935
   -2.0865   -32.6724     0.7434  -608.1000     0.0264     1.2207     8.4630   606.0000    80.6450     0.0007     0.6087     0.6087     0.6087     1.0818     0.3158
   -3.4644   -31.0147     0.8950  -547.0000     0.0571     1.0653     5.7910  2098.5000    56.6450     0.0007     0.2581     0.2581     0.2581     0.7369     0.1719
   -2.2986   -34.9252     0.6547  -783.7000     0.0294     1.1647     6.6150  2607.5000   132.0650     0.0009     0.4926     0.4926     0.4926     0.8206     0.2353
   -2.0978   -27.2681     0.8366  -860.3000     0.0256     1.0083     6.4900  1973.2500   117.0650     0.0012     0.2097     0.2097     0.2097     0.6347     0.3931
   -3.4518   -29.5110     0.5779  -330.2000     0.0297     1.4363     7.2680  2122.2500   135.1100     0.0014     0.2308     0.2308     0.2308     0.5571     0.3756
   -3.2919   -34.0639     0.6026  -309.7000     0.0288     1.1540     8.5960  2544.5000   122.1500     0.0015     0.4225     0.4225     0.4225     1.2663     0.3818
   -2.6452   -25.0549     0.5017  -157.9000     0.0337     1.4118     0.4030  2358.7500   134.1050     0.0013     0.2599     0.2599     0.2599     0.1260     0.3830
   -2.0456   -24.2024     0.7565  -447.0000     0.0338     1.1727     4.7450  1427.7500    99.3500     0.0010     0.3009     0.3009     0.3009     0.6278     0.2292
   -2.1260   -27.2978     0.9323  -568.9000     0.0373     1.4049     1.7650  1609.0000   115.3250     0.0005     0.3222     0.3222     0.3222     0.2513     0.3560
   -2.5431   -31.3887     0.9658  -118.6000     0.0203     1.3848     1.6890  1383.7500    70.3850     0.0007     0.5920     0.5920     0.5920     0.8599     0.3067
   -2.2641   -31.7902     0.9293  -257.6000     0.0279     1.3651     4.9140  1506.0000   100.0250     0.0006     0.5725     0.5725     0.5725     0.2443     0.3544
   -2.8937   -26.2011     0.6252  -506.4000     0.0367     1.0270     6.2030  2411.0000    64.8650     0.0006     0.5404     0.5404     0.5404     0.2996     0.1577
   -2.3964   -27.3517     0.9597  -544.0000     0.0271     1.1290     4.9660  1221.0000   127.0250     0.0005     0.2635     0.2635     0.2635     0.8090     0.2823
   -2.9999   -26.8149     0.6905  -249.9000     0.0419     1.3731     2.1470  1119.7500   110.8550     0.0007     0.3012     0.3012     0.3012     0.7930     0.2458
   -2.2847   -26.1692     0.5803  -510.1000     0.0456     1.2645     5.7310  2161.2500   198.2300     0.0005     0.3676     0.3676     0.3676     0.1466     0.2877
   -2.8763   -30.5219     0.7090  -381.0000     0.0524     1.1081     9.9710  1279.2500   138.6800     0.0005     0.5340     0.5340     0.5340     0.4681     0.1727
   -3.1098   -24.0605     0.7295  -409.1000     0.0582     1.3095     3.0550  2559.0000   125.7200     0.0007     0.7047     0.7047     0.7047     1.3144     0.3261
   -3.4673   -32.5305     0.8679  -144.8000     0.0569     1.0658     0.5520  1232.5000   144.7700     0.0013     0.5315     0.5315     0.5315     0.5857     0.1392
   -2.3112   -30.3041     0.6780  -461.5000     0.0351     1.1086     6.9930   864.0000    97.2200     0.0010     0.6148     0.6148     0.6148     1.2367     0.2727
   -2.9600   -28.6387     0.5978  -524.1000     0.0274     1.2399     2.5110  1474.5000   110.5850     0.0007     0.2326     0.2326     0.2326     1.0983     0.1209
   -2.2626   -24.7227     0.5965   -59.3000     0.0289     1.3644     0.1720   611.7500   161.5700     0.0015     0.5286     0.5286     0.5286     0.3470     0.2382
   -2.1168   -26.5102     0.8797  -555.6000     0.0412     1.0903     0.5580  1727.2500   120.7250     0.0013     0.3014     0.3014     0.3014     1.2036     0.3582
   -2.8080   -34.1662     0.5250  -456.3000     0.0592     1.0769     4.2950   623.5000   169.7900     0.0009     0.3059     0.3059     0.3059     1.1767     0.1891
   -2.6735   -30.3503     0.7104   -12.2000     0.0446     1.1714     0.6650   869.5000   130.2800     0.0006     0.4883     0.4883     0.4883     0.8886     0.3912
   -2.7231   -29.9576     0.5821  -478.6000     0.0314     1.4079     6.2510   711.2500    57.1400     0.0012     0.7382     0.7382     0.7382     1.1121     0.2244
   -3.0266   -33.6008     0.6946    -7.7000     0.0365     1.2063     9.8170  2055.7500   126.9800     0.0009     0.7659     0.7659     0.7659     0.3267     0.3740
   -3.1514   -33.1047     0.9915  -704.0000     0.0262     1.4983     8.8470  1539.5000    98.1500     0.0012     0.5346     0.5346     0.5346     0.7432     0.3334
   -2.7995   -27.3220     0.9273  -548.0000     0.0411     1.1052     8.7300  2960.5000   143.4800     0.0013     0.7522     0.7522     0.7522     0.7570     0.1590
   -2.2499   -25.9140     0.7255  -873.5000     0.0381     1.2420     0.4110  2438.5000   126.7850     0.0010     0.2358     0.2358     0.2358     1.1352     0.2099
   -3.1578   -28.6959     0.8155  -853.4000     0.0246     1.0463     8.9740  2978.7500   135.4100     0.0006     0.3980     0.3980     0.3980     1.4325     0.2162
   -3.4861   -31.0598     0.9251  -437.8000     0.0312     1.0714     3.1130  2542.5000   103.4450     0.0010     0.4767     0.4767     0.4767     1.2512     0.1298
   -3.1368   -27.0591     0.8386  -314.6000     0.0324     1.4263     8.0900  2215.5000   181.9550     0.0014     0.4871     0.4871     0.4871     0.8129     0.3658
   -2.7630   -24.3344     0.5062   -63.2000     0.0379     1.4769     9.5190   796.5000    92.5400     0.0006     0.6322     0.6322     0.6322     0.3639     0.3422
   -2.7071   -24.5027     0.8829  -603.0000     0.0288     1.1282     3.2740  2862.2500    91.9850     0.0007     0.6192     0.6192     0.6192     1.4446     0.3737
   -2.7869   -29.0039     0.8456  -299.6000     0.0298     1.0228     7.7220  2078.7500   128.8250     0.0013     0.2029     0.2029     0.2029     1.2474     0.3017
   -2.7456   -32.8660     0.9071  -984.9000     0.0501     1.3470     0.2050  2184.5000   135.0200     0.0012     0.5559     0.5559     0.5559     0.1609     0.1226
   -2.3960   -24.5731     0.5945  -950.8000     0.0235     1.1562     1.4690   729.2500   102.5750     0.0013     0.6765     0.6765     0.6765     0.4899     0.2570
   -2.4207   -27.5024     0.6836  -276.8000     0.0276     1.0236     2.7650  1635.0000   147.9800     0.0006     0.3954     0.3954     0.3954     0.6331     0.2669
   -2.0025   -24.0374     0.8203  -220.6000     0.0343     1.0321     0.0200  2178.0000   132.8450     0.0006     0.4834     0.4834     0.4834     1.3929     0.3777
   -2.1208   -26.3122     0.5135  -392.4000     0.0234     1.4678     7.7710  1613.5000   114.2600     0.0008     0.5871     0.5871     0.5871     0.8881     0.3273
   -2.6623   -31.5163     0.7061  -763.2000     0.0453     1.4933     0.3920  2929.7500   122.0600     0.0012     0.2383     0.2383     0.2383     1.3659     0.3778
   -3.1334   -30.4218     0.5022   -40.1000     0.0279     1.4730     1.2470  2815.0000   175.5650     0.0005     0.4641     0.4641     0.4641     0.2009     0.2904
   -2.4797   -29.8223     0.8946  -361.5000     0.0205     1.2487     1.2430  2044.2500    60.3200     0.0015     0.6433     0.6433     0.6433     0.7000     0.2707
   -2.2001   -33.3918     0.9645  -919.7000     0.0302     1.4788     9.4520   919.7500   173.0000     0.0005     0.2224     0.2224     0.2224     1.0745     0.2897
   -2.6876   -33.2334     0.7883  -632.8000     0.0309     1.0385     8.1630  1843.0000   165.8150     0.0011     0.3861     0.3861     0.3861     0.1392     0.1287
   -2.3883   -28.8037     0.5436  -234.8000     0.0506     1.3659     7.2540  2743.7500    84.4700     0.0012     0.2464     0.2464     0.2464     1.4558     0.2697
   -2.1439   -33.1861     0.6770  -148.7000     0.0595     1.1781     6.2130  2913.7500   191.7050     0.0011     0.6637     0.6637     0.6637     1.3190     0.3612
   -3.2020   -25.8524     0.7979  -490.7000     0.0577     1.2907     5.2210  2400.5000   163.3550     0.0011     0.5075     0.5075     0.5075     0.8230     0.1385
   -2.9384   -26.0108     0.9347  -303.0000     0.0433     1.1679     8.4430  1013.7500    93.4550     0.0008     0.2841     0.2841     0.2841     0.9943     0.3212
   -2.2750   -26.8941     0.5270  -836.0000     0.0410     1.1760     1.5450  2103.5000   134.6750     0.0009     0.5012     0.5012     0.5012     0.7177     0.1861
   -2.8668   -28.6739     0.9123  -166.4000     0.0578     1.4320     4.4690  1366.0000    76.8500     0.0014     0.6404     0.6404     0.6404     0.5085     0.2706
   -2.2831   -27.4892     0.6420  -920.5000     0.0559     1.2866     6.4710  1500.7500    97.3100     0.0008     0.7070     0.7070     0.7070     0.4297     0.3083
   -2.7346   -30.7342     0.8337  -573.4000     0.0269     1.0039     5.8950  1486.2500   199.4450     0.0011     0.3683     0.3683     0.3683     1.4769     0.2087
   -3.3982   -26.1758     0.5877  -326.8000     0.0302     1.0822     3.3530   520.7500    52.8050     0.0006     0.7848     0.7848     0.7848     1.2151     0.2170
   -3.0670   -27.6454     0.8595  -730.0000     0.0465     1.4180     6.2390  1203.7500    57.5600     0.0013     0.7682     0.7682     0.7682     1.3233     0.3529
   -2.2376   -28.6101     0.5403  -236.7000     0.0203     1.4060     4.4530   933.2500   102.9050     0.0013     0.2564     0.2564     0.2564     0.8466     0.3091
   -2.7667   -30.6110     0.8926  -895.7000     0.0296     1.1179     3.7690  2354.0000   133.4750     0.0008     0.3755     0.3755     0.3755     1.0001     0.2908
   -3.3317   -29.8751     0.7135  -415.5000     0.0545     1.1890     4.2400  1777.2500   179.7350     0.0007     0.3268     0.3268     0.3268     0.6652     0.2679
   -2.9750   -34.8119     0.6613  -225.4000     0.0231     1.0082     7.9480  2714.0000   125.5700     0.0007     0.7154     0.7154     0.7154     0.8469     0.1209
   -2.6791   -25.7985     0.6338  -135.7000     0.0314     1.1289     4.4320   937.7500   167.4650     0.0014     0.6148     0.6148     0.6148     1.1853     0.1357
   -2.7947   -30.5945     0.6056  -526.9000     0.0495     1.4349     3.9980   800.0000   195.6500     0.0007     0.5820     0.5820     0.5820     0.8524     0.3782
   -2.2706   -31.0378     0.8146  -916.9000     0.0412     1.1767     5.4500   794.7500   189.0650     0.0010     0.2121     0.2121     0.2121     0.2868     0.1578
   -2.7283   -27.5332     0.9757  -478.9000     0.0590     1.0181     5.3600  2549.5000   145.4300     0.0010     0.5475     0.5475     0.5475     1.0869     0.3442
   -2.3954   -32.0949     0.7819  -311.2000     0.0515     1.2978     3.7400   567.7500   123.4550     0.0009     0.2774     0.2774     0.2774     1.2599     0.2121
   -2.0223   -28.7234     0.9340  -607.4000     0.0263     1.0513     2.6360  1876.2500    55.4750     0.0012     0.5982     0.5982     0.5982     1.3713     0.2943
   -3.2645   -34.4907     0.9314  -284.4000     0.0460     1.4481     8.2750  2901.2500    89.9900     0.0013     0.5387     0.5387     0.5387     0.6506     0.3573
   -3.0854   -31.7693     0.8781  -707.7000     0.0406     1.2772     5.6860   888.7500   119.1500     0.0014     0.4386     0.4386     0.4386     1.4937     0.1107
   -2.5482   -24.1694     0.6035  -685.7000     0.0275     1.2990     6.8760  2460.5000    60.8000     0.0011     0.7251     0.7251     0.7251     1.4772     0.1375
   -3.1543   -31.0983     0.7428  -811.0000     0.0288     1.1378     1.4230  1440.7500    88.2350     0.0008     0.3634     0.3634     0.3634     0.3848     0.3764
   -3.3651   -30.2623     0.7508  -987.7000     0.0215     1.0497     7.9430  2134.5000   173.2850     0.0014     0.7484     0.7484     0.7484     0.7059     0.2040
   -2.4577   -28.8521     0.9778  -193.0000     0.0575     1.1310     6.6640  1641.7500   116.1950     0.0013     0.7779     0.7779     0.7779     0.7051     0.2540
   -3.1073   -30.8728     0.9596   -40.8000     0.0251     1.1468     9.7220  2076.2500    66.0050     0.0006     0.2953     0.2953     0.2953     0.6051     0.1482
   -2.0726   -27.1746     0.8872  -813.4000     0.0463     1.2389     9.1260  2698.2500   146.9600     0.0006     0.6214     0.6214     0.6214     0.3811     0.2380
   -2.1991   -25.9360     0.5603  -911.8000     0.0267     1.4867     4.8800  1042.2500    82.0250     0.0006     0.5636     0.5636     0.5636     1.2225     0.2891
   -2.1722   -27.5409     0.5739  -864.5000     0.0229     1.1482     5.5200   976.5000   160.0250     0.0009     0.2788     0.2788     0.2788     0.6578     0.3165
   -2.9111   -28.1569     0.9488  -285.9000     0.0494     1.2803     1.5760  1002.2500   138.8750     0.0006     0.7450     0.7450     0.7450     0.4889     0.1634
   -2.5982   -27.4826     0.6059  -983.2000     0.0446     1.0890     3.3860   984.0000   182.1200     0.0005     0.5112     0.5112     0.5112     1.1836     0.1227
   -2.9855   -28.6695     0.8123  -358.6000     0.0241     1.3752     8.5440  1627.5000    65.9000     0.0006     0.7537     0.7537     0.7537     0.8384     0.3967
   -2.2439   -34.4819     0.7641  -487.9000     0.0521     1.4861     8.9020  2232.5000    91.8350     0.0008     0.4197     0.4197     0.4197     1.2284     0.3438
   -2.9910   -24.0946     0.5148  -118.0000     0.0460     1.4444     0.4400   562.0000   103.5050     0.0007     0.5460     0.5460     0.5460     0.3559     0.3784
   -3.1439   -34.5028     0.8536  -610.4000     0.0440     1.1567     8.0960   626.2500   138.6500     0.0011     0.3051     0.3051     0.3051     0.3670     0.2784
   -2.4155   -27.4793     0.6458  -701.6000     0.0304     1.3456     9.1410  1962.2500   142.8650     0.0006     0.3087     0.3087     0.3087     1.0141     0.3446
   -3.0987   -32.9089     0.5587  -171.7000     0.0311     1.4931     1.6670   733.5000   100.5800     0.0012     0.6088     0.6088     0.6088     0.7660     0.2798
   -2.4329   -34.2630     0.7694  -372.5000     0.0250     1.1158     8.6560  2745.5000   131.9000     0.0013     0.5494     0.5494     0.5494     0.4269     0.2367
   -3.0968   -34.4577     0.5644  -435.4000     0.0568     1.3078     8.2190  1487.5000   126.0350     0.0013     0.3525     0.3525     0.3525     0.3912     0.2652
   -3.4244   -34.2773     0.9794  -121.6000     0.0302     1.1524     9.0460  1861.0000    81.0350     0.0010     0.4347     0.4347     0.4347     0.5515     0.3909
   -3.4623   -30.8970     0.8652  -945.3000     0.0281     1.2226     5.3690   671.0000   164.1050     0.0008     0.7527     0.7527     0.7527     0.4515     0.2040
   -2.3007   -32.1994     0.9611  -937.9000     0.0396     1.4096     7.4210  1379.0000   174.6950     0.0015     0.5872     0.5872     0.5872     0.7626     0.1571
   -2.9195   -34.8647     0.9723  -674.1000     0.0440     1.1952     1.1820  1999.0000   177.5300     0.0014     0.6439     0.6439     0.6439     0.3295     0.3330
   -2.7843   -30.3085     0.7833  -994.2000     0.0240     1.2214     0.7770  2504.0000   196.6700     0.0008     0.3168     0.3168     0.3168     1.2019     0.1396
   -3.2225   -26.7071     0.9214  -416.6000     0.0471     1.4245     1.3090   903.7500   199.7600     0.0011     0.2001     0.2001     0.2001     1.0558     0.2201
   -2.3554   -24.6160     0.5291   -22.0000     0.0572     1.0276     9.0880  2328.5000   165.4250     0.0014     0.7131     0.7131     0.7131     0.2998     0.3294
   -2.1140   -29.1612     0.6773  -570.3000     0.0208     1.4289     9.1200   669.2500   116.0600     0.0014     0.4792     0.4792     0.4792     1.1151     0.2609
   -3.4152   -32.6757     0.6368  -944.5000     0.0230     1.0430     3.7180  1648.5000   136.1750     0.0012     0.2618     0.2618     0.2618     0.9849     0.1468
   -2.1953   -26.9601     0.9940  -223.3000     0.0282     1.3508     2.2870  2067.2500    86.4650     0.0005     0.5382     0.5382     0.5382     1.0327     0.2415
   -2.6282   -32.0256     0.9136  -594.0000     0.0333     1.3599     2.0280  2708.7500   183.1550     0.0014     0.2414     0.2414     0.2414     0.8235     0.1391
   -2.1513   -32.8044     0.9665  -213.2000     0.0372     1.3268     3.1510  1714.2500   180.7400     0.0014     0.7725     0.7725     0.7725     0.9582     0.1103
   -2.2527   -30.0104     0.6200  -878.3000     0.0300     1.0319     6.3220  2158.0000    72.5900     0.0013     0.2992     0.2992     0.2992     0.1889     0.3423
   -2.9163   -27.3275     0.6329  -549.7000     0.0421     1.1474     0.4960  2990.5000    73.1150     0.0012     0.6652     0.6652     0.6652     0.3373     0.2337
   -3.2793   -28.5386     0.8765  -485.5000     0.0302     1.2587     2.2520  2362.0000   170.4050     0.0006     0.7542     0.7542     0.7542     1.1630     0.2716
   -2.2640   -32.0509     0.9961  -606.1000     0.0532     1.1545     6.0240  1047.7500   119.8700     0.0005     0.5991     0.5991     0.5991     1.1539     0.2034
   -2.5184   -31.7440     0.7733  -920.8000     0.0485     1.4858     6.8960  2829.7500   194.4650     0.0011     0.5719     0.5719     0.5719     0.8430     0.1559
   -3.3186   -34.0837     0.8846  -964.3000     0.0245     1.3258     7.6250  1615.0000   117.8600     0.0005     0.7471     0.7471     0.7471     0.7980     0.2958
   -3.3295   -25.1924     0.9770  -197.8000     0.0357     1.2274     6.5730  1201.0000    71.2550     0.0014     0.7921     0.7921     0.7921     0.4147     0.3690
   -2.7910   -28.0304     0.9566  -183.3000     0.0390     1.1699     0.5080   704.5000   110.3150     0.0006     0.5193     0.5193     0.5193     0.5416     0.3048
   -3.0509   -26.3056     0.6918  -745.5000     0.0495     1.0808     3.4440  2541.2500   144.4550     0.0010     0.4707     0.4707     0.4707     0.9617     0.3230
   -2.0513   -30.4559     0.9362   -86.6000     0.0235     1.3638     8.9410   962.5000    68.2850     0.0006     0.6541     0.6541     0.6541     0.6394     0.3661
   -2.2067   -25.7039     0.5922  -470.6000     0.0231     1.2071     4.7800  1439.2500   180.1100     0.0014     0.7339     0.7339     0.7339     0.2322     0.2470
   -3.1064   -32.8484     0.5354  -406.9000     0.0257     1.3392     1.4070  2760.0000   150.2150     0.0014     0.4921     0.4921     0.4921     1.1490     0.3787
   -2.2469   -28.0139     0.5847  -575.3000     0.0279     1.4343     5.5750  1942.5000    90.8600     0.0013     0.2611     0.2611     0.2611     1.4654     0.1730
   -3.3297   -28.9478     0.6661  -218.4000     0.0240     1.2147     1.1980   856.7500   199.4000     0.0006     0.5631     0.5631     0.5631     0.2140     0.1804
   -3.3146   -33.5007     0.5885  -160.7000     0.0268     1.2026     6.4530  2772.2500    94.8800     0.0009     0.7440     0.7440     0.7440     0.2688     0.1259
   -2.1293   -33.9066     0.7096  -764.7000     0.0579     1.0707     5.5020  1354.2500    63.1850     0.0014     0.5452     0.5452     0.5452     0.6012     0.3960
   -3.2153   -28.8565     0.5188  -638.2000     0.0418     1.2403     2.3660  1494.7500   150.5900     0.0007     0.6050     0.6050     0.6050     1.0120     0.1409
   -3.4024   -26.8182     0.6139  -841.7000     0.0390     1.1707     8.8560  2078.0000   112.6550     0.0008     0.5799     0.5799     0.5799     0.6155     0.2089
   -2.2858   -25.6357     0.5257  -734.5000     0.0357     1.4778     2.3090   924.7500   142.2350     0.0013     0.5843     0.5843     0.5843     0.8868     0.3744
   -2.7077   -25.5147     0.6825  -690.2000     0.0445     1.1576     5.5790   788.5000    78.0200     0.0005     0.2253     0.2253     0.2253     1.0524     0.2826
   -2.2427   -24.1936     0.5734  -105.7000     0.0310     1.0848     0.9030  2024.7500   156.8150     0.0009     0.6070     0.6070     0.6070     0.6692     0.1237
   -2.9772   -32.7384     0.5492  -384.2000     0.0560     1.1812     6.9590  1571.5000   107.8550     0.0011     0.3922     0.3922     0.3922     0.4037     0.2313
   -2.0854   -29.4329     0.6203  -829.9000     0.0545     1.0505     7.8020  2722.2500    61.3400     0.0010     0.2089     0.2089     0.2089     0.7577     0.1223
   -2.5205   -25.3893     0.8518  -489.9000     0.0552     1.4219     6.5450  1397.0000   162.8900     0.0008     0.2535     0.2535     0.2535     0.6074     0.1802
   -2.7416   -26.8413     0.7354  -723.8000     0.0355     1.0772     9.7870   775.5000   196.7000     0.0009     0.5107     0.5107     0.5107     0.1862     0.1567
   -2.3563   -30.9641     0.9986   -41.6000     0.0343     1.1402     1.1710  2650.5000   114.9200     0.0013     0.6672     0.6672     0.6672     0.1763     0.3853
   -2.5191   -27.5244     0.6010  -401.7000     0.0331     1.1124     1.9930   808.2500   182.2250     0.0012     0.5056     0.5056     0.5056     1.2829     0.1457
   -3.0648   -24.1474     0.9625  -345.4000     0.0365     1.2591     2.5300  1278.5000   114.6500     0.0011     0.4247     0.4247     0.4247     1.4720     0.3645
   -3.2122   -25.3134     0.9828  -238.4000     0.0444     1.0387     3.5860  2649.7500   163.9400     0.0007     0.7105     0.7105     0.7105     0.3268     0.1339
   -2.3617   -29.3834     0.7110  -418.6000     0.0243     1.3875     5.6010  2740.2500   110.5250     0.0013     0.2339     0.2339     0.2339     0.3131     0.2650
   -2.9230   -32.8396     0.5865  -683.6000     0.0501     1.3336     3.2110  1481.2500   135.6350     0.0008     0.4108     0.4108     0.4108     1.1560     0.1278
   -3.0880   -28.8697     0.5282  -439.5000     0.0324     1.4531     0.6330   956.5000   133.0700     0.0008     0.6114     0.6114     0.6114     0.7975     0.1959
   -2.7085   -28.2911     0.8353    -6.4000     0.0215     1.4005     7.8490  2915.5000    63.3350     0.0010     0.2242     0.2242     0.2242     0.6209     0.1027
   -2.4891   -34.9032     0.9318  -675.2000     0.0277     1.2204     4.0040  2873.7500    61.7900     0.0010     0.5179     0.5179     0.5179     0.1351     0.3966
   -3.4763   -26.7335     0.6084  -561.9000     0.0583     1.1738     8.9120   923.2500   199.9700     0.0007     0.2006     0.2006     0.2006     0.7712     0.3117
   -3.2193   -33.2675     0.9607  -164.5000     0.0587     1.2359     4.1980  1706.2500    94.6400     0.0012     0.7288     0.7288     0.7288     0.4658     0.1357
   -3.0642   -26.5311     0.9935  -826.7000     0.0260     1.3962     6.4130  1898.5000   162.9050     0.0009     0.3310     0.3310     0.3310     0.7108     0.1820
   -3.0777   -34.5259     0.7957  -402.9000     0.0255     1.4242     8.4720  2892.7500   155.6150     0.0006     0.5943     0.5943     0.5943     0.8357     0.2274
   -2.8169   -34.2905     0.8580  -491.0000     0.0266     1.1321     7.6350  1733.5000   119.4200     0.0015     0.6708     0.6708     0.6708     1.2283     0.3901
   -2.7641   -30.2799     0.8853  -805.5000     0.0204     1.0559     3.3160  1156.5000    54.2000     0.0011     0.2002     0.2002     0.2002     1.3534     0.1731
   -2.3450   -33.4809     0.7656  -248.6000     0.0372     1.3699     0.2620   678.0000   188.8100     0.0014     0.4332     0.4332     0.4332     0.2683     0.3725
   -2.2055   -31.4250     0.5244  -218.9000     0.0559     1.2288     1.1870  2019.7500   159.5300     0.0011     0.7411     0.7411     0.7411     0.1682     0.3598
   -2.6574   -34.6546     0.5008  -403.5000     0.0394     1.4988     4.1870  2635.5000   101.0900     0.0009     0.5209     0.5209     0.5209     0.6459     0.3908
   -2.1056   -24.8866     0.6588  -860.6000     0.0557     1.4170     1.3800  1739.5000   170.7200     0.0007     0.7957     0.7957     0.7957     0.8259     0.1426
   -3.4222   -28.7608     0.6281  -230.3000     0.0548     1.1564     5.8440  1021.7500   184.6850     0.0007     0.7825     0.7825     0.7825     0.1654     0.2552
   -3.4925   -24.4059     0.5857  -569.3000     0.0284     1.4314     0.2920  1765.2500   186.1700     0.0010     0.2306     0.2306     0.2306     0.1606     0.1583
   -3.4486   -29.0336     0.6429  -538.3000     0.0340     1.1203     5.0200  2251.5000    70.2050     0.0007     0.4228     0.4228     0.4228     1.3032     0.2881
   -3.4074   -27.3561     0.7127  -346.2000     0.0258     1.0470     5.1670  2700.0000    62.2400     0.0010     0.5151     0.5151     0.5151     0.7474     0.1435
   -2.1660   -28.0678     0.5645  -657.0000     0.0548     1.0483     1.2460  2942.0000   183.6950     0.0009     0.6994     0.6994     0.6994     0.4710     0.2985
   -2.0455   -24.2805     0.9300  -157.4000     0.0327     1.1652     5.3190  2412.5000   112.6400     0.0012     0.3938     0.3938     0.3938     1.0166     0.2024
   -3.2443   -34.5072     0.9336  -640.4000     0.0517     1.1622     6.1160  1926.2500   144.4100     0.0006     0.3731     0.3731     0.3731     0.6646     0.3288
   -2.9455   -24.6028     0.9691  -459.2000     0.0389     1.0330     7.8090   675.0000   105.8450     0.0013     0.2763     0.2763     0.2763     0.5458     0.3917
   -2.1506   -26.1923     0.6699  -516.9000     0.0510     1.3319     8.6070  1356.7500   147.8450     0.0010     0.2386     0.2386     0.2386     0.7488     0.2334
   -3.4847   -24.9988     0.7974    -4.5000     0.0439     1.3492     2.2490  1844.5000    87.6500     0.0015     0.4074     0.4074     0.4074     1.2056     0.1089
   -2.5076   -31.3370     0.9421  -716.3000     0.0307     1.1144     1.7510   546.7500    94.7750     0.0012     0.6060     0.6060     0.6060     1.3485     0.2870
   -3.1566   -28.7036     0.5165  -229.2000     0.0579     1.1520     3.8480  1265.2500   100.2800     0.0011     0.3458     0.3458     0.3458     1.1195     0.1525
   -2.2151   -33.1905     0.6022  -130.3000     0.0525     1.0654     9.7910  1294.2500   121.0100     0.0008     0.2497     0.2497     0.2497     1.0996     0.2432
   -2.4059   -30.5824     0.5974  -250.4000     0.0527     1.1452     1.9850  1129.7500    79.4900     0.0008     0.6989     0.6989     0.6989     0.3127     0.1330
   -2.9051   -34.1486     0.6991  -107.4000     0.0227     1.4676     3.2850   847.5000    65.4050     0.0014     0.5903     0.5903     0.5903     0.4394     0.3804
   -3.3086   -31.4602     0.5647  -477.3000     0.0418     1.2287     0.6350  1667.7500   153.1700     0.0013     0.5175     0.5175     0.5175     1.3422     0.3029
   -2.7944   -29.1568     0.8754  -578.0000     0.0250     1.1662     1.4710   718.7500   196.1450     0.0014     0.4206     0.4206     0.4206     1.2208     0.1327
   -2.4405   -26.6719     0.5863  -425.3000     0.0357     1.0110     8.6910   594.5000   147.5900     0.0014     0.3447     0.3447     0.3447     1.0185     0.2995
   -3.1330   -30.4119     0.8325  -645.7000     0.0216     1.4783     9.7260  2066.0000   182.5400     0.0012     0.2733     0.2733     0.2733     1.3908     0.1530
   -2.7653   -25.6511     0.6282  -206.3000     0.0295     1.1855     8.9380   646.7500   191.3000     0.0006     0.5324     0.5324     0.5324     0.4832     0.3229
   -2.6025   -27.5640     0.5342  -399.9000     0.0272     1.3196     4.6000   773.5000   122.5400     0.0013     0.2480     0.2480     0.2480     0.3622     0.3187
   -3.4376   -27.3891     0.7896  -384.6000     0.0484     1.0941     8.3630   945.5000   117.6200     0.0009     0.4811     0.4811     0.4811     0.7791     0.3399
   -2.3058   -30.4526     0.5627  -199.2000     0.0394     1.2864     0.5280  2415.2500   123.1400     0.0011     0.7667     0.7667     0.7667     0.2498     0.1289
   -2.6744   -24.2585     0.6942   -45.1000     0.0249     1.2454     4.2990  2140.7500    74.0900     0.0005     0.2559     0.2559     0.2559     0.6666     0.2479
   -2.1803   -28.4737     0.8113  -185.7000     0.0336     1.1995     8.7520   558.0000    95.0600     0.0014     0.5015     0.5015     0.5015     0.2078     0.2346
   -2.0012   -29.8685     0.7629  -723.3000     0.0488     1.3093     1.2020  2748.0000   160.8800     0.0013     0.6192     0.6192     0.6192     1.0236     0.2081
   -2.8688   -33.2455     0.6544  -150.4000     0.0558     1.0450     1.6510  1781.7500   132.7850     0.0008     0.5708     0.5708     0.5708     1.4901     0.2903
   -2.0665   -28.2878     0.9311  -951.6000     0.0566     1.3503     2.9490  1876.7500   106.6250     0.0013     0.7253     0.7253     0.7253     0.7020     0.2670
   -2.1008   -31.5911     0.6734  -539.0000     0.0289     1.0397     7.9370  2334.5000   174.8000     0.0010     0.5293     0.5293     0.5293     1.2705     0.3819
   -2.9783   -25.8997     0.9744  -396.8000     0.0347     1.2404     9.3810  2728.5000    89.7350     0.0012     0.3601     0.3601     0.3601     0.9471     0.2946
   -3.3228   -29.0160     0.7029  -887.3000     0.0323     1.1950     7.1340  1169.5000    64.6100     0.0011     0.6075     0.6075     0.6075     0.2397     0.2832
   -3.4590   -25.6082     0.9767  -366.5000     0.0382     1.2365     1.0130  1787.0000   118.8650     0.0012     0.5384     0.5384     0.5384     0.4384     0.1542
   -2.1587   -33.1795     0.7045  -222.3000     0.0529     1.3774     4.1040  2306.2500   157.5650     0.0008     0.6235     0.6235     0.6235     0.5400     0.1654
   -2.1827   -32.3908     0.8164   -50.7000     0.0485     1.2068     7.0310  2744.5000   128.2100     0.0010     0.6345     0.6345     0.6345     0.1832     0.3923
   -3.3693   -28.4044     0.6317  -439.8000     0.0563     1.2735     7.7990  1911.5000    60.2600     0.0009     0.4645     0.4645     0.4645     0.9060     0.2250
   -3.3380   -26.2990     0.8318  -395.0000     0.0245     1.0888     8.2020   982.7500   173.2250     0.0013     0.4618     0.4618     0.4618     1.4681     0.1919
   -2.5673   -34.8328     0.7749  -229.6000     0.0555     1.2444     2.5720  2189.2500   118.7000     0.0009     0.4273     0.4273     0.4273     0.2798     0.2843
   -3.2033   -25.3497     0.6332   -81.8000     0.0586     1.2496     6.7010  2157.2500   185.8400     0.0010     0.7006     0.7006     0.7006     0.4077     0.2982
   -2.2385   -28.6871     0.9978  -515.1000     0.0208     1.4412     4.4080  2628.7500   189.4400     0.0011     0.4868     0.4868     0.4868     0.3895     0.1502
   -2.0968   -25.6874     0.8921  -169.8000     0.0235     1.4419     1.1500   532.7500    94.3400     0.0008     0.5256     0.5256     0.5256     0.5057     0.1794
   -2.0320   -25.4113     0.9291  -119.4000     0.0353     1.1885     0.5030   664.5000    77.6600     0.0006     0.7860     0.7860     0.7860     1.4611     0.2727
   -3.1205   -26.7841     0.7023  -173.5000     0.0250     1.3992     1.9000  1111.2500   157.7450     0.0012     0.7037     0.7037     0.7037     1.1220     0.3303
   -2.8216   -31.5757     0.5983  -552.4000     0.0371     1.2375     8.0810  1056.7500   197.7950     0.0014     0.7777     0.7777     0.7777     0.2084     0.3888
   -3.2483   -33.6404     0.7511  -875.6000     0.0306     1.0057     6.7510  2222.5000   117.2300     0.0012     0.3322     0.3322     0.3322     0.2340     0.1283
   -3.2060   -31.7231     0.6482  -445.3000     0.0363     1.0819     2.1540  2018.2500    83.4500     0.0007     0.2051     0.2051     0.2051     0.6932     0.3616
   -2.6369   -33.7009     0.7227  -960.1000     0.0386     1.0985     4.9880  1938.5000    88.4300     0.0008     0.4415     0.4415     0.4415     0.5410     0.3135
   -3.0079   -27.5453     0.8962  -664.2000     0.0240     1.3081     1.6730  2826.2500    72.9350     0.0011     0.3198     0.3198     0.3198     0.6939     0.3830
   -3.2799   -28.2449     0.7942  -747.1000     0.0570     1.1184     1.6310  1985.0000   139.2950     0.0010     0.7783     0.7783     0.7783     1.3267     0.2325
   -2.6749   -28.1107     0.8778  -160.5000     0.0527     1.1116     0.7060  2407.5000   126.2000     0.0012     0.2034     0.2034     0.2034     0.1949     0.1410
   -2.4749   -29.8058     0.5688   -63.8000     0.0451     1.1456     8.4360   827.5000    80.7200     0.0005     0.2308     0.2308     0.2308     0.3379     0.2057
   -3.2418   -24.7128     0.8809  -691.6000     0.0421     1.3558     6.4450  2590.2500   152.1500     0.0011     0.3547     0.3547     0.3547     1.1896     0.2144
   -2.7191   -28.3395     0.9590   -28.2000     0.0335     1.0145     5.2980  1365.7500   197.2100     0.0009     0.4878     0.4878     0.4878     1.2638     0.2369
   -2.3533   -34.0430     0.6996  -155.7000     0.0534     1.2993     8.6960  2731.5000   189.6350     0.0006     0.6662     0.6662     0.6662     1.4419     0.2711
   -3.4199   -33.6547     0.6724  -258.9000     0.0389     1.2906     3.4640   779.0000    87.3650     0.0008     0.6914     0.6914     0.6914     0.8917     0.1949
   -2.5931   -30.7419     0.8616  -883.1000     0.0427     1.1267     1.8790  2961.5000    90.1100     0.0006     0.7661     0.7661     0.7661     0.6831     0.3142
   -2.6343   -33.4050     0.7512  -954.2000     0.0502     1.1261     0.4490   919.0000   177.7700     0.0009     0.7194     0.7194     0.7194     0.9611     0.2211
   -2.7413   -29.1216     0.8702  -741.2000     0.0416     1.3736     6.1930  2857.7500   127.6250     0.0014     0.2880     0.2880     0.2880     1.4409     0.2916
   -2.9474   -24.6303     0.7780  -885.1000     0.0578     1.2557     1.7790  1139.5000   133.5050     0.0011     0.3974     0.3974     0.3974     1.3666     0.3686
   -2.8387   -31.9387     0.8592  -658.9000     0.0595     1.3577     3.7940  2994.0000    57.0950     0.0012     0.6154     0.6154     0.6154     0.1447     0.2353
   -2.7587   -27.5233     0.6157  -921.5000     0.0395     1.3905     3.5830  2245.5000    62.6000     0.0006     0.7173     0.7173     0.7173     0.8686     0.1435
   -2.3246   -31.0840     0.8972  -722.6000     0.0319     1.1159     5.3310  2796.5000   167.8100     0.0011     0.2881     0.2881     0.2881     0.4132     0.1999
   -2.0480   -24.6512     0.5317   -44.8000     0.0201     1.3900     7.5460  1922.0000    53.6900     0.0009     0.3456     0.3456     0.3456     1.4933     0.3127
   -3.4350   -25.8788     0.7899  -408.0000     0.0525     1.4786     7.5400  1713.0000    61.8050     0.0009     0.5241     0.5241     0.5241     0.4947     0.2157
   -2.2331   -34.2630     0.5582  -506.8000     0.0462     1.1346     9.9310   759.7500   184.2350     0.0015     0.3254     0.3254     0.3254     1.3600     0.1189
   -2.5177   -28.2702     0.9966  -142.4000     0.0549     1.4772     1.5880  2034.5000   129.2600     0.0005     0.3489     0.3489     0.3489     0.9383     0.1695
   -3.2391   -32.4381     0.8708    -3.1000     0.0522     1.2366     1.0900   906.7500    77.8550     0.0012     0.4944     0.4944     0.4944     0.2595     0.3409
   -2.5205   -25.6302     0.7032  -877.0000     0.0246     1.0095     5.9390  2979.5000   181.0700     0.0014     0.5854     0.5854     0.5854     1.0443     0.3953
   -2.5053   -30.0016     0.7594  -542.7000     0.0350     1.3449     9.2060  1646.5000   153.3500     0.0013     0.4822     0.4822     0.4822     0.6919     0.3563
   -2.1376   -32.1169     0.9249  -831.7000     0.0397     1.0673     2.1700  2430.5000   129.0350     0.0014     0.6667     0.6667     0.6667     0.2736     0.2492
   -2.0716   -28.2955     0.7712  -644.3000     0.0418     1.3176     7.0740  2925.2500   101.1650     0.0013     0.2869     0.2869     0.2869     0.3902     0.2357
   -2.5587   -30.5164     0.8291  -264.1000     0.0457     1.2237     7.6400  1023.0000   161.1650     0.0005     0.5433     0.5433     0.5433     0.8759     0.3465
   -2.6662   -24.9614     0.7301  -768.5000     0.0335     1.0817     6.6630  2712.2500   195.0050     0.0014     0.4978     0.4978     0.4978     0.7784     0.3500
   -2.9582   -28.5342     0.9901   -39.1000     0.0597     1.1957     2.3050  2474.0000   186.3650     0.0010     0.6889     0.6889     0.6889     0.4370     0.2549
   -3.2950   -27.2890     0.5222  -647.5000     0.0276     1.4173     8.2620  2569.2500   102.2900     0.0007     0.3496     0.3496     0.3496     1.4929     0.1011
   -2.0025   -34.0023     0.9707  -176.7000     0.0271     1.2510     0.1190  1948.2500   130.0400     0.0008     0.7627     0.7627     0.7627     1.2733     0.1972
   -2.3480   -27.4705     0.7616  -225.7000     0.0240     1.1990     7.2360  2087.2500    75.2750     0.0013     0.2432     0.2432     0.2432     0.2134     0.1783
   -2.9735   -34.2047     0.9983  -512.3000     0.0496     1.3392     0.1870   882.0000    81.3350     0.0007     0.2846     0.2846     0.2846     1.0573     0.1394
   -2.6804   -27.4397     0.5173  -882.5000     0.0385     1.3978     5.5270  1933.5000   105.0350     0.0008     0.2539     0.2539     0.2539     1.0181     0.1496
   -2.1366   -27.8841     0.9547  -153.2000     0.0420     1.3872     0.6510   755.5000   132.0200     0.0007     0.4102     0.4102     0.4102     1.1199     0.1536
   -3.0192   -32.0388     0.5964  -278.4000     0.0600     1.3024     7.8640   928.5000   146.4200     0.0006     0.7768     0.7768     0.7768     0.2476     0.3588
   -2.2836   -33.6745     0.7085  -475.4000     0.0399     1.4332     6.8530   521.2500   119.0900     0.0009     0.3433     0.3433     0.3433     0.7667     0.2760
   -2.7597   -32.6856     0.9649  -499.7000     0.0572     1.1172     1.3880   705.0000   197.0000     0.0011     0.5591     0.5591     0.5591     0.7546     0.3802
   -3.1625   -33.8549     0.9694  -200.0000     0.0261     1.4163     4.2120  1307.2500    99.5300     0.0007     0.5668     0.5668     0.5668     0.6204     0.2834
   -2.0993   -32.9892     0.7439  -150.7000     0.0573     1.4202     3.5240  1003.0000    97.2950     0.0007     0.5956     0.5956     0.5956     1.2990     0.3255
   -2.5691   -27.9072     0.7107  -598.9000     0.0307     1.3205     6.8070  2052.0000   140.0750     0.0015     0.3744     0.3744     0.3744     0.6922     0.3354
   -2.5042   -25.2804     0.9103   -64.7000     0.0596     1.4322     8.1030  2038.5000   141.2750     0.0008     0.5455     0.5455     0.5455     1.4163     0.1615
   -3.2774   -33.3533     0.6040  -213.9000     0.0371     1.2091     1.6440   781.2500   179.8700     0.0007     0.5928     0.5928     0.5928     0.3236     0.1668
   -3.3353   -29.3658     0.9003  -792.2000     0.0383     1.1245     5.9100  2872.5000   128.1800     0.0006     0.5726     0.5726     0.5726     0.5012     0.3142
   -2.5967   -24.2343     0.6431  -162.1000     0.0470     1.4969     8.6450  1334.0000    54.7400     0.0011     0.5337     0.5337     0.5337     0.7717     0.2199
   -2.6881   -27.1911     0.9604  -688.2000     0.0581     1.1682     6.8620  1254.7500    70.2950     0.0012     0.4493     0.4493     0.4493     1.3422     0.1366
   -2.5857   -25.3002     0.9351  -635.5000     0.0504     1.2749     2.7830  1236.0000   154.2500     0.0011     0.7735     0.7735     0.7735     0.3876     0.3997
   -2.2311   -34.8009     0.6984  -911.0000     0.0401     1.2985     1.7110  2722.7500   154.6400     0.0015     0.6382     0.6382     0.6382     1.1116     0.3823
   -2.6610   -29.5429     0.9512  -339.8000     0.0472     1.0068     2.5960   732.7500   153.0800     0.0007     0.4023     0.4023     0.4023     0.1209     0.3491
   -2.2037   -30.6440     0.9522  -447.6000     0.0241     1.2525     8.7700  2427.5000   145.0550     0.0009     0.7680     0.7680     0.7680     1.0244     0.1145
   -2.7758   -29.5132     0.6511  -793.2000     0.0216     1.0515     6.8560   681.2500   103.0100     0.0008     0.3228     0.3228     0.3228     0.5046     0.2461
   -2.2115   -24.1188     0.5193  -801.8000     0.0376     1.0017     4.0130  2347.7500    56.2100     0.0009     0.7447     0.7447     0.7447     0.1907     0.3691
   -2.8853   -33.6888     0.9471  -106.9000     0.0395     1.2152     4.1170   979.5000   163.3850     0.0010     0.6966     0.6966     0.6966     0.9939     0.3297
   -2.7095   -25.9723     0.6914  -302.4000     0.0386     1.1514     5.8130   670.2500   137.0600     0.0012     0.5365     0.5365     0.5365     0.7072     0.3349
   -3.3117   -26.2000     0.5123  -325.9000     0.0584     1.3588     4.7690  2223.5000   172.9550     0.0014     0.4779     0.4779     0.4779     1.3501     0.3554
   -2.7824   -32.1763     0.8848  -534.7000     0.0308     1.1161     8.1910  2842.2500   113.7650     0.0015     0.4032     0.4032     0.4032     0.3339     0.2456
   -2.9631   -30.1710     0.5227  -782.4000     0.0421     1.0897     5.8590  2044.5000   113.4050     0.0006     0.2583     0.2583     0.2583     1.4490     0.2258
   -3.4688   -29.1062     0.7438  -763.9000     0.0515     1.3018     7.0410  2589.5000    90.3350     0.0006     0.6810     0.6810     0.6810     0.9175     0.3543
   -3.1867   -34.9230     0.8502   -22.7000     0.0543     1.0588     3.4560  2833.5000    57.8600     0.0005     0.2226     0.2226     0.2226     0.2786     0.2071
   -3.1269   -32.0696     0.6123  -904.1000     0.0402     1.4590     5.9600  2009.0000   128.1350     0.0006     0.3411     0.3411     0.3411     1.3506     0.2676
   -3.3672   -31.2017     0.8909  -275.9000     0.0505     1.4645     0.9820  2794.7500   198.6950     0.0007     0.5596     0.5596     0.5596     0.7069     0.2092
   -2.3731   -31.7836     0.8512  -983.0000     0.0539     1.0800     4.2800  2609.0000   169.2500     0.0011     0.6580     0.6580     0.6580     1.1846     0.2904
   -2.4729   -26.7742     0.9109  -288.6000     0.0420     1.3273     8.1050  2268.0000    58.2350     0.0013     0.3426     0.3426     0.3426     1.1641     0.1252
   -2.2443   -28.7333     0.7266  -845.0000     0.0566     1.0558     2.0450   534.0000    70.8950     0.0007     0.3315     0.3315     0.3315     0.2337     0.1303
   -3.4036   -32.2258     0.8481  -375.5000     0.0275     1.4908     1.7010  1674.0000    89.9300     0.0015     0.4118     0.4118     0.4118     0.8381     0.1544
   -2.6513   -29.7321     0.5504  -307.1000     0.0478     1.3708     1.8450  1224.5000   156.6200     0.0012     0.6002     0.6002     0.6002     0.6557     0.3132
   -3.3719   -26.0097     0.9029  -518.4000     0.0202     1.3506     7.6820  1138.7500   139.3250     0.0010     0.6513     0.6513     0.6513     0.2602     0.1971
   -3.0170   -26.7368     0.7125  -272.2000     0.0498     1.1760     2.7040  1689.2500    98.0150     0.0014     0.7296     0.7296     0.7296     0.9466     0.1086
   -2.6166   -24.4499     0.6319  -412.7000     0.0536     1.1830     2.0940  2011.2500   106.7000     0.0010     0.6951     0.6951     0.6951     0.5060     0.1045
   -3.2137   -32.4150     0.8799  -103.0000     0.0586     1.3956     4.3510  2270.5000   122.3150     0.0010     0.4290     0.4290     0.4290     0.5400     0.2037
   -3.2859   -28.0590     0.9709  -137.0000     0.0327     1.3121     6.9480  1634.2500    90.7100     0.0008     0.4444     0.4444     0.4444     1.0786     0.3513
   -3.2021   -28.0942     0.8270  -303.7000     0.0500     1.4888     5.4630  2954.5000   185.2100     0.0011     0.3001     0.3001     0.3001     1.4751     0.1551
   -2.4369   -24.5511     0.9637  -418.3000     0.0291     1.1593     0.0720  1688.7500    73.9550     0.0007     0.7674     0.7674     0.7674     0.7124     0.1341
   -2.5424   -26.0680     0.6251  -339.3000     0.0244     1.0508     5.8500   571.0000   163.8950     0.0010     0.7802     0.7802     0.7802     0.9569     0.3877
   -2.9060   -32.0795     0.9931  -457.9000     0.0519     1.1470     2.1800  2969.7500    98.1500     0.0012     0.6220     0.6220     0.6220     0.1549     0.3700
   -3.3681   -27.2560     0.5399  -616.0000     0.0210     1.1441     8.0020  1954.2500   109.9400     0.0009     0.4020     0.4020     0.4020     0.9490     0.1998
   -3.2414   -24.5236     0.8424  -761.1000     0.0290     1.2163     0.0310  2045.5000   120.9050     0.0011     0.2343     0.2343     0.2343     0.8830     0.2064
   -3.4287   -31.8199     0.5572  -824.7000     0.0404     1.0518     2.0340  2905.7500    55.1450     0.0012     0.5998     0.5998     0.5998     0.4104     0.1885
   -2.7393   -26.6543     0.9094  -360.0000     0.0334     1.3339     7.3210  2868.5000   185.6150     0.0006     0.7695     0.7695     0.7695     0.6398     0.2028
   -2.6944   -30.2590     0.5119   -13.2000     0.0366     1.1367     9.0090  1434.2500   199.7300     0.0014     0.7306     0.7306     0.7306     0.6988     0.1846
   -2.6477   -27.4463     0.6331  -493.0000     0.0206     1.3439     7.0930  1260.7500    75.9050     0.0011     0.2445     0.2445     0.2445     0.2662     0.1811
   -2.8538   -25.4410     0.5068  -247.6000     0.0461     1.0453     2.7150  1556.7500   142.2800     0.0013     0.2524     0.2524     0.2524     0.6860     0.3170
   -2.1183   -29.6705     0.6831  -231.6000     0.0507     1.1809     5.5510  1900.7500   192.7250     0.0006     0.5581     0.5581     0.5581     0.8095     0.2279
   -3.2809   -32.4029     0.6576  -219.5000     0.0460     1.1551     7.6370  1374.5000    87.7700     0.0014     0.4784     0.4784     0.4784     0.7416     0.3981
   -2.3132   -31.1533     0.9729   -41.9000     0.0592     1.1788     4.4650   660.5000    71.8550     0.0011     0.7932     0.7932     0.7932     1.2092     0.1503
   -2.4155   -27.0668     0.7735  -297.3000     0.0420     1.4166     7.9520   961.0000   148.7900     0.0012     0.4360     0.4360     0.4360     0.5883     0.2965
   -2.7494   -27.1702     0.8992  -603.9000     0.0254     1.1281     9.5520   506.2500   120.2900     0.0010     0.4693     0.4693     0.4693     1.0374     0.1369
   -2.8610   -33.0332     0.8838  -295.1000     0.0541     1.0506     3.9110  2243.7500   119.7050     0.0014     0.4186     0.4186     0.4186     0.7262     0.2929
   -3.0786   -34.1684     0.7168  -664.8000     0.0426     1.4626     4.0080  1521.2500   185.9450     0.0011     0.2405     0.2405     0.2405     0.7244     0.1813
   -3.1170   -24.5764     0.7977  -782.8000     0.0213     1.0726     2.4310  1169.0000   157.9400     0.0005     0.5586     0.5586     0.5586     0.3608     0.2739
   -2.3878   -28.3351     0.7267  -511.5000     0.0408     1.0926     2.3370  1229.5000   172.6400     0.0006     0.3300     0.3300     0.3300     1.3375     0.3494
   -2.8034   -32.0190     0.7698  -857.0000     0.0491     1.0341     9.6520  2408.7500    50.3300     0.0012     0.5673     0.5673     0.5673     0.6197     0.2066
   -2.8193   -29.1161     0.7221  -239.9000     0.0371     1.4829     5.1390  2750.0000   105.9050     0.0015     0.6326     0.6326     0.6326     1.4527     0.2053
   -2.8004   -28.9885     0.7925  -574.6000     0.0295     1.3655     6.6690  1303.5000   163.7750     0.0007     0.4755     0.4755     0.4755     0.2922     0.3957
   -2.5466   -25.6995     0.7370  -487.0000     0.0430     1.2776     9.6700  2490.5000   162.4250     0.0006     0.7506     0.7506     0.7506     1.0401     0.2216
   -2.9754   -31.6274     0.9553  -478.1000     0.0297     1.1322     1.9950  1017.2500   191.5850     0.0008     0.3300     0.3300     0.3300     0.7969     0.1594
   -2.0943   -34.4577     0.9196  -509.1000     0.0378     1.3743     8.8890  1732.5000   141.6650     0.0007     0.2934     0.2934     0.2934     0.9201     0.1216
   -2.2745   -33.9429     0.9019  -829.3000     0.0469     1.3898     3.1250   924.0000   166.2650     0.0013     0.4475     0.4475     0.4475     0.8847     0.1032
   -2.7155   -31.1302     0.6907  -405.7000     0.0559     1.1539     0.6720  1238.0000    57.4550     0.0010     0.4167     0.4167     0.4167     0.7236     0.3671
   -2.1854   -33.4270     0.6674  -701.7000     0.0588     1.1491     2.0490  1796.2500   151.5200     0.0005     0.7164     0.7164     0.7164     0.1799     0.1639
   -2.4071   -26.1098     0.8399  -297.1000     0.0282     1.4886     3.2090  1784.7500    52.0550     0.0008     0.7842     0.7842     0.7842     1.0706     0.3328
   -2.4656   -24.5918     0.9903  -628.0000     0.0440     1.4327     2.6400  1735.0000   119.2100     0.0011     0.6453     0.6453     0.6453     1.2234     0.3379
   -3.1478   -29.0578     0.9675   -44.1000     0.0446     1.3441     7.9740  2678.0000    94.7150     0.0008     0.5270     0.5270     0.5270     1.4989     0.3195
   -2.6978   -27.0250     0.6667  -209.4000     0.0506     1.0671     5.9000  2659.5000   116.3000     0.0009     0.4132     0.4132     0.4132     1.3834     0.3780
   -3.1279   -31.3172     0.8511  -806.3000     0.0518     1.0138     3.6430   529.5000   125.0900     0.0007     0.2722     0.2722     0.2722     0.5974     0.2778
   -2.0431   -28.7531     0.5754  -857.7000     0.0224     1.2841     1.7740   862.5000   199.6250     0.0011     0.7876     0.7876     0.7876     1.4639     0.3137
   -3.2495   -26.5817     0.7458   -16.5000     0.0285     1.0012     8.7980  2639.7500    86.0900     0.0009     0.6276     0.6276     0.6276     0.2095     0.1270
   -3.1970   -28.3153     0.5788  -768.7000     0.0599     1.1941     0.1590  1102.0000   127.9400     0.0009     0.3117     0.3117     0.3117     0.3978     0.1866
   -3.1815   -28.0964     0.8499  -376.2000     0.0384     1.3992     2.4010  1753.0000    57.3050     0.0010     0.5398     0.5398     0.5398     1.1511     0.3929
   -2.8224   -34.6678     0.8823  -385.5000     0.0533     1.4359     9.4760  2394.2500   162.0200     0.0011     0.3397     0.3397     0.3397     0.9868     0.2065
   -2.5787   -25.9503     0.8289  -397.6000     0.0310     1.1987     4.6290  1630.5000   107.0300     0.0006     0.5883     0.5883     0.5883     1.1672     0.2194
   -2.8595   -32.3347     0.8619  -952.8000     0.0344     1.3125     9.2740  2612.0000    55.8050     0.0007     0.3483     0.3483     0.3483     1.2879     0.2273
   -2.7125   -25.5785     0.9523   -86.1000     0.0339     1.0839     4.5090  2181.7500   120.7850     0.0005     0.4179     0.4179     0.4179     0.4557     0.2385
   -2.2895   -32.8770     0.6955  -626.7000     0.0242     1.4050     9.0680  2848.0000   149.0000     0.0007     0.5534     0.5534     0.5534     1.0821     0.2354
   -3.0350   -33.2829     0.9355  -254.0000     0.0467     1.3543     2.7260  1029.0000   109.2350     0.0012     0.3768     0.3768     0.3768     0.2056     0.3097
   -3.2090   -25.7578     0.7090  -992.4000     0.0288     1.4649     2.7780  2163.7500   124.6100     0.0009     0.3694     0.3694     0.3694     1.4892     0.3484
   -2.9310   -28.5529     0.8761  -803.2000     0.0591     1.4156     4.6010  2839.0000    79.1300     0.0011     0.2061     0.2061     0.2061     1.0041     0.3647
   -3.1954   -33.7174     0.8378  -172.1000     0.0347     1.0434     0.7500  1944.5000    93.6800     0.0010     0.5253     0.5253     0.5253     1.4152     0.3789
   -2.1797   -28.2306     0.9383  -426.2000     0.0539     1.2892     9.2640   595.2500    98.2550     0.0011     0.3081     0.3081     0.3081     0.3689     0.1428
   -2.3507   -27.4474     0.9546  -390.8000     0.0578     1.2553     5.1540  2340.5000   135.3650     0.0008     0.7294     0.7294     0.7294     0.3968     0.1342
   -3.3960   -34.7272     0.7077  -579.3000     0.0492     1.1156     6.0330  2770.5000    83.6150     0.0005     0.7201     0.7201     0.7201     1.3695     0.2302
   -2.5023   -28.1624     0.9763  -519.7000     0.0588     1.2582     6.0820  1597.0000   139.6550     0.0013     0.6294     0.6294     0.6294     0.3220     0.1691
   -2.2258   -28.8730     0.8242  -812.0000     0.0590     1.0821     5.3110  2114.2500   102.9800     0.0009     0.2609     0.2609     0.2609     0.3915     0.1414
   -3.2036   -34.3664     0.8558  -855.2000     0.0492     1.3630     4.3070  1997.7500   146.2400     0.0013     0.3491     0.3491     0.3491     0.5271     0.1624
   -2.6522   -27.4056     0.9571  -925.9000     0.0523     1.0027     1.4110  2629.7500   167.8850     0.0008     0.7090     0.7090     0.7090     0.1620     0.2475
   -2.7298   -31.0466     0.6956  -669.1000     0.0329     1.0404     6.0690   892.7500    72.1850     0.0014     0.5977     0.5977     0.5977     0.1171     0.3189
   -3.2255   -24.2970     0.8803  -649.7000     0.0244     1.3931     8.0710   581.2500   124.3250     0.0012     0.3986     0.3986     0.3986     1.4182     0.2530
   -3.0351   -29.0391     0.5984  -810.6000     0.0356     1.0191     6.3240   558.5000   157.6850     0.0006     0.6111     0.6111     0.6111     0.2119     0.1604
   -2.3318   -24.9229     0.8179  -409.3000     0.0517     1.4913     6.4820  2945.7500    90.0050     0.0008     0.2329     0.2329     0.2329     0.9565     0.1515
   -2.3674   -32.9716     0.7493  -236.1000     0.0488     1.0195     7.4560  2482.7500    88.3550     0.0010     0.6904     0.6904     0.6904     0.4706     0.2898
   -2.8468   -27.5145     0.6521  -606.0000     0.0444     1.1013     5.7450  1046.5000   151.8950     0.0013     0.5986     0.5986     0.5986     0.9928     0.3810
   -2.4665   -24.8162     0.5024  -634.3000     0.0392     1.4011     6.1510  2446.2500    94.0550     0.0015     0.2525     0.2525     0.2525     1.1212     0.1464
   -2.3916   -25.1495     0.7645  -414.3000     0.0338     1.0992     9.0050  1997.2500   139.1600     0.0013     0.7857     0.7857     0.7857     0.5691     0.3072
   -3.3911   -33.4677     0.8625  -912.5000     0.0451     1.0813     8.2950  2025.7500    73.2500     0.0011     0.7232     0.7232     0.7232     0.8319     0.3498
   -3.0097   -34.3631     0.8076  -737.9000     0.0278     1.0635     5.0730  2051.0000   188.3600     0.0015     0.7084     0.7084     0.7084     0.4031     0.3936
   -2.4928   -32.3611     0.9460  -245.8000     0.0402     1.1547     5.1250  2382.5000   194.7650     0.0009     0.7386     0.7386     0.7386     0.1480     0.2606
   -3.1811   -28.0612     0.5530  -819.1000     0.0249     1.4300     1.1910  1436.7500   153.8450     0.0007     0.4127     0.4127     0.4127     0.7471     0.3737
   -2.6351   -28.3659     0.9687  -124.1000     0.0351     1.2118     5.0380  2048.2500   174.3350     0.0010     0.2449     0.2449     0.2449     0.5957     0.2106
   -2.2267   -27.6124     0.9032  -575.9000     0.0200     1.2206     7.4820  1391.0000    80.0600     0.0007     0.4059     0.4059     0.4059     0.9833     0.3970
   -2.2740   -30.1765     0.8948  -369.8000     0.0435     1.4941     5.8990  1199.7500   156.7100     0.0011     0.4105     0.4105     0.4105     1.1762     0.1908
   -2.4142   -24.6556     0.7067  -466.3000     0.0427     1.2491     8.3830   561.0000   128.7050     0.0010     0.2330     0.2330     0.2330     0.9058     0.2293
   -2.8418   -28.9104     0.5637  -804.0000     0.0250     1.3041     3.2400  2651.2500   166.9550     0.0015     0.3073     0.3073     0.3073     0.4776     0.3430
   -2.3774   -29.9466     0.6722   -57.3000     0.0303     1.4091     8.3520  1213.5000   112.7150     0.0008     0.2096     0.2096     0.2096     1.2753     0.2952
   -2.4194   -25.9316     0.7419  -815.5000     0.0583     1.2622     5.3960  2912.0000    53.9450     0.0014     0.2704     0.2704     0.2704     0.9259     0.2802
   -2.5049   -33.5040     0.7755  -815.1000     0.0566     1.2092     0.4510   905.2500   119.9150     0.0013     0.4153     0.4153     0.4153     1.2823     0.3314
   -3.1688   -30.3602     0.7002   -98.3000     0.0234     1.0166     9.5050  2081.2500   115.9850     0.0005     0.7894     0.7894     0.7894     0.2957     0.2114
   -2.5401   -24.4433     0.9147   -97.2000     0.0205     1.0454     7.7200   959.2500    69.9800     0.0006     0.7984     0.7984     0.7984     1.2000     0.2341
   -2.5706   -27.1438     0.7778  -290.7000     0.0430     1.0850     2.5380  2349.7500    55.3400     0.0009     0.7566     0.7566     0.7566     0.9932     0.2793
   -2.2551   -29.6243     0.5601  -902.0000     0.0584     1.2798     0.4600  2407.5000   189.9650     0.0005     0.2422     0.2422     0.2422     0.4476     0.2888
   -3.4615   -28.1228     0.6466  -350.1000     0.0281     1.0408     1.8420  1839.2500    59.5850     0.0010     0.5149     0.5149     0.5149     1.0227     0.3632
   -2.2729   -31.5427     0.5917  -166.2000     0.0258     1.0540     0.9450  1581.7500   124.4300     0.0009     0.2181     0.2181     0.2181     0.2450     0.2492
   -2.7826   -29.4560     0.5351  -947.5000     0.0220     1.4669     6.7120  2547.7500    71.5700     0.0015     0.5426     0.5426     0.5426     0.7135     0.3729
   -2.7738   -30.7265     0.6510  -607.2000     0.0558     1.2692     8.1850  1056.5000    72.8000     0.0013     0.2577     0.2577     0.2577     0.6271     0.1707
   -2.2915   -28.8323     0.6560  -922.7000     0.0555     1.3856     5.1340  1402.2500   197.1500     0.0006     0.2898     0.2898     0.2898     1.4108     0.2364
   -2.8502   -32.9903     0.5604  -605.3000     0.0469     1.3953     9.7680  1235.7500   113.9150     0.0009     0.6016     0.6016     0.6016     1.3333     0.1371
   -2.9589   -26.7423     0.8094   -90.5000     0.0543     1.4450     6.3170  2516.7500   191.3900     0.0006     0.7775     0.7775     0.7775     0.4045     0.3807
   -2.6875   -31.4822     0.9385  -990.2000     0.0337     1.3297     2.4080  2843.0000    79.4300     0.0011     0.2655     0.2655     0.2655     1.3450     0.1702
   -2.5688   -27.7301     0.7817  -831.6000     0.0409     1.0209     5.8730   876.2500    56.3450     0.0013     0.7465     0.7465     0.7465     1.0593     0.3857
   -2.2218   -34.1024     0.7450  -259.0000     0.0583     1.2256     8.4800  1466.0000   197.6450     0.0008     0.6108     0.6108     0.6108     0.5687     0.3023
   -3.4326   -24.5313     0.7549  -121.7000     0.0571     1.0963     0.3620  1022.0000   169.9550     0.0015     0.2917     0.2917     0.2917     1.3621     0.2426
   -2.3834   -34.9505     0.5105  -324.5000     0.0366     1.0469     2.3210  2059.7500   187.6550     0.0005     0.2672     0.2672     0.2672     1.0057     0.2136
   -2.8775   -25.7050     0.8236  -268.5000     0.0387     1.3316     9.4900  2365.7500   165.9200     0.0008     0.6805     0.6805     0.6805     0.9495     0.3531
   -2.6687   -34.6887     0.9198  -778.0000     0.0203     1.3133     9.9180  2751.7500    52.5200     0.0010     0.4578     0.4578     0.4578     0.6694     0.2949
   -3.4403   -32.1114     0.7942  -571.0000     0.0347     1.1385     8.7130  2274.0000   132.4550     0.0013     0.2008     0.2008     0.2008     1.2084     0.2628
   -2.2655   -27.8038     0.8850  -485.8000     0.0280     1.3583     6.1300   940.2500    87.2900     0.0009     0.7961     0.7961     0.7961     0.8907     0.2768
   -2.0588   -29.8256     0.5332  -848.2000     0.0495     1.0352     7.1040  2598.7500    87.1550     0.0009     0.2511     0.2511     0.2511     0.3261     0.3324
   -2.7761   -27.9578     0.6973  -410.6000     0.0219     1.4803     0.7350  2971.0000   143.0150     0.0012     0.5763     0.5763     0.5763     0.1658     0.3176
   -3.0446   -29.1249     0.9083   -51.2000     0.0541     1.0600     5.6910  2830.7500   148.2500     0.0005     0.7759     0.7759     0.7759     0.5714     0.1750
   -2.4635   -25.0747     0.6258  -568.3000     0.0596     1.0456     9.1760  2090.7500   160.3100     0.0013     0.3831     0.3831     0.3831     1.4948     0.2424
   -3.3381   -32.6284     0.5711  -776.5000     0.0254     1.3373     7.0010  2126.2500    58.0850     0.0012     0.5088     0.5088     0.5088     0.5903     0.2766
   -2.5612   -26.2693     0.5951  -369.6000     0.0225     1.1308     9.4680  2658.7500   112.0400     0.0009     0.4451     0.4451     0.4451     0.9520     0.3454
   -2.3282   -30.0588     0.8842  -204.5000     0.0373     1.4310     7.2740  2730.2500   146.3750     0.0014     0.2163     0.2163     0.2163     0.7517     0.1076
   -2.5631   -34.4060     0.6585  -745.1000     0.0391     1.4213     7.4880  2636.5000   122.8400     0.0012     0.5157     0.5157     0.5157     1.0152     0.2969
   -2.1488   -28.1690     0.5224  -888.6000     0.0314     1.4652     7.6990   676.2500    63.4400     0.0006     0.4573     0.4573     0.4573     1.4712     0.2180
   -2.1707   -27.0382     0.6037  -689.3000     0.0496     1.4210     2.5670   871.0000    78.2600     0.0013     0.3924     0.3924     0.3924     0.8034     0.3120
   -3.1217   -31.5218     0.5153  -241.8000     0.0325     1.1805     5.7660  1797.7500   121.5350     0.0007     0.5350     0.5350     0.5350     0.1993     0.1328
   -3.0497   -24.2387     0.6582   -98.9000     0.0326     1.1463     7.3960  1767.5000   121.2950     0.0007     0.2190     0.2190     0.2190     1.1905     0.1832
   -2.8403   -25.9030     0.6596  -640.2000     0.0552     1.4937     5.0000  2376.5000    66.2600     0.0010     0.5758     0.5758     0.5758     0.7024     0.2568
   -3.0206   -31.9981     0.9593  -140.6000     0.0243     1.2903     1.6930   536.0000   144.2600     0.0014     0.5994     0.5994     0.5994     1.1864     0.2345
   -2.7563   -25.2914     0.9741  -936.8000     0.0362     1.2315     4.8570   722.5000    55.6400     0.0014     0.3598     0.3598     0.3598     1.2668     0.3626
   -2.1773   -28.9522     0.6852  -996.6000     0.0356     1.3029     4.9860  1831.0000   131.0450     0.0006     0.5062     0.5062     0.5062     1.1772     0.2945
   -3.4367   -34.6942     0.7761  -801.4000     0.0585     1.2706     3.2700  1816.7500   130.6250     0.0011     0.3424     0.3424     0.3424     0.3489     0.2423
   -2.9931   -31.5724     0.6612   -99.4000     0.0497     1.3472     7.4770  2421.0000   155.1650     0.0006     0.5047     0.5047     0.5047     0.9865     0.3399
   -2.7487   -30.4020     0.6323  -781.5000     0.0556     1.4924     0.9980   974.0000    74.3900     0.0010     0.2578     0.2578     0.2578     0.5477     0.3476
   -2.9562   -28.6662     0.7685  -937.6000     0.0234     1.3097     8.0310  1282.7500   116.5250     0.0010     0.2845     0.2845     0.2845     0.1059     0.3601
   -3.3773   -26.8776     0.5370  -251.6000     0.0390     1.2725     7.9790  1151.7500    63.0200     0.0012     0.2075     0.2075     0.2075     0.5607     0.3858
   -3.4773   -29.5748     0.6633  -603.6000     0.0415     1.4148     9.6150  1595.5000   126.8150     0.0007     0.3416     0.3416     0.3416     0.2852     0.2673
   -2.0549   -26.0603     0.7801  -620.9000     0.0595     1.1915     4.1690  2899.7500   111.0650     0.0006     0.4135     0.4135     0.4135     1.1181     0.2419
   -2.9177   -34.5721     0.8879  -787.9000     0.0248     1.1357     8.2560  1575.7500   170.5400     0.0006     0.5503     0.5503     0.5503     0.7751     0.3474
   -3.3242   -32.1554     0.9806  -342.6000     0.0333     1.3529     1.7920  2661.7500   163.9850     0.0006     0.7470     0.7470     0.7470     0.7091     0.3979
   -2.3169   -27.3990     0.8770  -960.7000     0.0473     1.1217     8.8240  2351.0000   170.7650     0.0005     0.6216     0.6216     0.6216     1.4499     0.1178
   -2.6867   -26.0306     0.6364  -722.1000     0.0574     1.1892     7.2830  2005.2500    83.1500     0.0008     0.3336     0.3336     0.3336     0.6568     0.2951
   -2.5346   -24.5346     0.8188  -284.0000     0.0299     1.1764     3.1090  1540.7500   181.7750     0.0012     0.2494     0.2494     0.2494     0.7437     0.2805
   -3.1880   -28.2174     0.9359   -77.0000     0.0553     1.2551     7.2900  2828.5000   156.0350     0.0009     0.7182     0.7182     0.7182     0.8066     0.1609
   -2.5562   -34.8757     0.5383  -327.4000     0.0527     1.3654     6.7450  1815.0000   155.8100     0.0008     0.4439     0.4439     0.4439     0.9091     0.1789
   -2.4455   -28.3186     0.5201  -520.8000     0.0592     1.4067     3.8700  1676.5000    62.8550     0.0008     0.5529     0.5529     0.5529     0.4934     0.2106
   -3.2456   -33.6965     0.9005   -85.4000     0.0220     1.0655     3.3290  2701.2500   101.0000     0.0005     0.7761     0.7761     0.7761     0.3152     0.2235
   -3.3277   -31.9288     0.8851  -876.9000     0.0214     1.4894     1.2930  1824.2500   158.8850     0.0014     0.7077     0.7077     0.7077     0.4846     0.2226
   -2.8184   -32.9859     0.9220  -549.3000     0.0268     1.1532     8.5050  2789.5000   120.0500     0.0012     0.7995     0.7995     0.7995     1.4782     0.3647
   -3.4543   -33.6305     0.6500  -477.1000     0.0463     1.0089     8.0630  1493.7500   141.5450     0.0009     0.4352     0.4352     0.4352     0.3335     0.1809
   -3.4116   -26.7544     0.7662  -101.1000     0.0522     1.3095     4.9790  2922.2500   122.8700     0.0006     0.2198     0.2198     0.2198     0.4528     0.1019
   -3.2728   -25.8205     0.7455    -2.9000     0.0229     1.0171     8.8990   764.7500    64.9700     0.0010     0.2661     0.2661     0.2661     0.9287     0.3065
   -3.2609   -25.1396     0.6619  -187.9000     0.0585     1.4629     3.6570  1722.2500   182.4950     0.0014     0.6268     0.6268     0.6268     1.3195     0.3654
   -2.7371   -25.4168     0.7891  -382.1000     0.0576     1.1659     2.1100  2374.0000   190.2800     0.0014     0.4569     0.4569     0.4569     0.5129     0.1928
   -3.1237   -24.6094     0.6804  -493.5000     0.0328     1.2248     8.3450   590.2500   156.2000     0.0011     0.6934     0.6934     0.6934     0.5407     0.1679
   -3.2288   -27.6410     0.7402  -357.7000     0.0549     1.3053     7.9630   948.2500    96.2600     0.0010     0.5448     0.5448     0.5448     0.3701     0.2593
   -3.3623   -25.3728     0.9526  -248.1000     0.0398     1.3106     6.8970   666.0000   193.0400     0.0013     0.6690     0.6690     0.6690     1.0079     0.3390
   -2.5360   -34.9054     0.6797  -255.5000     0.0278     1.3531     7.9000  1338.5000   185.4500     0.0009     0.6452     0.6452     0.6452     0.6484     0.2527
   -3.0014   -25.3783     0.6622  -590.6000     0.0467     1.4068     0.2780  2333.2500    56.9600     0.0008     0.4476     0.4476     0.4476     0.5991     0.3813
   -2.6999   -27.1218     0.6938  -258.0000     0.0317     1.0064     4.6630  2001.7500    65.5100     0.0015     0.3589     0.3589     0.3589     1.1650     0.3927
   -3.1751   -30.6011     0.7646  -740.6000     0.0384     1.1151     9.7520  2022.0000   186.0650     0.0008     0.5010     0.5010     0.5010     0.9110     0.1651
   -2.3161   -34.4511     0.9022  -694.8000     0.0537     1.3286     1.3440  2054.0000    83.0300     0.0005     0.3172     0.3172     0.3172     0.6019     0.1182
   -2.7961   -26.4442     0.5563  -581.7000     0.0401     1.1917     7.4360  1348.2500   136.2350     0.0007     0.3600     0.3600     0.3600     0.1395     0.2304
   -2.6821   -25.7754     0.9834   -95.4000     0.0341     1.0736     9.1690  2172.0000   178.3250     0.0011     0.2303     0.2303     0.2303     0.2103     0.3609
   -3.3109   -25.3343     0.9430  -472.3000     0.0553     1.2227     4.9270  2930.2500   189.7850     0.0011     0.7341     0.7341     0.7341     0.3453     0.1405
   -2.1961   -29.7189     0.8195  -974.6000     0.0581     1.0977     9.8340   942.5000   196.5650     0.0008     0.3477     0.3477     0.3477     0.1010     0.3025
   -3.4106   -28.8466     0.8199   -64.4000     0.0561     1.4284     7.7160  2385.0000   119.6300     0.0012     0.4308     0.4308     0.4308     0.2387     0.2166
   -3.3809   -34.5908     0.6567  -100.0000     0.0475     1.4688     4.5000  1738.0000   165.1700     0.0006     0.2022     0.2022     0.2022     0.6797     0.3464
   -2.1020   -33.7460     0.8356  -528.4000     0.0364     1.0547     3.6850  2065.0000   135.2300     0.0010     0.3090     0.3090     0.3090     0.4697     0.3716
   -2.5953   -31.5196     0.7604  -414.1000     0.0507     1.2401     9.8850  2560.5000   122.3750     0.0011     0.6460     0.6460     0.6460     1.3520     0.2553
   -2.1332   -24.2849     0.8419  -273.7000     0.0460     1.2391     8.4570  1337.5000    52.2500     0.0007     0.5841     0.5841     0.5841     0.3071     0.1873
   -3.3987   -28.3670     0.9111  -264.5000     0.0292     1.0879     8.5360   782.2500   148.5500     0.0014     0.5289     0.5289     0.5289     0.7525     0.3797
   -3.2854   -26.6675     0.9739  -270.8000     0.0236     1.3559     7.0610  1613.2500   161.0750     0.0013     0.2319     0.2319     0.2319     1.0367     0.3960
   -2.5571   -32.1488     0.8105  -411.0000     0.0220     1.4448     7.5710  2989.2500   156.4550     0.0005     0.2691     0.2691     0.2691     0.5669     0.2751
   -3.3441   -29.6991     0.9973  -485.2000     0.0570     1.4847     6.4500  2398.7500    78.1850     0.0012     0.3544     0.3544     0.3544     0.2345     0.2035
   -2.4099   -30.4152     0.5796  -407.0000     0.0407     1.0127     9.8980  2456.0000    67.3700     0.0008     0.6585     0.6585     0.6585     1.3804     0.3249
   -3.0322   -26.1868     0.6136  -693.9000     0.0318     1.1521     6.8150  1825.7500   110.3900     0.0011     0.4378     0.4378     0.4378     0.8244     0.2872
   -3.3884   -33.5689     0.5853   -71.9000     0.0500     1.4797     5.0980  2124.7500   102.1400     0.0014     0.5527     0.5527     0.5527     0.8154     0.1065
   -3.1764   -29.3570     0.8550  -405.0000     0.0425     1.2028     7.5740  2968.2500   133.3850     0.0009     0.6802     0.6802     0.6802     0.1482     0.1635
   -2.0044   -29.0479     0.8322  -807.9000     0.0378     1.0142     8.4200  1379.2500   136.1150     0.0008     0.5703     0.5703     0.5703     0.3885     0.1419
   -2.5844   -26.1175     0.8313  -825.8000     0.0398     1.4361     2.4480  1473.7500    81.2000     0.0013     0.6616     0.6616     0.6616     1.4247     0.1438
   -2.2841   -30.4768     0.5265  -462.7000     0.0249     1.1414     1.8580  2313.7500   124.8200     0.0008     0.7489     0.7489     0.7489     0.3209     0.1864
   -3.4157   -32.4546     0.8539  -143.3000     0.0470     1.4235     2.8120   949.0000    86.5700     0.0010     0.2436     0.2436     0.2436     1.2186     0.3240
   -2.6339   -25.1242     0.7073  -687.1000     0.0537     1.3896     9.9840  1006.2500   187.4900     0.0010     0.4036     0.4036     0.4036     0.1829     0.2072
   -2.5684   -32.3952     0.9327   -16.0000     0.0302     1.2914     2.4850  2738.2500   167.1500     0.0011     0.6870     0.6870     0.6870     1.2761     0.1418
   -3.1540   -28.3021     0.6912  -497.5000     0.0375     1.0099     5.5080   936.7500   127.9550     0.0008     0.6520     0.6520     0.6520     0.5788     0.3558
   -2.7573   -30.1545     0.6882  -116.0000     0.0385     1.0511     4.2150   513.0000   139.7750     0.0009     0.7027     0.7027     0.7027     0.6764     0.1748
   -2.6290   -27.2340     0.5301  -525.4000     0.0296     1.0685     5.4190  1431.2500   175.0550     0.0014     0.5325     0.5325     0.5325     0.1643     0.1537
   -3.1258   -29.3042     0.8157  -556.3000     0.0380     1.4241     0.8480  2170.0000   124.3550     0.0014     0.6766     0.6766     0.6766     0.4305     0.2997
   -2.7134   -30.6000     0.5353  -924.6000     0.0489     1.4490     8.5030  2701.7500    85.6250     0.0009     0.2913     0.2913     0.2913     0.9030     0.1378
   -2.8140   -27.6102     0.8331  -451.3000     0.0510     1.0100     5.6880   900.5000    90.2600     0.0007     0.3155     0.3155     0.3155     1.3545     0.2366
   -2.1153   -24.4125     0.7390  -489.6000     0.0411     1.1529     7.4720  1323.5000    85.7450     0.0013     0.7413     0.7413     0.7413     0.8837     0.3239
   -3.2489   -27.7950     0.9042  -181.4000     0.0452     1.3137     1.9210  1430.7500    51.4850     0.0015     0.6347     0.6347     0.6347     0.3540     0.1637
   -2.2160   -31.5504     0.7853  -923.8000     0.0544     1.2762     1.8010  1372.5000   174.1550     0.0009     0.6592     0.6592     0.6592     0.7873     0.1955
   -2.6093   -25.4982     0.6867   -93.4000     0.0479     1.1734     5.6130   657.0000   159.9950     0.0005     0.5930     0.5930     0.5930     1.0654     0.3471
   -2.0192   -31.9926     0.7100  -893.7000     0.0370     1.1645     8.8660   921.2500   124.0550     0.0012     0.3609     0.3609     0.3609     0.9117     0.1642
   -3.1289   -34.1332     0.9840  -827.5000     0.0499     1.3813     5.1050   627.0000    72.3200     0.0006     0.5496     0.5496     0.5496     0.1843     0.2116
   -2.7200   -33.1718     0.7577  -461.7000     0.0395     1.2283     0.7820  1242.0000   121.6700     0.0009     0.4000     0.4000     0.4000     1.4404     0.1193
   -3.2763   -32.4513     0.8096   -67.3000     0.0367     1.0105     5.0650   650.0000   137.3150     0.0014     0.7107     0.7107     0.7107     0.1070     0.2156
   -2.9871   -26.3463     0.8639   -72.6000     0.0265     1.2026     5.9820  2146.5000   173.5700     0.0006     0.6991     0.6991     0.6991     0.2089     0.3174
   -3.1034   -28.0337     0.9253  -862.0000     0.0403     1.3375     3.2230  2089.0000    96.8750     0.0013     0.7439     0.7439     0.7439     1.0705     0.3724
   -2.6024   -27.8456     0.9494  -727.6000     0.0287     1.3727     8.1690  2769.0000   126.5150     0.0008     0.4897     0.4897     0.4897     1.2264     0.1598
   -2.3796   -25.9426     0.8025  -408.8000     0.0556     1.3835     6.1010  2604.5000   134.5400     0.0013     0.3439     0.3439     0.3439     0.5339     0.2586
   -2.3628   -26.4519     0.6969  -276.6000     0.0350     1.3666     2.1320   753.7500   115.8800     0.0007     0.4488     0.4488     0.4488     1.4968     0.1785
   -3.1606   -32.1048     0.5357  -317.5000     0.0217     1.3634     9.5390   764.0000   151.2800     0.0010     0.5050     0.5050     0.5050     0.4443     0.1565
   -2.8124   -34.7888     0.5883  -492.5000     0.0591     1.1786     8.3120  1344.0000    93.5600     0.0011     0.4242     0.4242     0.4242     1.3880     0.1121
   -3.0492   -31.7957     0.8831  -148.4000     0.0369     1.1493     0.0270   962.7500   109.0850     0.0009     0.4794     0.4794     0.4794     0.4933     0.1008
   -2.4836   -24.6061     0.6000  -244.3000     0.0557     1.1572     6.8310  2592.0000   111.4850     0.0010     0.3693     0.3693     0.3693     0.2364     0.2609
   -2.0484   -30.5725     0.9301  -874.8000     0.0226     1.2635     9.1510  1318.5000   190.3700     0.0009     0.2698     0.2698     0.2698     0.2208     0.1204
   -2.5547   -32.8594     0.8907  -705.8000     0.0550     1.1479     6.9620  1162.7500   186.4250     0.0015     0.7281     0.7281     0.7281     0.1003     0.1111
   -3.2000   -32.2577     0.8219  -198.8000     0.0422     1.3217     9.4820   798.7500   152.4950     0.0011     0.3787     0.3787     0.3787     0.9966     0.2324
   -2.5846   -29.0347     0.8058  -130.6000     0.0325     1.2517     0.2960   603.0000    99.8900     0.0015     0.3393     0.3393     0.3393     1.3635     0.2332
   -3.2141   -26.9700     0.7998    -5.5000     0.0271     1.0514     8.7180  2554.7500    54.9650     0.0008     0.7051     0.7051     0.7051     1.4475     0.1629
   -2.4565   -28.0876     0.9502   -82.1000     0.0407     1.3275     2.8900  1589.0000    80.3900     0.0012     0.2843     0.2843     0.2843     0.7846     0.2079
   -2.5883   -32.4832     0.8918  -504.4000     0.0313     1.4046     6.9960  2508.0000    65.7200     0.0013     0.4873     0.4873     0.4873     0.3160     0.1352
   -3.0572   -24.5170     0.5021  -926.7000     0.0209     1.1624     3.3240  2982.2500   177.4550     0.0011     0.2286     0.2286     0.2286     1.4924     0.3410
   -2.2582   -24.9724     0.8422  -463.2000     0.0246     1.2245     6.2710   730.7500   164.4650     0.0012     0.4908     0.4908     0.4908     1.2269     0.1547
   -2.8020   -25.0450     0.9128  -975.0000     0.0517     1.4307     6.6800  2528.2500   121.1000     0.0008     0.3891     0.3891     0.3891     0.2145     0.2487
   -2.1179   -26.6818     0.9247  -670.7000     0.0432     1.2335     7.4590  1664.2500    96.3800     0.0006     0.3829     0.3829     0.3829     0.9215     0.3562
   -2.1386   -26.6070     0.7580  -422.2000     0.0540     1.2761     9.5990  2106.0000    80.5850     0.0008     0.6495     0.6495     0.6495     0.7215     0.1968
   -3.2621   -31.3689     0.5239  -598.0000     0.0419     1.1799     6.1070  1873.0000    97.7000     0.0010     0.4808     0.4808     0.4808     1.1385     0.1386
   -2.2241   -29.3108     0.5733  -700.9000     0.0377     1.4965     4.1140  2681.0000    97.7600     0.0013     0.6165     0.6165     0.6165     0.6296     0.1047
   -3.3666   -31.1973     0.6803  -732.9000     0.0204     1.2822     2.7460  2845.5000    95.6600     0.0009     0.3712     0.3712     0.3712     0.4205     0.3547
   -2.2607   -32.1191     0.9785  -389.9000     0.0393     1.4385     7.4850  2178.5000   153.6800     0.0005     0.6027     0.6027     0.6027     0.9274     0.2794
   -3.0505   -26.0559     0.6217   -10.1000     0.0565     1.0433     9.8120  1658.2500    68.8550     0.0013     0.5491     0.5491     0.5491     0.5351     0.3262
   -2.1932   -28.7080     0.9727  -561.1000     0.0306     1.2548     4.3370  1328.2500   114.0950     0.0008     0.4578     0.4578     0.4578     0.3733     0.1029
   -3.2513   -33.0640     0.6071  -488.6000     0.0493     1.0374     5.1130  1769.2500    60.5900     0.0013     0.6873     0.6873     0.6873     1.2791     0.3865
   -2.8253   -28.7157     0.8567  -412.0000     0.0219     1.2952     0.0040   859.2500   103.1450     0.0013     0.6980     0.6980     0.6980     1.4138     0.3423
   -3.2112   -29.7882     0.5848  -765.2000     0.0572     1.2660     2.9890   986.2500    79.9700     0.0006     0.6793     0.6793     0.6793     1.2434     0.2239
   -2.0069   -29.8839     0.9578  -493.7000     0.0513     1.2236     2.0810   608.2500   146.0900     0.0011     0.2084     0.2084     0.2084     1.2255     0.3066
   -2.4223   -27.7224     0.7937  -537.5000     0.0554     1.4567     5.1150  1755.7500   109.4600     0.0009     0.7123     0.7123     0.7123     0.2273     0.3085
   -2.3647   -24.8624     0.8552  -367.1000     0.0314     1.2631     2.7740   578.5000   166.1000     0.0011     0.2500     0.2500     0.2500     1.3827     0.1117
   -3.4682   -25.9998     0.7712  -443.2000     0.0489     1.1705     9.0120  1116.5000    72.8900     0.0009     0.7786     0.7786     0.7786     0.5637     0.1852
   -2.3915   -27.7202     0.6957  -146.9000     0.0304     1.3678     1.5220  2208.0000   159.4850     0.0009     0.4421     0.4421     0.4421     0.1574     0.3681
   -3.1082   -28.2603     0.6960  -781.9000     0.0462     1.1165     5.9730  1617.2500   110.6000     0.0010     0.3239     0.3239     0.3239     0.3212     0.1513
   -2.5892   -24.5588     0.9331  -587.0000     0.0554     1.1782     8.1190  2116.0000   116.6150     0.0010     0.2239     0.2239     0.2239     1.0999     0.2215
   -2.0333   -29.6364     0.7533   -23.1000     0.0392     1.1097     4.8870  2303.5000   140.9600     0.0010     0.3261     0.3261     0.3261     0.9642     0.3297
   -3.1608   -34.5974     0.8155  -441.7000     0.0511     1.1658     9.0240  2841.5000   111.8000     0.0006     0.6243     0.6243     0.6243     1.0864     0.3000
   -3.1254   -24.6369     0.6424  -354.2000     0.0522     1.0213     7.9890  1622.2500    59.3000     0.0007     0.5464     0.5464     0.5464     0.3645     0.1264
   -2.2296   -29.1733     0.8677  -804.9000     0.0376     1.1342     4.7070  1153.0000    73.8800     0.0006     0.7943     0.7943     0.7943     0.2284     0.2780
   -2.5930   -31.8991     0.6528  -279.8000     0.0448     1.0662     1.5060  2211.2500   137.4650     0.0011     0.4731     0.4731     0.4731     0.9742     0.3137
   -2.5728   -30.2975     0.7278  -997.5000     0.0477     1.2380     2.4760  2033.2500   111.2000     0.0010     0.7830     0.7830     0.7830     0.1665     0.1463
   -3.1871   -29.4956     0.9307  -826.4000     0.0377     1.3534     9.9140  2376.7500    87.1250     0.0013     0.5853     0.5853     0.5853     0.9085     0.3300
   -2.8007   -28.4275     0.9397  -242.0000     0.0354     1.2662     6.0760  2565.0000   100.0850     0.0011     0.6938     0.6938     0.6938     1.3293     0.2724
   -2.7137   -28.3087     0.7782  -910.3000     0.0542     1.1329     5.7690  1804.5000    59.7500     0.0008     0.7455     0.7455     0.7455     1.4103     0.2020
   -3.3233   -27.1086     0.9953  -582.3000     0.0338     1.3036     7.0470  1729.0000    53.0600     0.0014     0.3677     0.3677     0.3677     0.2621     0.1341
   -3.1294   -32.9947     0.8978   -19.2000     0.0541     1.0670     2.3460  2148.7500   126.0650     0.0010     0.6418     0.6418     0.6418     1.3260     0.2448
   -3.2006   -33.6459     0.8080  -607.8000     0.0267     1.1341     1.3610  2976.2500   119.2700     0.0008     0.2669     0.2669     0.2669     0.6607     0.3952
   -2.8157   -30.5428     0.9926  -294.0000     0.0489     1.4133     1.2320  2759.0000   124.5350     0.0009     0.7358     0.7358     0.7358     1.4833     0.1493
   -3.3899   -31.0411     0.9872  -586.0000     0.0573     1.2121     0.8860  1619.0000    74.4350     0.0013     0.4486     0.4486     0.4486     1.0106     0.1324
   -2.6986   -28.3241     0.5992  -790.3000     0.0520     1.1178     3.9260   752.2500    52.4150     0.0014     0.7327     0.7327     0.7327     1.0290     0.3140
   -2.3022   -32.1895     0.9862  -433.8000     0.0517     1.1037     2.3850  1879.7500    64.5350     0.0009     0.3200     0.3200     0.3200     0.6223     0.3538
   -2.6332   -28.8015     0.6602  -279.0000     0.0381     1.4434     3.5890  1125.7500   116.7650     0.0010     0.3162     0.3162     0.3162     0.6733     0.3834
   -2.0320   -29.0138     0.7985  -623.9000     0.0516     1.4813     9.5330  1281.5000    93.8750     0.0011     0.7167     0.7167     0.7167     0.1251     0.3340
   -2.4731   -29.9906     0.8591  -845.9000     0.0490     1.4424     2.4520  2167.0000   167.5700     0.0008     0.5440     0.5440     0.5440     0.3601     0.1351
   -3.2147   -27.6212     0.8065  -613.5000     0.0379     1.0542     8.8080  2324.2500   136.0550     0.0006     0.5684     0.5684     0.5684     0.1722     0.2725
   -3.0017   -25.6401     0.5335  -977.0000     0.0402     1.3623     2.8470   516.7500   140.1050     0.0008     0.4314     0.4314     0.4314     1.1807     0.3149
   -3.3752   -29.8553     0.8766   -28.7000     0.0259     1.3354     1.6580  1091.0000   197.7200     0.0012     0.4962     0.4962     0.4962     0.9051     0.1720
   -3.2759   -28.5617     0.6929  -900.0000     0.0259     1.1972     1.1010  2778.0000   130.0550     0.0010     0.5664     0.5664     0.5664     0.6468     0.1561
   -3.3128   -27.4727     0.5931  -349.8000     0.0481     1.0373     4.6130  2673.0000   121.9700     0.0014     0.3190     0.3190     0.3190     0.3766     0.3099
   -2.4834   -33.2928     0.7391  -685.6000     0.0322     1.2115     4.9190  1731.0000   152.6300     0.0009     0.2080     0.2080     0.2080     1.3242     0.3150
   -2.7264   -29.2833     0.8790  -482.7000     0.0263     1.4593     9.7710  2949.5000    59.1500     0.0009     0.5728     0.5728     0.5728     1.4843     0.2032
   -2.9592   -31.0334     0.7410  -536.4000     0.0417     1.0025     7.4170  2720.7500   168.5150     0.0011     0.3702     0.3702     0.3702     0.6820     0.3938
   -3.3958   -26.1461     0.9617  -676.4000     0.0317     1.1185     2.3990  2304.5000   122.4650     0.0011     0.5052     0.5052     0.5052     0.7562     0.2265
   -2.6784   -33.9968     0.9736  -192.3000     0.0563     1.0462     3.2330  2013.5000   104.1650     0.0009     0.6066     0.6066     0.6066     0.3314     0.3095
   -3.4406   -33.4633     0.6227  -970.3000     0.0251     1.1345     0.4830  1806.2500   162.9500     0.0006     0.2527     0.2527     0.2527     1.3856     0.2136
   -2.5116   -30.4603     0.6265   -46.3000     0.0569     1.1804     9.5940  1071.0000    62.4650     0.0009     0.3871     0.3871     0.3871     0.4629     0.2850
   -2.6777   -27.0503     0.9344  -719.1000     0.0432     1.3305     6.1540   583.0000   162.6950     0.0014     0.5592     0.5592     0.5592     0.4448     0.1893
   -2.7749   -32.0432     0.7367  -817.4000     0.0289     1.2386     9.2180  1314.0000    56.4950     0.0012     0.6598     0.6598     0.6598     0.5189     0.1068
   -3.4304   -27.7697     0.9048  -622.2000     0.0497     1.2963     0.6680  1577.7500   115.6250     0.0008     0.4021     0.4021     0.4021     1.1576     0.2517
   -2.4105   -25.7556     0.8238  -178.4000     0.0223     1.1518     8.6830   958.5000   118.2350     0.0009     0.4627     0.4627     0.4627     1.2074     0.1838
   -2.5213   -24.5489     0.7675  -295.6000     0.0584     1.1181     0.4540  1761.7500    82.4300     0.0009     0.6881     0.6881     0.6881     1.3937     0.1369
   -2.9166   -24.5060     0.6926  -623.2000     0.0215     1.4605     2.9270  2580.0000   153.0500     0.0009     0.5622     0.5622     0.5622     0.1218     0.1517
   -2.2087   -26.4750     0.6352  -328.1000     0.0249     1.2476     1.2820  1023.5000   176.8850     0.0012     0.7800     0.7800     0.7800     0.4339     0.2708
   -2.4855   -33.2785     0.6889  -675.3000     0.0511     1.2666     5.2890   872.2500    66.9950     0.0008     0.7923     0.7923     0.7923     0.1337     0.1724
   -3.1376   -27.3044     0.7329  -144.6000     0.0419     1.2627     1.2230  2097.2500   128.9300     0.0013     0.4072     0.4072     0.4072     0.5619     0.2253
   -2.6656   -30.6308     0.9187   -43.7000     0.0242     1.2097     3.9080  2297.2500   155.7500     0.0006     0.3022     0.3022     0.3022     0.2112     0.1671
   -3.2738   -24.8525     0.8563  -518.8000     0.0464     1.3049     4.0870  1973.5000   152.0300     0.0006     0.2346     0.2346     0.2346     1.2162     0.1350
   -2.4869   -28.9368     0.5226  -425.5000     0.0595     1.4432     8.9250   819.7500    87.8150     0.0010     0.5687     0.5687     0.5687     0.1973     0.3660
   -2.1568   -25.8051     0.6815  -443.4000     0.0593     1.4325     3.5060   821.0000    52.0400     0.0015     0.4654     0.4654     0.4654     1.1366     0.1665
   -2.6432   -27.0118     0.8026  -637.0000     0.0514     1.4018     2.8220   839.0000   158.9900     0.0013     0.5248     0.5248     0.5248     1.4306     0.3254
   -2.8990   -26.2627     0.7429  -612.5000     0.0537     1.3003     2.4430  2311.7500   185.6000     0.0009     0.3387     0.3387     0.3387     0.2882     0.3921
   -3.0653   -27.0558     0.5746  -691.3000     0.0262     1.2345     6.1680  2110.7500   164.5400     0.0011     0.4042     0.4042     0.4042     1.4791     0.1037
   -2.3377   -28.9577     0.8479  -916.5000     0.0378     1.2857     9.3850  1611.7500   182.2550     0.0012     0.5001     0.5001     0.5001     0.8778     0.2524
   -3.4325   -31.3304     0.9199  -430.4000     0.0397     1.0951     1.5370  1746.0000   191.0750     0.0015     0.5532     0.5532     0.5532     0.1213     0.1821
   -2.7677   -31.7473     0.8436  -984.4000     0.0304     1.3377     1.4560  2383.7500   196.5200     0.0008     0.3856     0.3856     0.3856     1.0409     0.1055
   -2.9552   -30.5241     0.8347  -745.7000     0.0248     1.2951     9.8800  1848.2500   165.3950     0.0015     0.7692     0.7692     0.7692     0.8270     0.2894
   -3.2720   -24.9196     0.7784  -592.6000     0.0298     1.2262     0.5940  2118.7500   160.5200     0.0015     0.5122     0.5122     0.5122     0.2246     0.1748
   -2.1461   -31.2919     0.5777  -732.0000     0.0538     1.2298     6.4160  2454.2500    76.2950     0.0013     0.7097     0.7097     0.7097     1.1524     0.2866
   -2.0687   -31.5801     0.6355  -963.0000     0.0224     1.2960     6.2360  1709.5000   123.6200     0.0006     0.5739     0.5739     0.5739     0.8532     0.2934
   -2.2273   -32.6262     0.9520  -877.4000     0.0233     1.0220     9.7850   529.0000    53.4950     0.0014     0.6444     0.6444     0.6444     1.4007     0.1133
   -2.5341   -24.4103     0.5594  -886.2000     0.0383     1.4768     9.9460  2247.0000   169.4900     0.0008     0.2469     0.2469     0.2469     0.4683     0.3441
   -3.3829   -32.0586     0.6339  -503.0000     0.0256     1.0985     8.1210  2862.5000    97.9850     0.0007     0.7909     0.7909     0.7909     0.7027     0.2155
   -2.8091   -27.5486     0.8325    -2.0000     0.0524     1.4337     3.6480  2423.0000   110.4650     0.0011     0.2460     0.2460     0.2460     1.1886     0.3895
   -2.8024   -28.7487     0.7631  -811.8000     0.0430     1.0874     2.5780   883.0000   184.8800     0.0005     0.6280     0.6280     0.6280     1.2064     0.2205
   -3.3068   -30.3327     0.6436  -193.9000     0.0387     1.1433     9.1890  1271.0000   158.2700     0.0010     0.3720     0.3720     0.3720     1.4689     0.1039
   -2.4889   -29.4164     0.5087  -348.7000     0.0592     1.2572     2.5430  2369.7500    91.8950     0.0013     0.2230     0.2230     0.2230     0.2259     0.2839
   -2.2475   -28.4011     0.5722   -31.4000     0.0342     1.1175     4.4800  2663.2500   102.2000     0.0005     0.2886     0.2886     0.2886     1.4807     0.2255
   -2.5394   -33.3654     0.5345  -183.5000     0.0534     1.4093     2.9000  1919.5000   161.6600     0.0010     0.7394     0.7394     0.7394     0.2768     0.3679
   -3.1502   -25.4223     0.5394  -555.8000     0.0326     1.1536     4.7880  2952.5000   171.6650     0.0014     0.5553     0.5553     0.5553     1.4383     0.2262
   -2.8287   -31.0224     0.8038  -973.3000     0.0554     1.4282     6.6530  2308.5000   178.1750     0.0009     0.3160     0.3160     0.3160     1.3615     0.1772
   -2.7624   -31.8749     0.6714  -475.2000     0.0206     1.0376     7.2600   662.2500   146.0150     0.0006     0.5020     0.5020     0.5020     0.5551     0.3817
   -3.0997   -27.1394     0.8447  -410.3000     0.0210     1.4098     6.3350  2600.2500   192.1700     0.0007     0.7585     0.7585     0.7585     0.1805     0.2129
   -2.8344   -28.0755     0.6391   -21.1000     0.0228     1.3321     0.6760  1187.5000   196.4600     0.0011     0.2122     0.2122     0.2122     1.4412     0.3571
   -3.0793   -34.3389     0.8736  -748.1000     0.0468     1.4701     6.5690  2765.0000   198.6950     0.0014     0.7981     0.7981     0.7981     1.0741     0.3094
   -2.6210   -30.8420     0.5843  -812.5000     0.0501     1.0921     8.7890   754.5000   175.7750     0.0008     0.5675     0.5675     0.5675     1.2864     0.2363
   -2.2974   -33.3775     0.7459  -881.5000     0.0485     1.4052     0.9410  1270.2500   164.9150     0.0013     0.4531     0.4531     0.4531     0.9011     0.3824
   -3.2168   -26.5773     0.9976  -186.2000     0.0471     1.0556     4.3300  1295.2500    85.8350     0.0005     0.6931     0.6931     0.6931     0.4013     0.3642
   -2.0970   -33.9715     0.9277  -891.4000     0.0547     1.2847     7.7850   724.0000   129.6200     0.0006     0.2369     0.2369     0.2369     1.4331     0.1335
   -3.1658   -32.9287     0.7318  -562.7000     0.0561     1.2308     6.8910  1395.5000   183.7850     0.0013     0.6904     0.6904     0.6904     1.1276     0.2437
   -2.7044   -28.3428     0.6175   -61.9000     0.0404     1.4497     9.4340  2000.0000   160.1450     0.0013     0.6252     0.6252     0.6252     0.5677     0.1280
   -2.9070   -29.5275     0.9122  -398.8000     0.0442     1.4748     7.9140  2909.7500   128.9000     0.0014     0.6034     0.6034     0.6034     0.8497     0.3411
   -2.6035   -30.5296     0.9984  -972.4000     0.0402     1.4323     5.6250  2807.7500   189.6950     0.0007     0.3823     0.3823     0.3823     0.2518     0.1301
   -2.2614   -31.3051     0.9910  -878.9000     0.0253     1.0422     7.9590  1833.7500   178.3550     0.0007     0.3251     0.3251     0.3251     0.7677     0.1893
   -2.2568   -27.3099     0.8052  -464.2000     0.0264     1.0630     4.4830  1758.7500   111.9200     0.0007     0.2286     0.2286     0.2286     0.7168     0.1205
   -3.0593   -34.2377     0.9161  -304.2000     0.0543     1.0757     3.0050  1073.0000   156.8750     0.0008     0.7153     0.7153     0.7153     0.5369     0.2379
   -2.8476   -32.2775     0.7916  -667.0000     0.0487     1.1364     7.9840  2150.5000   161.5400     0.0008     0.5748     0.5748     0.5748     1.2190     0.1739
   -2.1351   -26.4189     0.9590  -898.0000     0.0342     1.2141     4.6740  2617.5000    58.1000     0.0013     0.2195     0.2195     0.2195     0.2805     0.1291
   -3.2094   -30.2238     0.6142  -681.8000     0.0593     1.1346     8.0270  1222.5000   153.5750     0.0014     0.7348     0.7348     0.7348     0.8911     0.3770
   -3.0332   -28.1459     0.7792  -619.1000     0.0377     1.2774     0.7210  1098.0000   132.9800     0.0011     0.2259     0.2259     0.2259     1.2798     0.3335
   -2.0198   -28.6849     0.7202  -534.2000     0.0410     1.0073     3.7840   843.7500    85.7600     0.0009     0.7317     0.7317     0.7317     0.2099     0.3955
   -3.2429   -28.6618     0.6718   -75.2000     0.0541     1.0066     9.9500  2735.5000   198.7850     0.0006     0.4588     0.4588     0.4588     1.1423     0.2505
   -2.2361   -24.8272     0.9289  -440.1000     0.0425     1.1372     1.1100  2813.0000   175.8500     0.0009     0.4996     0.4996     0.4996     0.2051     0.1779
   -2.4562   -30.6638     0.7778  -885.5000     0.0548     1.4472     4.1820  1457.5000    74.9600     0.0008     0.6639     0.6639     0.6639     1.3718     0.2373
   -3.1662   -25.4542     0.6578   -70.9000     0.0326     1.4304     9.8220  1914.2500   136.8800     0.0008     0.4513     0.4513     0.4513     0.5575     0.3407
   -2.6012   -25.3079     0.6163  -589.7000     0.0278     1.3245     2.4300  2616.2500    93.9500     0.0011     0.6499     0.6499     0.6499     0.7030     0.3517
   -2.0762   -26.8248     0.5490  -534.4000     0.0453     1.0691     7.0290  1510.0000   139.7300     0.0014     0.2652     0.2652     0.2652     0.5297     0.2512
   -2.4249   -30.7375     0.5937  -322.0000     0.0315     1.1350     0.5370  1789.5000    60.4550     0.0014     0.3358     0.3358     0.3358     0.8725     0.2073
   -3.2843   -32.8814     0.9083  -850.9000     0.0270     1.3959     5.2010  1173.0000   114.1700     0.0014     0.6606     0.6606     0.6606     0.9806     0.2411
   -2.1298   -31.3469     0.6099  -697.5000     0.0276     1.4015     5.4720  2944.5000   114.5300     0.0008     0.4067     0.4067     0.4067     0.6431     0.2746
   -2.1448   -34.4918     0.7199  -957.9000     0.0550     1.1603     0.6100  1174.0000   120.4850     0.0013     0.7242     0.7242     0.7242     0.2658     0.1646
   -2.1809   -24.3201     0.6072  -913.9000     0.0552     1.3700     1.0480  1505.2500   174.1400     0.0012     0.6343     0.6343     0.6343     1.1468     0.1255
   -2.0905   -34.1442     0.9408  -520.6000     0.0535     1.0909     3.5440  1554.7500    93.5450     0.0007     0.5311     0.5311     0.5311     1.4203     0.2063
   -2.7529   -34.3774     0.6944  -266.2000     0.0509     1.1732     0.9110  2337.2500   191.0000     0.0013     0.6430     0.6430     0.6430     0.2203     0.1735
   -2.2323   -32.6592     0.7118  -829.3000     0.0476     1.0234     0.0590   995.2500    58.7000     0.0007     0.5199     0.5199     0.5199     1.1934     0.1491
   -2.4105   -29.4428     0.7678  -737.5000     0.0404     1.1189     3.4190  1763.7500    85.3700     0.0009     0.7554     0.7554     0.7554     1.3225     0.2301
   -3.0962   -29.7827     0.5278  -226.5000     0.0244     1.2737     9.4730  2006.5000    53.7650     0.0011     0.7740     0.7740     0.7740     0.8004     0.1507
   -2.5007   -26.1494     0.5377  -193.1000     0.0599     1.0046     6.5420  1404.7500   120.0050     0.0009     0.5916     0.5916     0.5916     0.6835     0.3869
   -2.8788   -33.0024     0.9448  -968.2000     0.0465     1.4535     0.3850  1465.0000   147.8750     0.0008     0.3900     0.3900     0.3900     1.4579     0.2120
   -2.3399   -31.9871     0.8865  -799.7000     0.0422     1.2107     1.2730  2108.2500    95.1200     0.0009     0.4837     0.4837     0.4837     1.1836     0.1626
   -2.0373   -31.5394     0.7567  -517.9000     0.0486     1.0129     1.4620  1496.0000   154.3250     0.0007     0.5988     0.5988     0.5988     1.0878     0.2907
   -3.0064   -27.6597     0.6924  -994.5000     0.0523     1.4445     8.2390  1759.2500    75.8900     0.0009     0.5117     0.5117     0.5117     1.4632     0.1468
   -3.1625   -25.8084     0.6837  -139.5000     0.0254     1.4386     7.9450  1636.5000    86.3300     0.0007     0.4215     0.4215     0.4215     0.9723     0.1157
   -2.4849   -34.7030     0.7556  -483.4000     0.0375     1.4177     7.0160  1795.2500   199.5650     0.0010     0.2638     0.2638     0.2638     0.2796     0.1161
   -2.6558   -31.7011     0.7054  -115.5000     0.0333     1.0977     5.6750  1164.0000    67.1750     0.0013     0.4051     0.4051     0.4051     0.2589     0.2479
   -2.0294   -32.7307     0.7967  -386.3000     0.0490     1.1850     6.7990  2693.2500   104.4350     0.0013     0.3556     0.3556     0.3556     1.4035     0.2386
   -3.1634   -28.8158     0.5780  -301.7000     0.0383     1.2708     2.0730  1923.0000   153.3950     0.0010     0.7868     0.7868     0.7868     0.4143     0.3652
   -2.2348   -33.7405     0.8059  -286.6000     0.0405     1.1075     6.7280  1211.5000   188.4950     0.0009     0.5277     0.5277     0.5277     1.4332     0.2375
   -2.2492   -24.3003     0.9463  -339.5000     0.0354     1.4171     8.1360   771.5000   194.1650     0.0012     0.5005     0.5005     0.5005     1.3097     0.3049
   -2.8691   -27.5299     0.8343  -923.5000     0.0445     1.2803     0.0930  2926.5000    84.0500     0.0008     0.6039     0.6039     0.6039     0.9126     0.3964
   -3.1380   -33.0409     0.5264  -590.7000     0.0219     1.0796     4.3450  2069.2500   158.9000     0.0006     0.7844     0.7844     0.7844     0.8084     0.1391
   -3.4703   -27.8643     0.7727  -847.7000     0.0480     1.3792     0.6780  1908.5000    65.1800     0.0005     0.6273     0.6273     0.6273     0.8253     0.2933
   -3.4504   -25.1847     0.6879   -71.6000     0.0334     1.2687     8.9720  1078.0000   180.3050     0.0011     0.6660     0.6660     0.6660     0.6552     0.3878
   -2.4242   -25.4872     0.5173  -244.5000     0.0474     1.2229     6.2960  1213.0000   184.9100     0.0011     0.5089     0.5089     0.5089     0.2002     0.2999
   -3.4000   -29.5198     0.9505  -936.0000     0.0226     1.3520     8.6350  1428.7500    85.0550     0.0012     0.3405     0.3405     0.3405     1.3792     0.2860
   -2.3365   -30.8343     0.8065  -694.6000     0.0348     1.2788     0.3150  1341.2500    79.8500     0.0006     0.3330     0.3330     0.3330     0.2946     0.2522
   -3.4427   -27.2527     0.7126   -84.7000     0.0317     1.2165     1.5400  2560.7500   192.6800     0.0006     0.2745     0.2745     0.2745     0.2351     0.1596
   -3.2117   -25.6236     0.6306  -507.2000     0.0373     1.2303     9.8660  1266.5000   188.8700     0.0011     0.3655     0.3655     0.3655     0.4968     0.1538
   -2.5112   -29.4670     0.8359  -580.4000     0.0234     1.0858     7.0380   738.0000   188.1050     0.0012     0.3280     0.3280     0.3280     1.3135     0.1301
   -3.4828   -24.2442     0.5121   -88.0000     0.0518     1.4024     7.4650  2996.2500    60.5300     0.0013     0.3207     0.3207     0.3207     0.8078     0.3346
   -2.2818   -28.5694     0.6475  -387.4000     0.0563     1.0317     2.1500  1079.7500   180.2150     0.0014     0.3359     0.3359     0.3359     0.3929     0.3374
   -2.3180   -26.2055     0.7661  -667.7000     0.0360     1.3986     6.4190  1884.5000    76.0250     0.0015     0.5481     0.5481     0.5481     0.7285     0.1815
   -2.0524   -26.2297     0.8412  -507.6000     0.0504     1.0934     0.5000  2531.7500   190.9550     0.0006     0.6385     0.6385     0.6385     0.6422     0.1189
   -2.3333   -32.7098     0.6227  -999.8000     0.0428     1.0286     7.8070  2645.2500    78.6650     0.0011     0.2958     0.2958     0.2958     1.4028     0.1379
   -3.1404   -29.7387     0.9414  -679.5000     0.0561     1.4727     3.9020  2702.7500   146.6300     0.0007     0.6186     0.6186     0.6186     1.2179     0.3939
   -3.2666   -31.5284     0.8898  -120.7000     0.0331     1.0002     2.2170  1301.7500    58.4150     0.0015     0.6076     0.6076     0.6076     0.7698     0.3706
   -2.3747   -25.5510     0.9177  -816.8000     0.0206     1.0860     1.9720  1907.5000   140.3900     0.0008     0.6255     0.6255     0.6255     0.2698     0.1840
   -3.3503   -25.0516     0.8866  -240.4000     0.0347     1.3723     1.3170  1774.2500   128.6150     0.0011     0.4282     0.4282     0.4282     0.4259     0.2176
   -2.9300   -31.5625     0.9644  -251.1000     0.0263     1.4167     7.8210  1716.0000   101.5100     0.0011     0.7232     0.7232     0.7232     0.4609     0.2817
   -2.7976   -34.3818     0.5465   -25.8000     0.0243     1.3042     7.3120   896.7500    82.2800     0.0005     0.2255     0.2255     0.2255     1.4762     0.2311
   -2.3495   -25.5224     0.8617  -212.6000     0.0499     1.4869     7.0830  2200.0000   122.6300     0.0010     0.3994     0.3994     0.3994     1.0251     0.3860
   -2.8950   -31.6934     0.8749  -438.7000     0.0350     1.2695     0.7680  2705.5000   171.8750     0.0014     0.3751     0.3751     0.3751     0.6533     0.2575
   -2.7115   -31.7781     0.9587  -810.9000     0.0479     1.4873     5.5620  1570.5000    78.3350     0.0006     0.2674     0.2674     0.2674     1.2815     0.2172
   -2.5817   -31.2248     0.5040  -613.2000     0.0471     1.3422     5.4590  2755.5000   146.6750     0.0007     0.3711     0.3711     0.3711     1.4817     0.1276
   -2.1650   -26.3672     0.5840  -643.8000     0.0201     1.0735     1.4880  2691.7500    99.6800     0.0011     0.5779     0.5779     0.5779     0.6048     0.3702
   -2.8161   -25.9228     0.6083  -779.8000     0.0285     1.2342     2.3580  2858.5000   188.0450     0.0007     0.3594     0.3594     0.3594     1.4623     0.1246
   -2.2337   -27.3704     0.9386  -545.3000     0.0461     1.4956     3.5210  1498.5000   139.2350     0.0011     0.7581     0.7581     0.7581     0.7622     0.2749
   -2.0519   -24.1837     0.5676   -67.7000     0.0539     1.2753     1.1860  1593.0000   124.5650     0.0011     0.3855     0.3855     0.3855     0.6086     0.3074
   -2.2409   -32.8561     0.5941  -934.7000     0.0493     1.2678     1.2260  2543.2500    97.0400     0.0008     0.3635     0.3635     0.3635     0.2896     0.1566
   -2.2886   -32.5371     0.7355  -785.1000     0.0221     1.1618     8.8420  1047.0000   124.2350     0.0011     0.7771     0.7771     0.7771     0.9821     0.1558
   -2.7771   -27.9831     0.6197  -948.7000     0.0304     1.3064     9.7790  1084.5000   140.5400     0.0007     0.3450     0.3450     0.3450     1.2631     0.2853
   -3.4032   -30.6583     0.9374  -348.8000     0.0520     1.0255     0.9580  1775.2500    82.9100     0.0005     0.3965     0.3965     0.3965     1.0248     0.1123
   -2.5095   -25.8282     0.5851  -730.5000     0.0324     1.0391     0.6070  1511.2500   112.0850     0.0006     0.4461     0.4461     0.4461     0.8780     0.1104
   -2.6532   -32.0344     0.8036   -65.7000     0.0375     1.4074     4.6220  2703.5000   189.3650     0.0008     0.5857     0.5857     0.5857     1.3054     0.3639
   -3.1183   -30.7100     0.8596   -17.8000     0.0593     1.3163     7.8700  2963.2500   110.1950     0.0012     0.3341     0.3341     0.3341     1.1451     0.2331
   -2.9688   -27.1515     0.5925  -173.1000     0.0398     1.2927     6.5340  1869.5000   168.6500     0.0013     0.3025     0.3025     0.3025     0.9672     0.1487
   -2.4594   -30.3701     0.8332  -261.5000     0.0265     1.1082     5.2060  1059.5000   193.0700     0.0013     0.3576     0.3576     0.3576     0.2442     0.2235
   -2.2754   -29.8289     0.8792   -31.1000     0.0585     1.4079     9.8490   600.0000    93.6200     0.0008     0.7033     0.7033     0.7033     1.3389     0.2094
   -2.4466   -29.3075     0.5896  -169.5000     0.0454     1.1338     9.6120  1999.7500    56.0300     0.0008     0.5017     0.5017     0.5017     0.3951     0.3041
   -2.6954   -30.6792     0.6776  -689.4000     0.0232     1.2405     5.2260  1781.0000   191.4350     0.0006     0.3247     0.3247     0.3247     0.2301     0.3385
   -3.4265   -33.7702     0.8538  -557.5000     0.0281     1.1465     3.8360  2967.0000   114.1100     0.0008     0.7811     0.7811     0.7811     0.5878     0.3428
   -2.3089   -27.8335     0.9129  -179.0000     0.0455     1.0787     9.2990  1250.7500    70.0250     0.0012     0.7014     0.7014     0.7014     0.6445     0.3777
   -3.2671   -32.3248     0.7871  -428.3000     0.0487     1.4109     3.0670  2595.0000   192.7850     0.0014     0.3129     0.3129     0.3129     0.5214     0.3847
   -3.2300   -31.0059     0.7865  -268.8000     0.0217     1.4458     1.4840   818.0000   193.9250     0.0012     0.5320     0.5320     0.5320     1.0009     0.1519
   -2.3580   -25.8854     0.6512  -800.1000     0.0324     1.3171     9.6450   524.0000    64.3550     0.0010     0.3367     0.3367     0.3367     0.4328     0.1879
   -2.1698   -30.4372     0.8576  -712.0000     0.0472     1.1445     7.2890  2690.2500    84.9650     0.0005     0.2146     0.2146     0.2146     0.3752     0.1849
   -2.0585   -32.6988     0.7882  -246.2000     0.0490     1.4008     5.1520  1464.0000   182.6900     0.0007     0.5820     0.5820     0.5820     0.1223     0.3013
   -2.1518   -28.5452     0.7552  -713.3000     0.0382     1.1643     8.3660  1390.2500   158.6000     0.0010     0.2988     0.2988     0.2988     0.4247     0.2755
   -2.8758   -34.8911     0.7294  -653.4000     0.0514     1.1882     4.7190   541.2500   178.9100     0.0009     0.3651     0.3651     0.3651     0.9352     0.1262
   -2.0426   -28.7861     0.6168  -642.5000     0.0222     1.3056     1.0760  2496.5000    87.5000     0.0008     0.7039     0.7039     0.7039     1.4920     0.3687
   -2.1314   -26.2891     0.6340  -503.9000     0.0574     1.2325     1.0420  1767.5000    59.0150     0.0013     0.3179     0.3179     0.3179     1.1420     0.3841
   -2.9921   -30.0071     0.5511  -431.1000     0.0458     1.2709     4.5890   619.0000    82.4900     0.0014     0.7992     0.7992     0.7992     1.2109     0.2647
   -2.0379   -30.8156     0.7212  -946.0000     0.0372     1.3840     2.5040  2439.7500    69.0500     0.0008     0.4430     0.4430     0.4430     1.3498     0.2224
   -2.0501   -31.0499     0.8629  -475.8000     0.0352     1.2196     9.5260  1003.5000    58.2950     0.0007     0.4161     0.4161     0.4161     0.8967     0.1422
   -2.5580   -26.5267     0.7500  -531.8000     0.0315     1.1254     8.9880   687.0000   137.2550     0.0012     0.6611     0.6611     0.6611     0.6361     0.3842
   -2.1542   -26.4211     0.8935  -917.8000     0.0431     1.0852     5.7170  1386.7500   101.3000     0.0005     0.6830     0.6830     0.6830     1.2649     0.1398
   -2.3093   -25.9745     0.6885  -273.7000     0.0397     1.4370     4.9490  2294.7500    71.9600     0.0013     0.3771     0.3771     0.3771     0.2404     0.3466
   -2.5998   -27.3121     0.7215  -627.5000     0.0300     1.4583     3.4350   544.0000   110.4200     0.0015     0.4594     0.4594     0.4594     0.3988     0.2630
   -2.0627   -28.6189     0.8246    -5.8000     0.0543     1.3719     6.9320  1181.0000   143.4200     0.0014     0.7213     0.7213     0.7213     1.1083     0.1709
   -3.2825   -34.2135     0.6655  -946.0000     0.0472     1.0131     1.1780  1118.7500   168.5750     0.0008     0.6549     0.6549     0.6549     1.0790     0.1866
   -2.4303   -31.5053     0.7161  -374.2000     0.0518     1.0999     0.1940  2813.5000   138.2000     0.0008     0.7492     0.7492     0.7492     0.1399     0.1930
   -2.6599   -31.6065     0.5805  -124.6000     0.0499     1.4274     8.8600  2127.0000   160.0700     0.0005     0.2027     0.2027     0.2027     1.3921     0.1088
   -2.5821   -28.7718     0.7142  -539.9000     0.0517     1.3610     8.2160  2395.5000   146.7200     0.0007     0.3740     0.3740     0.3740     1.2582     0.2132
   -3.4180   -24.4939     0.6976  -128.7000     0.0562     1.4853     0.5910  2119.7500   127.7900     0.0009     0.4176     0.4176     0.4176     0.4637     0.2472
   -2.9279   -24.3377     0.5484  -425.8000     0.0235     1.4878     5.7140   583.7500   108.3200     0.0013     0.2040     0.2040     0.2040     0.3094     0.3395
   -2.8978   -32.2676     0.9810  -550.3000     0.0343     1.0447     4.2410  1048.5000   106.5950     0.0006     0.2694     0.2694     0.2694     0.2729     0.3760
   -3.0539   -25.7479     0.7697  -274.1000     0.0498     1.3104     4.2630  2214.7500   125.6150     0.0007     0.4033     0.4033     0.4033     0.8412     0.1581
   -2.5385   -31.3524     0.5800  -287.9000     0.0567     1.1940     2.3900  1031.2500   143.8850     0.0005     0.7578     0.7578     0.7578     0.9161     0.2404
   -3.3138   -29.3592     0.9812  -600.1000     0.0402     1.4853     7.5530  2364.0000   186.9500     0.0007     0.5235     0.5235     0.5235     1.3912     0.2823
   -2.1528   -25.5642     0.5187  -308.0000     0.0233     1.2798     6.3490  2271.0000    88.9100     0.0013     0.3957     0.3957     0.3957     1.2362     0.2388
   -2.0307   -24.7348     0.8409  -613.9000     0.0464     1.1741     6.9750  2931.5000   186.6050     0.0010     0.2130     0.2130     0.2130     1.4630     0.1434
   -3.0991   -28.7982     0.5446  -194.8000     0.0218     1.4203     3.3110   612.7500    78.0650     0.0007     0.6081     0.6081     0.6081     1.1020     0.2376
   -3.0240   -27.6355     0.7086  -995.8000     0.0546     1.1166     8.1160  2447.0000   125.3750     0.0010     0.2295     0.2295     0.2295     0.3794     0.3205
   -2.6675   -33.7383     0.8032  -552.2000     0.0280     1.2397     0.6390   970.2500    73.0850     0.0008     0.7952     0.7952     0.7952     0.7755     0.2809
   -3.1431   -25.0362     0.9994  -834.0000     0.0284     1.1413     5.4640  1172.2500   191.4800     0.0013     0.4015     0.4015     0.4015     0.6176     0.2454
   -3.2206   -31.7055     0.9893  -474.5000     0.0562     1.4016     1.8350  1625.7500    78.4100     0.0010     0.6502     0.6502     0.6502     0.7811     0.2482
   -3.1646   -33.1971     0.6857  -385.1000     0.0240     1.2362     2.3620  1841.7500   198.8150     0.0012     0.3352     0.3352     0.3352     1.4359     0.2701
   -2.7216   -34.1882     0.5274  -966.5000     0.0572     1.2436     5.9600   618.0000   167.7800     0.0011     0.3747     0.3747     0.3747     0.7441     0.1753
   -3.4229   -31.4877     0.9775  -666.9000     0.0260     1.1131     4.4000  1858.7500   192.6200     0.0011     0.7065     0.7065     0.7065     0.9414     0.2862
   -2.5889   -29.2162     0.5756  -941.2000     0.0439     1.0805     5.6830  2347.0000    64.7150     0.0015     0.7613     0.7613     0.7613     0.1654     0.3595
   -2.6359   -32.0069     0.5551  -990.6000     0.0324     1.1372     8.9340  2190.5000   171.9950     0.0009     0.4984     0.4984     0.4984     1.3239     0.1361
   -2.7214   -25.2639     0.6401  -942.2000     0.0216     1.4468     7.7790  2782.5000   165.3050     0.0007     0.2215     0.2215     0.2215     1.2298     0.2050
   -3.0640   -29.1315     0.6531  -468.2000     0.0248     1.0071     4.5670  2739.0000   167.3150     0.0009     0.4503     0.4503     0.4503     1.3638     0.3313
   -3.2746   -27.5860     0.6631  -985.1000     0.0548     1.1974     8.9190   744.0000   111.4100     0.0012     0.3138     0.3138     0.3138     0.7990     0.3239
   -2.7770   -27.4562     0.8478  -138.2000     0.0505     1.2860     9.2940   818.7500   100.3100     0.0014     0.2364     0.2364     0.2364     0.5388     0.1659
   -2.1911   -27.3429     0.6263  -482.0000     0.0398     1.0346     5.1720   708.2500   196.4300     0.0014     0.5444     0.5444     0.5444     0.7244     0.3516
   -3.0530   -29.5539     0.6365  -602.6000     0.0227     1.4994     2.9960  1275.0000   118.8200     0.0012     0.7090     0.7090     0.7090     0.1820     0.1286
   -3.0798   -29.5715     0.8339  -606.8000     0.0501     1.2019     6.8340  1405.2500   191.9450     0.0012     0.5924     0.5924     0.5924     1.1742     0.2992
   -2.7927   -31.9145     0.5241  -618.1000     0.0498     1.2871     0.2090   880.2500   116.4650     0.0014     0.2673     0.2673     0.2673     1.3183     0.1636
   -2.9094   -33.2609     0.9013  -361.2000     0.0577     1.2190     7.4670  1376.0000    74.1650     0.0006     0.4177     0.4177     0.4177     1.3543     0.2644
   -3.2984   -33.8197     0.5766  -531.5000     0.0267     1.3113     1.5580   891.0000    73.4000     0.0014     0.2487     0.2487     0.2487     1.1934     0.1510
   -2.9082   -27.5992     0.8682  -849.7000     0.0599     1.2552     2.2920  1053.5000   168.1850     0.0009     0.5428     0.5428     0.5428     0.6214     0.2637
   -2.3005   -27.3649     0.7822  -151.1000     0.0509     1.4566     1.9310  2204.5000   133.6550     0.0008     0.6091     0.6091     0.6091     0.3072     0.2827
   -3.4658   -34.7294     0.8049  -846.5000     0.0534     1.3646     6.2790  1148.2500    61.9550     0.0008     0.3079     0.3079     0.3079     0.8876     0.1126
   -2.2504   -34.4390     0.8958  -231.2000     0.0463     1.0743     8.5780  1199.0000   108.9500     0.0010     0.4419     0.4419     0.4419     0.6620     0.3663
   -3.2189   -31.1269     0.8031  -255.8000     0.0353     1.0242     4.0730  1713.5000   151.0400     0.0011     0.2070     0.2070     0.2070     1.3951     0.2648
   -3.3705   -31.9794     0.9585  -736.7000     0.0558     1.3293     4.1610   717.7500    89.1950     0.0013     0.5126     0.5126     0.5126     0.4252     0.2035
   -2.2681   -34.1904     0.6284  -757.2000     0.0295     1.0667     8.3050   685.0000   199.1750     0.0015     0.7657     0.7657     0.7657     0.6102     0.2588
   -2.6019   -24.2926     0.6255  -324.7000     0.0454     1.3901     1.2270  1150.5000   145.8650     0.0007     0.6900     0.6900     0.6900     0.9155     0.3393
   -2.1614   -28.4671     0.6855  -383.6000     0.0568     1.1581     8.0770  1133.7500    68.6150     0.0009     0.7104     0.7104     0.7104     0.6754     0.1031
   -3.4548   -24.7315     0.9651   -66.9000     0.0413     1.3712     3.8810  2736.0000   189.3500     0.0010     0.4591     0.4591     0.4591     0.3048     0.1826
   -2.2862   -30.3184     0.6893  -905.9000     0.0409     1.3952     3.1740  1913.5000   168.9050     0.0011     0.5195     0.5195     0.5195     1.0451     0.3051
   -2.4131   -26.1395     0.6782  -763.4000     0.0462     1.0551     6.6000  2623.5000   101.6750     0.0011     0.6100     0.6100     0.6100     0.3461     0.1984
   -3.4736   -33.0101     0.9914  -319.3000     0.0323     1.3810     5.9440  1515.0000    54.3500     0.0010     0.5472     0.5472     0.5472     0.1589     0.1223
   -2.1505   -29.7145     0.5082  -598.2000     0.0241     1.0797     1.1310  2115.0000   145.2650     0.0011     0.2235     0.2235     0.2235     1.4457     0.3304
   -2.3588   -27.9919     0.7622  -550.9000     0.0507     1.3595     6.7720   981.7500   118.2800     0.0013     0.2349     0.2349     0.2349     0.1346     0.3585
   -2.2458   -28.7421     0.7721  -322.7000     0.0214     1.1969     0.3440  2042.2500    99.0950     0.0007     0.3501     0.3501     0.3501     1.0661     0.3528
   -2.1694   -25.1649     0.7810  -214.8000     0.0458     1.1387     1.7100   910.0000   123.3200     0.0013     0.4668     0.4668     0.4668     0.1039     0.1545
   -2.8043   -26.1670     0.8905  -329.7000     0.0410     1.3909     4.3070  2675.5000    85.1600     0.0012     0.7704     0.7704     0.7704     0.6600     0.2068
   -2.7325   -34.4676     0.5135  -869.7000     0.0488     1.0741     9.9070   890.0000    93.8450     0.0006     0.6337     0.6337     0.6337     0.1144     0.1073
   -2.9519   -32.9199     0.8139  -240.8000     0.0336     1.2034     2.5810  2896.2500   132.2750     0.0015     0.6463     0.6463     0.6463     1.1793     0.3196
   -2.5065   -30.5076     0.7551  -291.4000     0.0453     1.4130     3.9040  1212.0000   186.8600     0.0006     0.4194     0.4194     0.4194     0.8022     0.2218
   -3.3992   -33.2906     0.9371  -174.9000     0.0556     1.0880     5.7270  2851.7500    81.2150     0.0006     0.4311     0.4311     0.4311     0.3387     0.1059
   -2.3852   -25.7490     0.5299  -406.5000     0.0514     1.0494     9.2570  1724.7500   176.9300     0.0007     0.6627     0.6627     0.6627     0.7195     0.3704
   -2.1471   -30.1941     0.7707  -446.4000     0.0345     1.1245     3.9290  1871.0000   197.0600     0.0008     0.3193     0.3193     0.3193     1.2806     0.2499
   -3.4712   -33.9473     0.8461  -907.1000     0.0272     1.4083     5.3070   576.7500   158.3150     0.0010     0.5524     0.5524     0.5524     0.4433     0.2481
   -2.9106   -26.0328     0.7156  -751.9000     0.0263     1.1939     0.2290  2857.2500   179.1200     0.0011     0.2720     0.2720     0.2720     1.1948     0.1728
   -2.5667   -28.2614     0.7246  -611.4000     0.0478     1.4698     5.8000  1409.5000   124.7600     0.0007     0.6474     0.6474     0.6474     1.1545     0.1516
   -2.3177   -30.1215     0.8275  -702.6000     0.0394     1.1405     4.8250  1451.0000   132.3500     0.0011     0.7521     0.7521     0.7521     1.4363     0.1396
   -2.5554   -25.2122     0.5048  -501.9000     0.0304     1.2596     8.0130   949.7500   130.7150     0.0013     0.5204     0.5204     0.5204     0.1766     0.1242
   -2.4697   -28.4891     0.9509  -963.3000     0.0337     1.2835     9.1490  2092.2500   185.9750     0.0009     0.3346     0.3346     0.3346     1.1356     0.3578
   -2.4551   -34.7943     0.8097    -4.2000     0.0252     1.1601     5.8800  1839.2500    68.3150     0.0015     0.3395     0.3395     0.3395     1.1132     0.2940
   -3.0774   -28.0084     0.6390  -392.0000     0.0519     1.0864     6.1230  1280.5000   171.4400     0.0015     0.2558     0.2558     0.2558     0.3614     0.1056
   -3.3329   -30.8090     0.5500  -985.5000     0.0453     1.3960     3.1620  2514.5000    87.6650     0.0015     0.7041     0.7041     0.7041     0.3358     0.2809
   -3.4337   -26.9029     0.7258   -17.1000     0.0428     1.1820     1.6720   652.5000   156.9800     0.0007     0.7414     0.7414     0.7414     0.8886     0.1667
   -2.3262   -26.4629     0.6764  -631.2000     0.0240     1.2161     1.2680  2570.7500    62.9900     0.0010     0.4428     0.4428     0.4428     1.1745     0.2411
   -2.5661   -32.0212     0.5423  -743.2000     0.0499     1.4318     6.9420  2310.0000   184.7600     0.0013     0.5187     0.5187     0.5187     1.3758     0.2557
   -3.1493   -33.4589     0.8959  -188.8000     0.0557     1.2786     3.1590  1744.5000    55.2350     0.0012     0.4977     0.4977     0.4977     0.4763     0.1608
   -2.5314   -29.9642     0.6491  -998.0000     0.0513     1.0295     4.2810  1385.0000    80.1500     0.0006     0.7717     0.7717     0.7717     0.2539     0.3752
   -2.7914   -25.1616     0.7249  -759.2000     0.0443     1.3153     0.5440  2165.7500    92.3750     0.0008     0.2952     0.2952     0.2952     1.3069     0.3952
   -2.0109   -30.9828     0.9831  -146.1000     0.0450     1.3454     5.6320  1038.7500   121.4750     0.0014     0.6446     0.6446     0.6446     0.9546     0.1375
   -2.9712   -33.5117     0.5946  -939.3000     0.0339     1.1841     1.5810  2546.0000   176.2550     0.0012     0.7369     0.7369     0.7369     0.6503     0.1565
   -2.1032   -27.6036     0.8840  -181.0000     0.0268     1.2683     2.7170  2746.7500   141.9200     0.0012     0.7073     0.7073     0.7073     1.2357     0.1418
   -2.9371   -28.5001     0.5177  -413.3000     0.0509     1.0956     0.8690  1334.7500   134.1500     0.0007     0.3171     0.3171     0.3171     0.7524     0.1573
   -2.5938   -34.7844     0.9180  -177.5000     0.0316     1.2605     2.5740  1037.0000    78.7400     0.0007     0.6921     0.6921     0.6921     0.3257     0.3039
   -3.0244   -32.5844     0.9418  -374.4000     0.0359     1.1946     0.3880  1813.5000    51.8150     0.0012     0.6633     0.6633     0.6633     0.1416     0.3943
   -2.9151   -30.4636     0.8837  -310.2000     0.0469     1.2689     4.7360  2279.5000   103.3550     0.0010     0.2547     0.2547     0.2547     1.2603     0.2452
   -2.9716   -30.0478     0.8197  -307.6000     0.0456     1.1362     7.0480  2301.2500    59.6300     0.0008     0.2711     0.2711     0.2711     0.9922     0.3210
   -3.4971   -26.4695     0.8137  -251.9000     0.0296     1.1229     3.2600  2753.0000   131.6450     0.0007     0.2418     0.2418     0.2418     0.1112     0.1568
   -2.9280   -33.8318     0.9908   -13.7000     0.0401     1.4404     3.6630  1660.0000    93.0350     0.0010     0.7563     0.7563     0.7563     1.1184     0.1777
   -3.1012   -24.6633     0.5110  -739.9000     0.0547     1.0676     5.8360  2519.5000    85.9550     0.0010     0.6564     0.6564     0.6564     1.1679     0.1788
   -2.8902   -33.8758     0.8510  -809.5000     0.0425     1.0989     9.2120  2334.0000    51.6650     0.0006     0.5966     0.5966     0.5966     0.4625     0.1035
   -2.9390   -31.1434     0.5012   -17.4000     0.0256     1.2183     7.3630   815.7500   147.4700     0.0006     0.7927     0.7927     0.7927     0.7682     0.3497
   -2.1869   -25.8953     0.5639  -718.8000     0.0436     1.1196     8.3560  2218.5000   190.5500     0.0005     0.2093     0.2093     0.2093     0.8641     0.2955
   -2.9940   -32.1851     0.5080  -488.3000     0.0270     1.1752     0.5420  2092.7500   167.6300     0.0011     0.2855     0.2855     0.2855     0.9329     0.2078
   -2.8118   -29.9081     0.6459  -164.0000     0.0208     1.1790     5.7360  2550.0000   150.6950     0.0009     0.4017     0.4017     0.4017     0.6130     0.2201
   -2.0827   -26.3551     0.8912  -151.9000     0.0447     1.0126     0.3300  1701.5000   196.0100     0.0013     0.7649     0.7649     0.7649     1.1058     0.2125
   -2.7545   -29.2305     0.7894  -853.7000     0.0393     1.1304     1.0360  2461.5000    74.5100     0.0012     0.2658     0.2658     0.2658     1.2613     0.1105
   -3.2629   -30.2733     0.7923  -831.0000     0.0362     1.4356     9.9970  2281.7500   139.4600     0.0007     0.6547     0.6547     0.6547     0.6078     0.1450
   -3.4345   -25.8128     0.6204  -821.5000     0.0221     1.4518     3.2470  1757.2500   130.4000     0.0014     0.5066     0.5066     0.5066     0.2564     0.3390
   -2.6892   -27.0976     0.6126  -881.1000     0.0282     1.0043     8.2660   567.2500    95.4050     0.0014     0.2020     0.2020     0.2020     0.9112     0.2815
   -3.0695   -28.8499     0.8319  -749.1000     0.0263     1.3636     3.3010   841.5000    52.3250     0.0012     0.5589     0.5589     0.5589     0.1839     0.2505
   -3.0035   -28.5936     0.6656  -453.6000     0.0225     1.3770     3.8240   593.0000   173.0750     0.0005     0.4686     0.4686     0.4686     0.1857     0.1086
   -2.8615   -27.0272     0.7360  -727.1000     0.0389     1.3389     4.7640  2109.5000    89.7800     0.0009     0.4993     0.4993     0.4993     0.5907     0.3014
   -3.0629   -26.3793     0.8087  -596.4000     0.0408     1.3343     0.6490  2891.0000   151.6250     0.0006     0.7018     0.7018     0.7018     1.1983     0.2296
   -3.4988   -30.2051     0.9274  -779.1000     0.0523     1.2433     3.5080  1422.7500   142.0850     0.0008     0.5360     0.5360     0.5360     0.9711     0.1520
   -2.1845   -29.1535     0.9664  -527.8000     0.0600     1.0534     3.7570  1644.5000   172.5800     0.0010     0.5605     0.5605     0.5605     0.5955     0.2197
   -2.1978   -32.1686     0.5925   -93.1000     0.0352     1.3810     4.8290  2821.5000   103.4600     0.0011     0.6986     0.6986     0.6986     1.4013     0.3034
   -2.7896   -25.1704     0.9062  -462.0000     0.0598     1.3403     8.9940   822.0000    76.1750     0.0007     0.5422     0.5422     0.5422     0.7532     0.3912
   -3.0434   -29.9521     0.5597  -385.8000     0.0405     1.2040     5.1840  1488.5000   174.9350     0.0013     0.6649     0.6649     0.6649     1.3411     0.3794
   -3.2028   -31.6835     0.5390  -843.8000     0.0386     1.4904     4.3590  2176.5000   116.5550     0.0005     0.4965     0.4965     0.4965     0.3715     0.1663
   -3.4356   -34.5941     0.9731  -973.5000     0.0211     1.1208     6.2470  2626.2500    67.4900     0.0009     0.2528     0.2528     0.2528     0.3135     0.3234
   -3.2313   -27.5530     0.7176  -397.8000     0.0476     1.1847     7.1170  2534.7500    56.1350     0.0015     0.7630     0.7630     0.7630     0.9751     0.2691
   -2.6639   -30.2194     0.9638  -164.7000     0.0441     1.1002     0.0760  2248.5000   101.2400     0.0010     0.7398     0.7398     0.7398     1.3968     0.2392
   -2.6539   -26.4783     0.9904  -313.0000     0.0436     1.2568     1.8230  1233.5000   192.1400     0.0006     0.2631     0.2631     0.2631     0.8557     0.3180
   -2.2405   -31.8650     0.8407  -243.6000     0.0343     1.4760     2.0400  2390.2500    66.9350     0.0015     0.3063     0.3063     0.3063     0.9105     0.3609
   -3.4568   -34.2454     0.6584  -966.1000     0.0224     1.2868     4.4710  2799.2500    89.0900     0.0014     0.4599     0.4599     0.4599     0.9166     0.2264
   -2.3298   -27.1548     0.9177  -574.8000     0.0481     1.1148     6.6900  2727.5000   190.3100     0.0012     0.3361     0.3361     0.3361     0.6013     0.1644
   -2.1422   -26.8490     0.8528  -895.2000     0.0476     1.4065     6.6030  1477.5000    88.1150     0.0011     0.6387     0.6387     0.6387     0.8447     0.2238
   -2.5920   -34.5765     0.5102  -676.7000     0.0217     1.3156     2.6830  2170.0000    95.2700     0.0012     0.5844     0.5844     0.5844     0.8794     0.2670
   -3.4536   -28.7124     0.9726  -995.6000     0.0497     1.3099     7.3830  1361.7500   175.6250     0.0014     0.4046     0.4046     0.4046     1.2557     0.3540
   -2.3226   -31.2952     0.5494   -77.5000     0.0284     1.4331     6.9370   604.0000   139.5200     0.0007     0.7900     0.7900     0.7900     1.2628     0.3068
   -2.8075   -25.5587     0.7469  -703.7000     0.0403     1.1663     3.6230  1333.2500    56.6000     0.0009     0.7632     0.7632     0.7632     1.0300     0.2730
   -2.9273   -25.4630     0.6487  -331.6000     0.0488     1.0112     5.0360   965.7500    86.9300     0.0012     0.6022     0.6022     0.6022     1.2483     0.1712
   -2.6547   -25.5752     0.8566  -405.1000     0.0357     1.3079     5.4800  2649.0000   162.7700     0.0013     0.5430     0.5430     0.5430     0.9337     0.1948
   -3.4346   -31.0763     0.7117  -333.0000     0.0421     1.3480     9.2440  1010.7500   108.1700     0.0010     0.4741     0.4741     0.4741     0.3969     0.1788
   -3.4461   -25.5103     0.7139  -623.0000     0.0204     1.0994     8.8160   748.0000   104.8100     0.0013     0.5742     0.5742     0.5742     0.4081     0.3987
   -2.6223   -34.0661     0.9937  -370.9000     0.0287     1.0886     0.6000  2567.5000    94.1450     0.0006     0.3243     0.3243     0.3243     1.4584     0.3749
   -3.0122   -26.5806     0.6814  -581.5000     0.0418     1.1326     8.4970   762.0000    79.2500     0.0008     0.4534     0.4534     0.4534     0.6261     0.1618
   -3.0516   -32.5261     0.6403  -742.4000     0.0532     1.4062     7.8850  2916.5000   197.5700     0.0010     0.3646     0.3646     0.3646     1.1263     0.2103
   -2.1302   -24.6325     0.5790  -717.2000     0.0382     1.4593     3.3830  1396.0000   119.5700     0.0008     0.6756     0.6756     0.6756     1.1095     0.1716
   -2.5131   -26.2825     0.7651  -547.5000     0.0399     1.0283     6.4350  1888.2500    93.1550     0.0006     0.7116     0.7116     0.7116     0.8801     0.1765
   -2.4819   -26.4574     0.7741  -608.5000     0.0575     1.4152     5.0780  2803.2500    70.5950     0.0010     0.5662     0.5662     0.5662     0.6951     0.2913
   -3.3509   -26.3969     0.5205  -874.1000     0.0360     1.3276     3.4890  2709.5000   131.5850     0.0012     0.2280     0.2280     0.2280     0.1741     0.1431
   -3.4943   -34.1409     0.5754  -715.5000     0.0326     1.2129     0.0560   702.7500   182.3900     0.0011     0.2658     0.2658     0.2658     1.0002     0.1050
   -2.1402   -34.6458     0.8147   -91.2000     0.0485     1.2225     0.1420  1949.5000   125.4950     0.0011     0.6825     0.6825     0.6825     1.2777     0.2966
   -2.9604   -27.4287     0.5089  -864.8000     0.0577     1.0350     0.3830  2110.2500   163.8350     0.0011     0.2516     0.2516     0.2516     0.1053     0.2887
   -2.2633   -30.5021     0.7175  -823.5000     0.0579     1.3702     7.8540  2884.0000    75.8150     0.0010     0.6715     0.6715     0.6715     0.6627     0.1215
   -2.1701   -26.0350     0.7435  -464.5000     0.0362     1.0117     2.2600  2276.7500   134.5850     0.0013     0.5752     0.5752     0.5752     0.8823     0.1441
   -2.3373   -26.9755     0.7347  -467.1000     0.0447     1.0030     6.7670  1123.5000   158.0600     0.0013     0.3432     0.3432     0.3432     0.1487     0.1543
   -2.7189   -28.6453     0.7462   -87.3000     0.0373     1.0004     5.0680  2948.2500    70.6400     0.0015     0.5457     0.5457     0.5457     0.6302     0.2678
   -2.4170   -25.3530     0.6735  -858.3000     0.0290     1.1608     3.4740  2834.5000   140.6750     0.0013     0.4338     0.4338     0.4338     0.9389     0.1940
   -2.2733   -31.2149     0.6342  -783.3000     0.0477     1.2258     3.9370  2920.5000    94.8350     0.0008     0.6120     0.6120     0.6120     0.1085     0.3862
   -3.3362   -27.0877     0.6155  -752.6000     0.0445     1.1600     5.6220  2934.0000    75.5150     0.0012     0.7621     0.7621     0.7621     1.1875     0.2207
   -3.0846   -25.9085     0.6396  -198.4000     0.0342     1.3893     9.8570   730.2500   177.6050     0.0005     0.6790     0.6790     0.6790     1.1191     0.1400
   -2.7161   -33.6393     0.5395  -560.4000     0.0290     1.4598     0.3420  1081.7500   152.7200     0.0008     0.4789     0.4789     0.4789     1.4644     0.3985
   -3.1487   -25.6654     0.7154   -54.6000     0.0483     1.1034     6.3400  2964.2500    54.1550     0.0012     0.2483     0.2483     0.2483     0.1599     0.1825
   -2.5526   -33.5612     0.8380  -780.7000     0.0269     1.0270     8.4280  1204.7500   192.2150     0.0005     0.6287     0.6287     0.6287     1.1438     0.2533
   -2.8460   -25.6698     0.9433  -969.5000     0.0434     1.3499     4.1460  2372.5000   162.2150     0.0013     0.3326     0.3326     0.3326     0.6576     0.3317
   -3.3134   -27.0184     0.9232  -610.8000     0.0292     1.0582     2.5360  1661.0000   196.3700     0.0009     0.7215     0.7215     0.7215     1.4233     0.3069
   -3.1149   -30.5417     0.9411  -986.3000     0.0528     1.0111     3.7410  1902.5000    83.6750     0.0013     0.7177     0.7177     0.7177     0.3500     0.3057
   -2.9836   -26.5993     0.8013   -92.4000     0.0474     1.3104     5.6290  2163.2500   181.1000     0.0010     0.6916     0.6916     0.6916     0.5154     0.2513
   -2.8994   -27.9875     0.5831   -79.2000     0.0219     1.4621     8.3210  2165.0000   157.4150     0.0014     0.6759     0.6759     0.6759     1.2173     0.2676
   -3.0618   -34.6315     0.6447  -708.3000     0.0502     1.0784     2.3800   916.0000   195.5150     0.0005     0.6435     0.6435     0.6435     0.8143     0.2634
   -2.1524   -27.4672     0.7378  -846.1000     0.0547     1.2777     3.7160  1906.2500    88.6400     0.0012     0.2946     0.2946     0.2946     0.9408     0.1220
   -2.2622   -29.4120     0.8002  -394.4000     0.0503     1.1004     0.8300  1256.0000    80.7800     0.0006     0.6427     0.6427     0.6427     0.1116     0.2885
   -2.3611   -26.6411     0.9229  -681.5000     0.0258     1.4047     3.7770  1479.0000   121.1900     0.0007     0.6874     0.6874     0.6874     1.1165     0.3618
   -2.7805   -26.7896     0.5381  -808.1000     0.0568     1.1527     1.9550  2718.5000   108.0800     0.0005     0.5326     0.5326     0.5326     1.2260     0.1961
   -2.1023   -28.1019     0.9716  -353.2000     0.0494     1.3801     2.6490   709.2500   132.2000     0.0009     0.4825     0.4825     0.4825     1.2908     0.1557
   -2.4708   -26.9832     0.5417  -834.4000     0.0203     1.3538     1.6860  1310.7500    51.5150     0.0011     0.6429     0.6429     0.6429     1.3298     0.1780
   -2.6429   -30.0929     0.5572  -724.3000     0.0245     1.4415     2.4370  2810.5000    73.6700     0.0006     0.3642     0.3642     0.3642     0.9100     0.3872
   -2.3872   -31.2116     0.8114  -833.2000     0.0293     1.1825     2.1210   914.0000    77.6300     0.0008     0.6676     0.6676     0.6676     0.1725     0.2939
   -2.8354   -25.6775     0.5064  -201.3000     0.0280     1.3004     9.5090  2381.2500   186.1250     0.0014     0.5225     0.5225     0.5225     0.3582     0.2061
   -2.6398   -33.0728     0.7297  -771.7000     0.0579     1.0217     6.4970  2354.7500   125.9000     0.0010     0.5981     0.5981     0.5981     0.6390     0.2562
   -2.6912   -28.9841     0.5846  -655.5000     0.0422     1.1352     3.6400   888.0000   168.2600     0.0011     0.4791     0.4791     0.4791     1.4317     0.1992
   -3.0977   -24.8987     0.5635  -134.1000     0.0436     1.0704     2.9750  2611.5000   187.8800     0.0007     0.6753     0.6753     0.6753     0.2548     0.3342
   -3.1496   -28.1591     0.6112  -716.0000     0.0326     1.3069     3.0470  1009.2500   149.5100     0.0011     0.2750     0.2750     0.2750     1.3418     0.1411
   -3.4878   -28.9445     0.8259  -457.6000     0.0213     1.0618     1.2360  1111.7500   170.2700     0.0009     0.2106     0.2106     0.2106     0.4885     0.3248
   -2.0314   -34.8075     0.5474  -524.4000     0.0413     1.2958     1.5330  2502.2500    65.4800     0.0012     0.7486     0.7486     0.7486     0.5101     0.3168
   -2.9936   -31.9266     0.5074  -294.7000     0.0477     1.1801     3.7450  2300.0000   170.0900     0.0005     0.7955     0.7955     0.7955     1.2749     0.1373
   -2.7403   -26.1538     0.5648  -558.4000     0.0555     1.2289     8.5100  1596.2500   107.9750     0.0007     0.3749     0.3749     0.3749     0.9289     0.1867
   -3.0690   -30.7826     0.6532  -612.1000     0.0350     1.4312     4.0200  1935.5000   124.9850     0.0005     0.6826     0.6826     0.6826     1.1844     0.2060
   -2.0984   -29.0853     0.8998  -771.2000     0.0500     1.4881     1.8630  1783.0000   100.3700     0.0013     0.2754     0.2754     0.2754     1.0069     0.1791
   -3.0221   -24.7392     0.8014  -693.1000     0.0385     1.1911     3.2360   609.0000    73.5050     0.0012     0.2140     0.2140     0.2140     0.2126     0.2344
   -3.2705   -24.4004     0.5685  -527.3000     0.0416     1.1697     0.2010  1462.2500    80.5100     0.0014     0.5328     0.5328     0.5328     0.6233     0.1092
   -2.8795   -33.6272     0.6484  -948.3000     0.0395     1.4205     6.6920  1917.0000   138.7400     0.0012     0.5646     0.5646     0.5646     1.2914     0.1133
   -2.6757   -28.3461     0.9599  -427.9000     0.0436     1.4229     7.5350  1101.2500   115.8350     0.0010     0.2600     0.2600     0.2600     0.5367     0.3124
   -2.3465   -30.8926     0.7658  -896.2000     0.0512     1.1526     3.6990  1462.7500    55.2650     0.0011     0.5899     0.5899     0.5899     0.7766     0.2737
   -2.0000   -25.9899     0.8375  -486.3000     0.0518     1.1690     2.1900  2631.0000   142.7900     0.0010     0.7290     0.7290     0.7290     1.3363     0.1486
   -2.7513   -30.4273     0.6981  -720.7000     0.0391     1.4997     3.7520  2634.0000    91.9250     0.0007     0.2729     0.2729     0.2729     0.2480     0.3604
   -3.4928   -25.5675     0.8728  -155.0000     0.0370     1.1253     2.7080   926.2500   184.8050     0.0015     0.5827     0.5827     0.5827     1.0197     0.2401
   -3.0056   -32.5129     0.8044  -235.5000     0.0401     1.3325     4.7550  1952.0000    99.6500     0.0010     0.2250     0.2250     0.2250     1.4532     0.3308
   -3.4448   -26.5421     0.7060  -132.0000     0.0271     1.1639     0.2270  2090.0000    68.4500     0.0014     0.3093     0.3093     0.3093     0.7146     0.3371
   -3.4150   -29.8927     0.9048  -706.1000     0.0492     1.1010     9.5780  1574.2500    57.2900     0.0013     0.7024     0.7024     0.7024     0.5171     0.3416
   -2.9324   -25.6170     0.7034  -770.5000     0.0368     1.3649     2.6660  2209.0000    75.4100     0.0013     0.7554     0.7554     0.7554     0.2642     0.2709
   -2.1530   -30.3965     0.8896  -894.9000     0.0569     1.3755     8.8520   772.7500    51.6050     0.0009     0.5035     0.5035     0.5035     0.4237     0.2612
   -2.9312   -26.1043     0.7217  -849.6000     0.0463     1.1299     7.5790  2576.5000    67.0400     0.0012     0.3085     0.3085     0.3085     0.5711     0.1659
   -3.3512   -30.2843     0.7309  -737.1000     0.0588     1.4897     7.0000  1576.5000    87.0500     0.0013     0.3730     0.3730     0.3730     0.6314     0.2083
   -2.1391   -34.6018     0.5558  -122.9000     0.0551     1.0479     2.1940  2479.5000    68.7650     0.0010     0.3762     0.3762     0.3762     0.6062     0.2860
   -2.3327   -32.0872     0.9929  -197.3000     0.0340     1.4396     3.6000  2049.2500    84.1250     0.0012     0.5418     0.5418     0.5418     1.4523     0.3108
   -2.0051   -26.7665     0.7444  -768.1000     0.0249     1.1981     1.3250   968.7500   172.2650     0.0013     0.4756     0.4756     0.4756     0.6167     0.2132
   -2.1046   -30.0973     0.6605  -760.6000     0.0355     1.4248     4.7220  1970.2500   195.3500     0.0013     0.7407     0.7407     0.7407     1.4552     0.3344
   -2.0810   -25.4850     0.5248  -643.4000     0.0341     1.0336     4.9070  2558.0000   108.4100     0.0012     0.7816     0.7816     0.7816     1.0642     0.3060
   -2.1455   -28.7630     0.7920  -506.1000     0.0508     1.0772     8.7380  1247.2500   100.8800     0.0009     0.7836     0.7836     0.7836     0.6561     0.3011
   -2.7482   -26.4156     0.5232  -267.7000     0.0374     1.0267     4.5150   966.7500   185.3300     0.0012     0.4971     0.4971     0.4971     0.5747     0.1851
   -2.6447   -30.1303     0.8183  -965.8000     0.0417     1.2613     0.1860  2082.2500    68.5400     0.0009     0.2034     0.2034     0.2034     1.0506     0.3164
   -2.4619   -26.3386     0.7426  -219.8000     0.0228     1.1721     7.4130  2059.0000    97.1150     0.0008     0.3418     0.3418     0.3418     0.1335     0.1477
   -2.0273   -25.4300     0.7352  -884.7000     0.0215     1.0022     5.8890  2456.7500   108.2900     0.0009     0.3735     0.3735     0.3735     0.5081     0.3882
   -3.2245   -32.4282     0.6158  -598.5000     0.0520     1.4985     9.5490  2675.0000   183.8150     0.0010     0.4615     0.4615     0.4615     0.1794     0.2724
   -2.0568   -27.6564     0.7890  -206.8000     0.0392     1.2893     7.5130   566.2500   182.9600     0.0007     0.4260     0.4260     0.4260     1.0586     0.2833
   -2.5292   -33.2565     0.5379  -942.7000     0.0211     1.1899     6.0170  2368.0000   178.0400     0.0010     0.2355     0.2355     0.2355     0.1130     0.1774
   -2.8442   -29.4065     0.6971  -583.1000     0.0321     1.4403     0.9560  2634.7500   194.6600     0.0009     0.2665     0.2665     0.2665     0.5005     0.2911
   -2.3120   -27.3979     0.9696  -300.3000     0.0358     1.2732     9.3180  2263.0000   140.1500     0.0006     0.7056     0.7056     0.7056     1.1625     0.1533
   -3.4067   -31.5999     0.8760  -990.9000     0.0451     1.4824     6.6980  1446.7500   175.1900     0.0006     0.6085     0.6085     0.6085     0.7356     0.1187
   -2.7882   -34.3499     0.7340  -120.6000     0.0537     1.3679     6.8800  1989.5000   128.4950     0.0009     0.2938     0.2938     0.2938     1.0982     0.2594
   -2.6269   -29.6771     0.9581  -103.0000     0.0425     1.2872     2.0080   745.5000   117.9950     0.0015     0.7150     0.7150     0.7150     1.3228     0.1336
   -2.1126   -25.8898     0.9951  -830.0000     0.0245     1.3341     7.1570  2919.7500   136.3850     0.0011     0.3400     0.3400     0.3400     1.2796     0.3602
   -3.0198   -28.6398     0.9768  -401.1000     0.0559     1.1079     7.3190  2031.5000   147.1700     0.0008     0.7176     0.7176     0.7176     0.7740     0.1175
   -3.4961   -34.5666     0.7859   -33.4000     0.0207     1.3668     2.7030  1745.5000    72.5300     0.0007     0.7384     0.7384     0.7384     1.4065     0.1006
   -2.3053   -26.6202     0.9790  -273.2000     0.0228     1.4369     5.7520  1500.0000   111.5750     0.0014     0.7249     0.7249     0.7249     0.5557     0.3356
   -3.2847   -28.1921     0.6659  -220.1000     0.0512     1.1194     1.6020  2216.0000    58.4900     0.0008     0.5354     0.5354     0.5354     1.3548     0.3655
   -3.1399   -34.0760     0.9846  -942.0000     0.0537     1.2982     1.6630  1262.2500   115.0550     0.0007     0.4864     0.4864     0.4864     0.8315     0.2270
   -2.9642   -32.7824     0.9995  -907.7000     0.0372     1.0091     3.8330  2505.7500    76.4900     0.0007     0.7570     0.7570     0.7570     0.4665     0.3917
   -2.4953   -30.6275     0.9991  -191.0000     0.0512     1.1121     9.7500  1585.2500    73.6100     0.0006     0.5783     0.5783     0.5783     1.2486     0.1228
   -3.2938   -31.4437     0.7666  -813.2000     0.0314     1.4139     7.6570  1608.2500    92.6900     0.0013     0.5229     0.5229     0.5229     0.1052     0.1757
   -2.7069   -24.7634     0.5242   -48.1000     0.0332     1.1605     8.3340  2420.2500   171.9050     0.0006     0.4887     0.4887     0.4887     0.7583     0.3337
   -2.3933   -24.8833     0.8042  -503.6000     0.0523     1.0816     7.8720   726.5000   153.7550     0.0008     0.2151     0.2151     0.2151     0.4920     0.2563
   -3.0148   -28.5089     0.6416  -379.5000     0.0330     1.4232     8.6130  2516.0000   138.2450     0.0010     0.2464     0.2464     0.2464     0.3033     0.1614
   -2.0145   -24.8107     0.9868  -718.5000     0.0480     1.0929     5.6770  1963.7500    55.3550     0.0008     0.6464     0.6464     0.6464     1.2935     0.1315
   -2.0958   -31.6582     0.9028  -240.2000     0.0280     1.0616     8.5760   774.7500   145.3400     0.0009     0.3201     0.3201     0.3201     0.4154     0.3027
   -2.1884   -28.3076     0.8970  -391.5000     0.0527     1.3186     0.4660  1226.5000   130.3850     0.0007     0.4308     0.4308     0.4308     0.6869     0.3839
   -2.3514   -29.1436     0.9529   -15.9000     0.0469     1.1324     6.5200  2708.0000   113.1350     0.0008     0.2797     0.2797     0.2797     1.1074     0.3118
   -2.3012   -33.8450     0.5988  -356.8000     0.0463     1.1872     3.0590  2689.0000    85.2350     0.0005     0.5953     0.5953     0.5953     1.1307     0.3193
   -2.3950   -33.0849     0.9558  -417.4000     0.0217     1.4519     3.8020  2382.7500   186.5150     0.0006     0.5684     0.5684     0.5684     1.0541     0.1551
   -2.9190   -27.9248     0.5911   -26.6000     0.0442     1.0310     2.3260   939.0000   182.0600     0.0015     0.6404     0.6404     0.6404     0.4506     0.3847
   -3.1111   -24.2222     0.8609  -608.8000     0.0501     1.3802     6.4960  1005.0000    50.3900     0.0014     0.4227     0.4227     0.4227     0.4420     0.3278
   -3.4872   -25.0978     0.6321  -836.4000     0.0502     1.3690     0.9620  2666.2500   166.8500     0.0013     0.5718     0.5718     0.5718     0.1381     0.1986
   -2.4405   -29.0875     0.7270  -308.1000     0.0257     1.2698     8.6790  2523.7500    57.2150     0.0009     0.5221     0.5221     0.5221     0.9837     0.2407
   -2.3514   -30.6682     0.6043  -145.3000     0.0416     1.3117     5.7810  1794.5000   141.8450     0.0011     0.5568     0.5568     0.5568     0.8064     0.1346
   -3.4091   -33.0519     0.7633  -205.8000     0.0237     1.0890     0.6540  2278.5000   122.9900     0.0014     0.5479     0.5479     0.5479     0.1386     0.1091
   -2.4014   -34.9747     0.9506  -170.7000     0.0346     1.2901     4.1410  2202.7500   130.6850     0.0011     0.7665     0.7665     0.7665     1.2838     0.3480
   -2.1900   -25.7853     0.6504  -318.5000     0.0549     1.2005     0.6460  2574.2500    53.2100     0.0014     0.6199     0.6199     0.6199     0.3743     0.3547
   -2.3351   -31.0114     0.7346  -108.2000     0.0528     1.3607     5.4860   698.7500   173.9300     0.0008     0.6156     0.6156     0.6156     0.5781     0.1769
   -3.3038   -32.3490     0.5046  -887.4000     0.0308     1.2301     1.1690  2402.2500   122.7500     0.0008     0.4819     0.4819     0.4819     0.2751     0.2841
   -2.4263   -24.2112     0.7876  -377.1000     0.0340     1.2310     3.5610  1691.0000    84.6200     0.0008     0.3647     0.3647     0.3647     1.3277     0.1479
   -3.4398   -33.6217     0.5103  -950.5000     0.0427     1.2061     8.5270  1628.7500   114.8600     0.0015     0.6505     0.6505     0.6505     0.7262     0.2279
   -3.0803   -32.2071     0.6692  -657.4000     0.0588     1.2414     3.7280  1141.2500   132.5150     0.0008     0.6181     0.6181     0.6181     1.1235     0.3762
   -3.2270   -27.9622     0.8663  -799.3000     0.0368     1.1495     6.5530  2902.5000   193.1450     0.0012     0.4372     0.4372     0.4372     1.0428     0.3890
   -2.1136   -26.8809     0.7006  -127.1000     0.0521     1.2828     6.1840  2296.2500    69.4550     0.0007     0.6622     0.6622     0.6622     0.6440     0.2618
   -3.0435   -24.0099     0.5991  -903.4000     0.0502     1.4354     8.5120  1093.7500   184.5500     0.0009     0.2004     0.2004     0.2004     0.7803     0.2495
   -3.0032   -26.4288     0.8599  -656.5000     0.0275     1.1077     3.8000  1236.7500   129.6650     0.0011     0.4608     0.4608     0.4608     1.3200     0.3355
   -2.0772   -24.6897     0.5713  -828.5000     0.0351     1.3214     1.3280  1981.0000    59.0900     0.0006     0.2261     0.2261     0.2261     0.2413     0.2184
   -3.4835   -26.8996     0.5235   -79.5000     0.0299     1.2581     6.2610   767.5000   169.9700     0.0007     0.7543     0.7543     0.7543     1.3026     0.1683
   -3.2788   -30.9465     0.6438  -915.9000     0.0476     1.3186     5.8040  1306.2500   174.4700     0.0010     0.3667     0.3667     0.3667     0.2770     0.2388
   -3.1640   -30.4680     0.7916  -906.8000     0.0391     1.3157     2.9700  1881.0000   153.4250     0.0014     0.5374     0.5374     0.5374     1.2214     0.2421
   -2.4026   -24.5984     0.9113  -827.0000     0.0399     1.3333     2.8530  2918.0000    94.6850     0.0014     0.7188     0.7188     0.7188     1.2861     0.3815
   -3.1830   -28.8774     0.5870   -62.6000     0.0218     1.1865     4.9350  2553.2500   102.4400     0.0011     0.5934     0.5934     0.5934     0.9425     0.1401
   -2.4613   -25.6346     0.7385  -819.8000     0.0406     1.2096     5.4410  1335.5000   143.9600     0.0012     0.5706     0.5706     0.5706     0.5788     0.3062
   -2.6774   -27.0833     0.8688  -813.7000     0.0346     1.2939     2.8620   813.5000   146.4650     0.0006     0.7338     0.7338     0.7338     1.3708     0.1722
   -2.8526   -32.0113     0.8855   -55.5000     0.0303     1.0155     6.5310   548.7500   183.0500     0.0006     0.6829     0.6829     0.6829     0.8125     0.2958
   -2.2024   -27.7807     0.9780  -213.4000     0.0406     1.1934     9.7460  2622.0000   126.3350     0.0015     0.2493     0.2493     0.2493     0.4510     0.2997
   -2.1250   -25.1176     0.6581  -306.9000     0.0257     1.2969     7.6870  1771.0000    83.9600     0.0010     0.7596     0.7596     0.7596     0.3829     0.1841
   -2.3437   -26.0471     0.9142   -14.8000     0.0423     1.3663     6.8270  1853.5000    77.5250     0.0008     0.7396     0.7396     0.7396     0.8811     0.2187
   -2.7957   -24.6721     0.5837  -154.8000     0.0213     1.1163     5.1460  1770.5000    66.6200     0.0015     0.3333     0.3333     0.3333     0.7121     0.2675
   -3.4444   -34.6194     0.5546  -997.1000     0.0247     1.3353     4.5400  1694.2500   128.0000     0.0007     0.3897     0.3897     0.3897     0.5211     0.3052
   -3.1122   -28.4814     0.6173  -187.4000     0.0450     1.0539     2.9510  2994.7500    50.1350     0.0007     0.2922     0.2922     0.2922     0.3121     0.1292
   -2.6465   -25.8689     0.8689  -974.1000     0.0315     1.4522     8.3000   901.5000   133.1900     0.0006     0.4546     0.4546     0.4546     0.8270     0.3515
   -3.3043   -32.8539     0.5833  -333.5000     0.0322     1.2243     0.1120  2290.5000   141.4400     0.0011     0.6197     0.6197     0.6197     0.1638     0.1432
   -2.2691   -28.4594     0.7038  -261.3000     0.0546     1.1252     5.9740  1176.2500   160.9700     0.0006     0.4284     0.4284     0.4284     0.5794     0.3462
   -2.5301   -25.6016     0.8608  -935.6000     0.0509     1.0034     9.9970  2778.7500   176.4500     0.0010     0.6963     0.6963     0.6963     1.2621     0.2579
   -2.9888   -28.2372     0.6442  -191.7000     0.0271     1.3747     0.3660   975.2500    79.1450     0.0006     0.6161     0.6161     0.6161     1.2924     0.1203
   -3.3891   -32.7604     0.5561   -42.4000     0.0299     1.0814     3.6640   929.2500    62.0600     0.0012     0.5506     0.5506     0.5506     1.0754     0.2228
   -2.3279   -32.4612     0.8890  -419.2000     0.0449     1.3154     2.9340  2405.5000   136.9700     0.0008     0.4711     0.4711     0.4711     1.4747     0.2229
   -3.4647   -25.5312     0.7315  -644.4000     0.0526     1.2719     9.5750  1543.2500   107.5850     0.0012     0.6781     0.6781     0.6781     0.5652     0.3111
   -2.6315   -27.2395     0.8967  -769.9000     0.0482     1.0928     9.1440  2538.5000   175.8500     0.0007     0.5370     0.5370     0.5370     0.4389     0.1726
   -2.1236   -32.8143     0.8414  -595.3000     0.0405     1.1998     9.1900  2298.5000   117.4400     0.0011     0.6816     0.6816     0.6816     0.2333     0.3711
   -3.3020   -33.0761     0.5128  -479.6000     0.0488     1.0088     2.0170  1580.2500    92.6300     0.0011     0.3778     0.3778     0.3778     1.4588     0.3768
   -3.1913   -34.6073     0.5876  -342.9000     0.0401     1.1572     2.4260  1603.5000    69.5600     0.0008     0.2315     0.2315     0.2315     1.4276     0.1991
   -3.2378   -26.5388     0.6078   -87.4000     0.0242     1.1277     8.3860  1064.2500    96.8150     0.0007     0.7325     0.7325     0.7325     1.1175     0.2349
   -2.0659   -26.8875     0.7830  -682.5000     0.0279     1.3256     2.3920  2680.5000    95.4050     0.0010     0.7584     0.7584     0.7584     0.2756     0.1643
   -2.7724   -25.9668     0.9258  -335.8000     0.0513     1.2784     1.1530   984.5000   168.9800     0.0012     0.2961     0.2961     0.2961     1.2084     0.3197
   -2.4344   -29.8707     0.8263   -65.2000     0.0330     1.4569     0.0670  2786.5000   185.6900     0.0012     0.5343     0.5343     0.5343     1.3207     0.2455
   -2.0848   -24.9526     0.9953  -694.2000     0.0341     1.3148     1.4970  1778.0000    50.2700     0.0010     0.4806     0.4806     0.4806     1.1112     0.3457
   -3.3854   -25.8733     0.9628  -189.6000     0.0350     1.4766     0.2450  2337.7500   193.2500     0.0009     0.7744     0.7744     0.7744     0.8619     0.2250
   -3.1714   -26.4871     0.7759  -432.1000     0.0371     1.1381     8.3700  1346.5000   106.7900     0.0013     0.6957     0.6957     0.6957     1.4369     0.1262
   -3.4892   -33.1179     0.7632  -197.3000     0.0208     1.0901     9.3060  1947.2500    59.6900     0.0008     0.2604     0.2604     0.2604     1.2456     0.1244
   -2.2789   -30.0643     0.8034  -651.5000     0.0360     1.4909     6.2810  2555.5000   188.6300     0.0012     0.3902     0.3902     0.3902     0.6944     0.1300
   -2.7569   -26.6070     0.6541  -920.3000     0.0325     1.3483     7.6950  2731.7500    71.7800     0.0010     0.6177     0.6177     0.6177     1.4996     0.1284
   -2.9329   -30.1688     0.5131  -922.1000     0.0392     1.4500     5.3660  1632.0000   169.6400     0.0008     0.2764     0.2764     0.2764     0.7468     0.2938
   -2.3348   -24.7524     0.5444  -161.8000     0.0423     1.4979     5.4500  2414.5000   180.6950     0.0008     0.6289     0.6289     0.6289     1.0537     0.2022
   -2.4713   -25.6577     0.6050  -157.0000     0.0232     1.3546     1.5630  2468.7500   150.5000     0.0006     0.6750     0.6750     0.6750     0.1633     0.1757
   -2.7551   -33.2851     0.8018  -489.3000     0.0532     1.4690     9.3380  2804.0000   103.0850     0.0008     0.6374     0.6374     0.6374     0.6543     0.1481
   -2.1336   -28.6090     0.9839  -777.2000     0.0233     1.3954     4.7400   928.2500   153.5150     0.0009     0.6948     0.6948     0.6948     1.2589     0.1251
   -2.8470   -24.3883     0.9132  -654.5000     0.0283     1.3123     9.4390  1773.5000    55.7600     0.0011     0.7854     0.7854     0.7854     0.1692     0.3063
   -2.0227   -29.0215     0.8586  -988.8000     0.0480     1.4770     3.3390  1855.0000    77.3450     0.0009     0.2323     0.2323     0.2323     1.3650     0.1740
   -2.9948   -32.5910     0.7654  -408.5000     0.0492     1.4382     9.0770  1288.5000   148.4300     0.0005     0.2110     0.2110     0.2110     0.5893     0.2865
   -3.2532   -32.0454     0.6618   -76.2000     0.0257     1.1054     2.2950   853.2500   161.4200     0.0008     0.2607     0.2607     0.2607     1.0881     0.2299
   -2.4339   -30.6352     0.8924  -488.8000     0.0594     1.3557     7.2780  2253.2500    78.9500     0.0007     0.7884     0.7884     0.7884     1.4483     0.1506
   -2.7803   -27.1856     0.7591  -645.5000     0.0447     1.1419     7.6040  1241.2500   141.7850     0.0015     0.7963     0.7963     0.7963     1.1976     0.1233
   -2.2557   -28.8884     0.8697  -442.2000     0.0382     1.1737     3.2930  2964.0000   196.6400     0.0009     0.4004     0.4004     0.4004     0.6251     0.2168
   -2.9615   -24.3641     0.9225   -29.4000     0.0359     1.1565     5.1930  2274.7500   161.7800     0.0007     0.6261     0.6261     0.6261     0.9347     0.1465
   -3.3888   -34.0782     0.8181  -929.4000     0.0450     1.3855     7.2720  1988.5000    79.5500     0.0015     0.6510     0.6510     0.6510     0.3044     0.2330
   -2.5217   -29.2272     0.7261  -417.7000     0.0233     1.4817     5.1620   831.5000   162.7400     0.0014     0.3230     0.3230     0.3230     0.8438     0.3228
   -2.0253   -28.4979     0.6763  -286.1000     0.0361     1.4791     0.8870  1983.5000   151.5800     0.0010     0.6914     0.6914     0.6914     1.2134     0.1917
   -2.0882   -24.8195     0.5825  -177.2000     0.0209     1.1678     9.6310  1953.0000    92.1350     0.0012     0.6523     0.6523     0.6523     0.2858     0.3256
   -3.4110   -32.5954     0.8581  -470.0000     0.0439     1.4811     8.3250  2104.7500    89.3000     0.0010     0.2586     0.2586     0.2586     1.1724     0.2372
   -3.4531   -34.6832     0.5118  -766.4000     0.0253     1.3322     9.7170  2847.2500    78.6500     0.0013     0.3666     0.3666     0.3666     0.5309     0.1371
   -3.3308   -34.1992     0.6727  -116.7000     0.0492     1.2474     4.9590  1957.5000   156.1550     0.0011     0.5746     0.5746     0.5746     1.4294     0.1953
   -3.2324   -28.0392     0.9797  -905.2000     0.0416     1.3481     0.0260  1513.2500   165.5000     0.0007     0.2067     0.2067     0.2067     0.5966     0.1713
   -2.3702   -32.3512     0.8056  -422.4000     0.0258     1.0855     2.6930  1269.7500   138.4250     0.0007     0.4116     0.4116     0.4116     1.2518     0.1959
   -2.6057   -26.1582     0.9697  -208.4000     0.0433     1.4409     2.6500   634.0000   193.8950     0.0011     0.5766     0.5766     0.5766     0.5318     0.2946
   -2.7467   -34.7734     0.9163   -53.0000     0.0291     1.4748     7.1470  1551.5000   163.4150     0.0010     0.4099     0.4099     0.4099     0.4347     0.3838
   -2.3390   -25.0637     0.9688  -350.9000     0.0338     1.4537     1.0820  2083.2500   159.0350     0.0011     0.3153     0.3153     0.3153     0.8815     0.3387
   -2.6864   -32.3655     0.8210  -532.5000     0.0231     1.4992     6.3060  1085.0000    50.0750     0.0008     0.4922     0.4922     0.4922     0.8428     0.3291
   -3.3152   -27.8258     0.5195  -434.4000     0.0536     1.2717     6.9720   584.2500    53.1200     0.0010     0.6307     0.6307     0.6307     0.7219     0.2253
   -2.6690   -33.5183     0.5732  -622.5000     0.0231     1.3405     2.2700  2474.5000   174.9800     0.0013     0.4345     0.4345     0.4345     1.4045     0.3772
   -3.0740   -25.3640     0.6316  -781.1000     0.0432     1.2997     2.9980  1377.0000   172.3700     0.0008     0.6853     0.6853     0.6853     0.3013     0.1903
   -2.0328   -30.8805     0.5376  -675.8000     0.0590     1.0526     4.1660  2397.0000    62.2550     0.0012     0.2968     0.2968     0.2968     0.5612     0.3466
   -3.0303   -27.4529     0.5164  -125.7000     0.0360     1.0954     9.2410   957.0000   101.8100     0.0015     0.6982     0.6982     0.6982     0.9950     0.2544
   -3.2246   -30.9058     0.5322  -659.7000     0.0589     1.1486     2.7860  1036.5000    95.9450     0.0009     0.3187     0.3187     0.3187     0.7881     0.2661
   -3.2495   -32.4436     0.7162  -930.5000     0.0265     1.0933     0.0800  1874.2500   184.2800     0.0007     0.3258     0.3258     0.3258     0.9530     0.3392
   -2.0399   -30.2469     0.6677  -551.9000     0.0239     1.4665     4.7250  2888.0000    96.1400     0.0007     0.5772     0.5772     0.5772     1.3531     0.2672
   -2.6372   -33.7548     0.7517    -0.6000     0.0247     1.1127     7.4930  1251.0000   140.4800     0.0010     0.3061     0.3061     0.3061     0.9072     0.1023
   -2.6136   -34.8141     0.7913  -734.0000     0.0534     1.4727     3.4520  2099.2500   142.4150     0.0008     0.5839     0.5839     0.5839     1.0051     0.2086
   -2.5606   -33.1201     0.6210  -532.0000     0.0366     1.4090     7.9830  1230.5000   143.3600     0.0014     0.2193     0.2193     0.2193     0.1931     0.2841
   -3.0840   -24.1155     0.7158  -802.1000     0.0570     1.0121     4.1940  1455.2500    96.0350     0.0015     0.6455     0.6455     0.6455     1.3327     0.2560
   -3.1785   -25.6137     0.8774  -928.3000     0.0333     1.0585     9.9810  1125.0000    80.8100     0.0007     0.6306     0.6306     0.6306     0.3537     0.1453
   -2.9188   -29.0666     0.9030  -289.4000     0.0449     1.4641     6.9680   645.2500   107.2550     0.0005     0.4968     0.4968     0.4968     0.3300     0.3280
   -2.5233   -30.2535     0.8952  -816.4000     0.0583     1.3151     0.8630   811.5000   133.1450     0.0011     0.2561     0.2561     0.2561     0.3835     0.1401
   -2.7328   -26.9722     0.8813  -684.9000     0.0491     1.3945     0.2520  2198.7500    77.7050     0.0013     0.3687     0.3687     0.3687     0.2610     0.2547
   -3.1316   -27.3319     0.7379  -597.1000     0.0538     1.1648     3.5030  2259.0000    89.1050     0.0010     0.4287     0.4287     0.4287     0.1246     0.2924
   -2.6948   -31.6538     0.9551  -799.6000     0.0433     1.3686     9.7310  1410.0000    91.0550     0.0009     0.2401     0.2401     0.2401     0.6678     0.2617
   -3.0821   -33.7845     0.7709  -128.6000     0.0519     1.2909     4.3740  2552.5000   199.6550     0.0008     0.7558     0.7558     0.7558     0.7923     0.2756
   -2.4356   -32.2533     0.5919  -528.8000     0.0223     1.4831     4.4150   833.5000   146.6000     0.0013     0.4181     0.4181     0.4181     0.5487     0.3089
   -2.2205   -24.9548     0.8438  -221.3000     0.0566     1.2641     1.0970  1467.5000   112.1600     0.0009     0.4989     0.4989     0.4989     1.4056     0.2667
   -2.6119   -24.6600     0.7418  -909.4000     0.0524     1.4223     7.4530  2934.5000   121.8650     0.0012     0.2929     0.2929     0.2929     1.3775     0.1466
   -2.3418   -25.7941     0.6843   -16.8000     0.0396     1.3037     9.7300  1104.7500   182.9000     0.0006     0.7624     0.7624     0.7624     0.7185     0.3914
   -2.7856   -30.3767     0.5108  -870.1000     0.0216     1.2646     9.7400  2959.2500   184.4300     0.0015     0.2712     0.2712     0.2712     0.5868     0.1138
   -2.4623   -29.1931     0.6621  -954.8000     0.0380     1.2549     2.0140  2002.7500   143.6900     0.0014     0.4752     0.4752     0.4752     1.1014     0.3244
   -2.9846   -25.8370     0.5324   -73.6000     0.0443     1.4116     6.5110  2885.2500    92.2100     0.0011     0.2069     0.2069     0.2069     0.9819     0.2443
   -2.0261   -31.4789     0.6193  -889.9000     0.0208     1.0614     4.6170  1741.7500   193.6100     0.0011     0.2282     0.2282     0.2282     0.7514     0.2317
   -2.2121   -30.9234     0.5927   -59.9000     0.0471     1.1102     7.0240  2894.2500   195.4850     0.0006     0.6373     0.6373     0.6373     0.3010     0.2729
   -2.6959   -34.2718     0.8119  -516.5000     0.0385     1.4914     4.3720  2870.0000    95.8700     0.0011     0.4691     0.4691     0.4691     1.3048     0.3779
   -2.6755   -30.3382     0.5963  -468.8000     0.0232     1.0263     7.3760   989.0000   105.5150     0.0012     0.4511     0.4511     0.4511     0.9301     0.3024
   -3.2349   -34.0870     0.7483  -381.3000     0.0251     1.1696     4.9950  1958.7500   194.9600     0.0015     0.5714     0.5714     0.5714     0.4552     0.1761
   -2.9085   -31.7869     0.5702  -987.2000     0.0332     1.0641     6.0280   766.0000   132.2000     0.0011     0.4672     0.4672     0.4672     0.9075     0.3695
   -2.1778   -26.5575     0.6217  -609.0000     0.0270     1.4374     6.3930   785.5000   170.4950     0.0014     0.7914     0.7914     0.7914     0.7345     0.3948
   -2.9222   -32.5074     0.8500  -463.7000     0.0472     1.4271     3.0950  2777.2500   123.7850     0.0012     0.4245     0.4245     0.4245     0.1910     0.1312
   -3.3216   -33.6162     0.6370  -911.3000     0.0317     1.0911     8.8290  2604.0000   172.3250     0.0013     0.3812     0.3812     0.3812     0.9457     0.3669
   -3.0010   -28.2856     0.5038  -428.8000     0.0567     1.4377     1.8490  2330.2500    70.8350     0.0006     0.6116     0.6116     0.6116     0.1946     0.3055
   -2.4352   -31.1203     0.8152  -207.6000     0.0522     1.1059     6.2310  1110.0000   105.8750     0.0011     0.3119     0.3119     0.3119     0.8902     0.1915
   -3.4123   -34.5347     0.7583  -431.8000     0.0573     1.3610     4.6440  2757.0000    74.8250     0.0015     0.2245     0.2245     0.2245     0.8673     0.1575
   -2.0692   -33.0629     0.8401  -305.0000     0.0580     1.1404     4.2920  1356.2500    98.0900     0.0009     0.4027     0.4027     0.4027     1.4818     0.2759
   -2.7271   -32.1290     0.6664  -301.1000     0.0427     1.4633     2.9590  1300.5000   174.0800     0.0012     0.4221     0.4221     0.4221     0.2613     0.3798
   -2.3323   -31.9629     0.9153  -927.4000     0.0549     1.2084     2.9370  1778.7500    82.8950     0.0014     0.2926     0.2926     0.2926     1.4390     0.2231
   -2.9135   -29.9125     0.6534  -209.3000     0.0420     1.1025     3.7610  1812.0000    63.6950     0.0005     0.6956     0.6956     0.6956     1.2067     0.3727
   -2.9486   -27.2065     0.6178  -731.3000     0.0577     1.1042     5.9500  2852.5000   108.6350     0.0012     0.2634     0.2634     0.2634     0.9204     0.3250
   -2.6581   -33.4204     0.8641  -584.0000     0.0454     1.4954     3.6120  1159.5000   157.1600     0.0009     0.3297     0.3297     0.3297     0.5927     0.1440
   -2.3236   -32.7175     0.8280  -978.0000     0.0381     1.0884     5.9530  2396.0000    88.3400     0.0008     0.4752     0.4752     0.4752     1.0871     0.1082
   -2.9352   -24.6787     0.7807  -889.5000     0.0335     1.1112     7.8160  2101.7500    61.7000     0.0015     0.5565     0.5565     0.5565     0.4924     0.1243
   -2.5246   -31.1544     0.5373  -341.0000     0.0287     1.0711     2.3480  1807.2500   182.8550     0.0012     0.2393     0.2393     0.2393     0.9771     0.2520
   -3.4859   -28.2493     0.5867   -13.3000     0.0506     1.3790     5.2700  2072.2500   194.5100     0.0009     0.7978     0.7978     0.7978     0.8189     0.2057
   -2.2415   -32.9727     0.6268    -9.1000     0.0338     1.0870     9.2220  1621.0000   135.4850     0.0013     0.3663     0.3663     0.3663     0.4879     0.2947
   -2.1785   -26.8919     0.7963  -757.5000     0.0467     1.1220     5.7490  1678.2500    98.7800     0.0011     0.2500     0.2500     0.2500     0.1020     0.3693
   -2.0484   -29.4384     0.5574  -523.6000     0.0267     1.3761     7.9310  1862.0000   122.3000     0.0009     0.6134     0.6134     0.6134     1.1759     0.1152
   -2.8542   -30.7232     0.9288  -335.2000     0.0523     1.4521     9.6260  2018.7500   150.7850     0.0012     0.5735     0.5735     0.5735     0.2558     0.1781
   -2.6411   -29.1480     0.9469  -174.5000     0.0539     1.1611     5.8320  1516.7500    73.3850     0.0013     0.4525     0.4525     0.4525     0.1689     0.2543
   -3.0680   -25.0934     0.7904  -595.6000     0.0477     1.3221     9.3250   883.7500   158.7350     0.0007     0.5817     0.5817     0.5817     0.2135     0.3544
   -2.7649   -33.4061     0.8191  -579.8000     0.0200     1.3218     8.2450  1424.2500   159.6200     0.0014     0.4425     0.4425     0.4425     0.1707     0.3633
   -2.5733   -34.4731     0.7401  -903.8000     0.0219     1.3784     9.9790  1532.7500    71.5400     0.0011     0.3561     0.3561     0.3561     0.1627     0.3347
   -2.0351   -30.1380     0.5110  -256.1000     0.0543     1.4456     7.6500  1512.0000    66.6950     0.0015     0.6979     0.6979     0.6979     0.3146     0.1429
   -3.2834   -24.0407     0.7846  -587.0000     0.0551     1.4867     6.6260  1441.0000    55.6700     0.0008     0.5125     0.5125     0.5125     1.2985     0.3274
   -3.3869   -27.6520     0.7665  -149.1000     0.0210     1.3514     1.3400  2525.0000   106.8800     0.0012     0.4844     0.4844     0.4844     0.3176     0.1955
   -2.8766   -30.4207     0.6286   -20.2000     0.0498     1.4873     2.1610  1436.5000   168.8000     0.0013     0.7124     0.7124     0.7124     0.3757     0.1665
   -2.1307   -28.3571     0.9216   -99.1000     0.0292     1.1424     9.2140  2345.7500   111.9800     0.0006     0.7309     0.7309     0.7309     0.5830     0.1681
   -3.3905   -31.3843     0.5100  -572.2000     0.0471     1.4157     1.9440  2467.2500   122.1650     0.0007     0.6470     0.6470     0.6470     1.2655     0.2894
   -3.2264   -33.5634     0.6372  -179.7000     0.0539     1.4548     2.4960   974.5000    63.2450     0.0008     0.5409     0.5409     0.5409     1.3278     0.3809
   -2.0553   -24.1221     0.9680  -658.6000     0.0465     1.2432     1.9240  1639.0000   159.8750     0.0011     0.7242     0.7242     0.7242     1.3306     0.3345
   -2.9534   -33.8384     0.6062  -182.7000     0.0494     1.2701     8.3180  1761.0000    50.6000     0.0008     0.6510     0.6510     0.6510     0.8484     0.1549
   -2.5763   -31.1819     0.9625   -69.6000     0.0350     1.3840     9.3670  1415.0000   169.3850     0.0012     0.5268     0.5268     0.5268     0.4357     0.3894
   -3.1905   -32.7076     0.6726  -290.2000     0.0481     1.1499     3.1490   958.0000   196.3400     0.0014     0.7052     0.7052     0.7052     1.4209     0.1980
   -2.8513   -28.8279     0.6602  -966.9000     0.0269     1.2968     0.1750   687.7500   139.8500     0.0015     0.3571     0.3571     0.3571     1.3564     0.3074
   -2.0109   -27.0712     0.7094  -791.8000     0.0404     1.1784     9.9360  1086.7500   134.8550     0.0008     0.3498     0.3498     0.3498     1.1942     0.3759
   -2.2997   -34.3620     0.6097  -834.0000     0.0549     1.4252     8.5640   635.7500   161.2400     0.0010     0.6207     0.6207     0.6207     0.6685     0.3480
   -2.3402   -25.7094     0.6189  -279.4000     0.0400     1.4399     5.0830  2291.7500   156.3050     0.0008     0.3484     0.3484     0.3484     0.2845     0.3086
   -2.6833   -27.4188     0.7235  -212.7000     0.0567     1.3711     8.4460  1145.5000    74.3300     0.0007     0.3621     0.3621     0.3621     0.6435     0.2905
   -2.4364   -31.1731     0.6514   -74.2000     0.0253     1.1557     7.9710  1867.2500   115.7450     0.0012     0.7410     0.7410     0.7410     0.2837     0.3890
   -3.2652   -34.5677     0.8637    -7.0000     0.0567     1.3619     9.6850  1416.2500   182.8700     0.0011     0.3339     0.3339     0.3339     0.8669     0.2126
   -2.5129   -33.2510     0.8283  -604.4000     0.0248     1.2515     7.2520  1253.7500   172.0250     0.0006     0.7991     0.7991     0.7991     0.3531     0.2025
   -2.6387   -28.2042     0.9232  -837.5000     0.0213     1.3757     0.3230  1096.5000    83.9000     0.0008     0.7086     0.7086     0.7086     0.1980     0.2631
   -2.7851   -26.8358     0.6385  -109.7000     0.0394     1.2275     8.2980   530.0000   168.8900     0.0007     0.5445     0.5445     0.5445     1.1928     0.3561
   -2.8699   -24.5159     0.9612  -629.3000     0.0423     1.2251     1.6990  2610.7500   164.9900     0.0015     0.4231     0.4231     0.4231     0.6302     0.1489
   -2.2561   -30.6462     0.7690  -279.0000     0.0371     1.1119     2.6270  1592.0000    63.5450     0.0011     0.4545     0.4545     0.4545     1.2697     0.2840
   -3.4097   -24.4620     0.7948  -409.9000     0.0340     1.2634     8.5570  1329.5000    85.9250     0.0006     0.6459     0.6459     0.6459     1.2014     0.2970
   -2.5121   -33.0255     0.5251  -636.3000     0.0359     1.1489     7.6540  2389.7500    92.0900     0.0008     0.5900     0.5900     0.5900     1.2291     0.1022
   -2.8114   -34.4291     0.6934  -897.6000     0.0442     1.0251     9.2690  1780.2500   198.9350     0.0012     0.3354     0.3354     0.3354     0.9560     0.1351
   -2.7311   -26.8820     0.5970   -45.9000     0.0296     1.3323     9.3120  1643.5000   102.0050     0.0014     0.6312     0.6312     0.6312     0.5897     0.2203
   -2.6723   -24.1826     0.5976  -149.8000     0.0545     1.2088     3.9890  1816.5000   181.5350     0.0015     0.3789     0.3789     0.3789     1.0734     0.2545
   -3.2872   -25.0153     0.7574  -750.3000     0.0289     1.4233     2.9460   537.0000   162.4700     0.0014     0.6397     0.6397     0.6397     0.8395     0.1479
   -2.4907   -31.5251     0.8335  -754.2000     0.0265     1.3569     1.9880  2990.7500   121.8350     0.0006     0.2406     0.2406     0.2406     1.2830     0.3840
   -2.1037   -25.0021     0.5053  -735.9000     0.0360     1.2818     5.9790   715.5000    77.2850     0.0011     0.7028     0.7028     0.7028     0.1784     0.2874
   -2.4144   -26.7478     0.5826  -521.3000     0.0342     1.2010     0.5350   972.2500   131.8850     0.0010     0.4008     0.4008     0.4008     1.4252     0.3508
   -3.1283   -24.4543     0.7944  -426.3000     0.0253     1.3327     2.3740  1361.0000   134.3600     0.0012     0.7093     0.7093     0.7093     0.5700     0.3613
   -2.7665   -24.9834     0.7564  -519.4000     0.0394     1.2490     7.1540  1954.0000   199.8650     0.0006     0.6518     0.6518     0.6518     1.4698     0.1465
   -2.0681   -31.1104     0.5714  -298.0000     0.0597     1.3527     0.8390  1470.7500   105.3800     0.0011     0.5251     0.5251     0.5251     0.2824     0.1389
   -2.0835   -31.1775     0.8835  -424.0000     0.0547     1.1976     3.2980  2587.0000    83.7800     0.0014     0.2426     0.2426     0.2426     0.3843     0.1894
   -2.3422   -30.4680     0.7493  -399.0000     0.0287     1.0730     7.2610  2244.7500   128.4200     0.0008     0.4443     0.4443     0.4443     0.6043     0.3450
   -3.0152   -27.9545     0.5014   -55.2000     0.0299     1.3620     5.2760  2386.7500   184.7450     0.0015     0.2484     0.2484     0.2484     0.6930     0.3766
   -3.0943   -27.8731     0.5334  -856.1000     0.0399     1.2409     4.3200   898.0000   177.0200     0.0008     0.5352     0.5352     0.5352     1.3758     0.3161
   -3.2401   -34.0111     0.5077  -225.1000     0.0452     1.0661     4.1870  1503.7500    84.5450     0.0011     0.7368     0.7368     0.7368     0.8785     0.1806
   -3.4898   -31.7319     0.9046  -707.1000     0.0556     1.2607     8.4170   563.0000   172.9400     0.0012     0.3467     0.3467     0.3467     0.3937     0.3512
   -3.4238   -34.0562     0.9481  -242.9000     0.0528     1.0871     3.8750   701.5000   139.5650     0.0007     0.7908     0.7908     0.7908     0.8703     0.3503
   -3.3155   -31.2974     0.9532  -932.7000     0.0309     1.2218     4.6590  2283.7500   138.4700     0.0006     0.5671     0.5671     0.5671     0.2281     0.1505
   -3.3346   -28.4913     0.8354  -175.1000     0.0576     1.3628     3.6750  1218.5000    85.4450     0.0014     0.4327     0.4327     0.4327     0.2291     0.2257
   -3.3836   -28.3802     0.5814  -179.6000     0.0599     1.2088     7.1380  2455.2500   160.9250     0.0012     0.5505     0.5505     0.5505     1.4264     0.2455
   -3.1822   -27.2010     0.8730  -375.2000     0.0394     1.2484     9.1700  2941.0000    53.5700     0.0007     0.4050     0.4050     0.4050     0.3281     0.2604
   -3.1650   -27.3495     0.5480  -868.5000     0.0530     1.1779     1.3990   884.5000    95.4800     0.0015     0.6105     0.6105     0.6105     1.4440     0.1704
   -2.8925   -29.0941     0.6349  -778.5000     0.0483     1.2497     4.9110   509.7500   143.8250     0.0013     0.7020     0.7020     0.7020     1.3706     0.2311
   -3.4511   -29.8421     0.7189  -681.0000     0.0236     1.0326     4.9420  1799.5000   193.3700     0.0008     0.3544     0.3544     0.3544     0.4216     0.2313
   -3.3054   -29.5011     0.9959  -843.1000     0.0462     1.2624     9.7620  1918.2500   106.8350     0.0005     0.4510     0.4510     0.4510     0.4913     0.1821
   -2.9885   -30.9685     0.7993  -985.7000     0.0596     1.0755     7.5240   668.2500    79.7300     0.0009     0.4765     0.4765     0.4765     0.5227     0.3620
   -2.2229   -34.0364     0.5742  -824.5000     0.0227     1.0214     0.9150  1449.0000   185.1500     0.0007     0.3876     0.3876     0.3876     0.7138     0.1877
   -3.1565   -33.8461     0.8286  -444.0000     0.0332     1.4930     8.1310  2063.2500   135.5750     0.0006     0.2902     0.2902     0.2902     0.3205     0.1964
   -3.0957   -28.4242     0.9456  -836.1000     0.0222     1.4058     9.4170  1226.7500   103.8800     0.0012     0.7032     0.7032     0.7032     0.8755     0.3006
   -2.0930   -34.0914     0.9296  -981.2000     0.0578     1.1669     8.3990   953.2500    69.4550     0.0012     0.2574     0.2574     0.2574     0.4958     0.3225
   -2.0446   -34.7536     0.9500   -35.4000     0.0590     1.2350     2.2310   751.5000   135.8150     0.0009     0.3148     0.3148     0.3148     0.8392     0.1896
   -2.7367   -29.6441     0.7516   -93.8000     0.0237     1.0094     2.3780  2342.5000   101.8700     0.0012     0.2598     0.2598     0.2598     1.0272     0.1731
   -2.7603   -33.9495     0.5629  -122.3000     0.0575     1.4249     3.3460   921.7500   133.9250     0.0005     0.4864     0.4864     0.4864     1.1973     0.3934
   -2.4575   -27.0074     0.8162  -984.2000     0.0570     1.4257     5.5240  1693.2500   137.2400     0.0012     0.6858     0.6858     0.6858     0.5530     0.3715
   -3.3249   -32.9111     0.6876  -326.1000     0.0245     1.1823     7.7070  2924.0000   144.6500     0.0012     0.5948     0.5948     0.5948     0.9246     0.3438
   -2.4377   -26.6609     0.8719  -429.5000     0.0441     1.1716     7.7620  1913.2500   164.6300     0.0009     0.5946     0.5946     0.5946     1.2148     0.3184
   -2.8879   -29.3900     0.6253  -153.7000     0.0218     1.0394     8.8010  1810.7500    99.4400     0.0013     0.2546     0.2546     0.2546     0.3772     0.2268
   -3.4779   -29.8971     0.5520  -625.0000     0.0445     1.4492     3.3760  2239.0000    99.9800     0.0012     0.7966     0.7966     0.7966     0.4676     0.1043
   -2.6562   -28.7762     0.7409  -765.9000     0.0311     1.0523     0.7920  1968.5000   180.5750     0.0005     0.3313     0.3313     0.3313     0.4975     0.3521
   -3.0709   -27.7334     0.5531  -736.2000     0.0480     1.3189     1.5200  2838.0000   197.6900     0.0012     0.4162     0.4162     0.4162     1.4296     0.2006
   -2.0857   -32.6042     0.9637  -758.4000     0.0418     1.0694     1.8750  1044.2500    54.8000     0.0005     0.3681     0.3681     0.3681     1.1809     0.3622
   -2.6544   -26.6499     0.7910  -661.5000     0.0299     1.2470     4.7710  1257.7500    74.4800     0.0006     0.4966     0.4966     0.4966     1.0143     0.1685
   -2.2290   -25.6247     0.9832  -747.5000     0.0550     1.4637     9.9680  2642.2500   161.6450     0.0009     0.7357     0.7357     0.7357     0.3505     0.3910
   -2.4594   -29.6914     0.8054  -131.8000     0.0504     1.3277     8.7050  1520.0000   107.6150     0.0008     0.2073     0.2073     0.2073     0.9189     0.2328
   -3.3064   -26.9447     0.5947  -432.7000     0.0302     1.3222     2.9120  2812.2500    93.2750     0.0013     0.3469     0.3469     0.3469     0.5626     0.2754
   -3.1895   -30.0698     0.6149  -126.8000     0.0223     1.0347     8.9320  1018.7500    99.7400     0.0015     0.6276     0.6276     0.6276     1.3662     0.1042
   -2.3382   -24.2684     0.8784  -843.6000     0.0251     1.3661     8.7210  1808.7500    72.7100     0.0006     0.7476     0.7476     0.7476     0.2817     0.1847
   -2.6886   -33.1773     0.8022  -490.1000     0.0466     1.1220     0.0950  1421.2500    70.1000     0.0014     0.7966     0.7966     0.7966     0.7353     0.2621
   -2.4345   -26.4387     0.7980   -54.0000     0.0381     1.0240     4.5640  2416.2500   149.2700     0.0006     0.3473     0.3473     0.3473     1.0383     0.3698
   -3.0920   -26.1802     0.9622  -400.4000     0.0487     1.2328     3.6230  2311.2500   120.5900     0.0011     0.5371     0.5371     0.5371     0.1871     0.3022
   -3.4607   -30.1237     0.7936  -178.2000     0.0364     1.4999     7.4290  2904.0000    81.7400     0.0013     0.7043     0.7043     0.7043     0.1970     0.1689
   -2.2666   -33.9671     0.5404  -562.0000     0.0321     1.3696     1.7850  2654.0000    84.7850     0.0012     0.4770     0.4770     0.4770     0.4857     0.3129
   -2.8548   -33.1014     0.7964  -348.0000     0.0307     1.4190     6.0490  2783.2500   180.4850     0.0014     0.2091     0.2091     0.2091     1.3335     0.2225
   -3.0288   -31.6637     0.6823  -741.8000     0.0399     1.0696     8.6610  1133.2500   137.0300     0.0012     0.7272     0.7272     0.7272     0.7251     0.3870
   -3.3253   -29.9719     0.9059  -830.7000     0.0294     1.4142     8.8110  1291.5000   113.6900     0.0005     0.4876     0.4876     0.4876     0.4227     0.1617
   -2.8830   -28.1404     0.6847  -390.3000     0.0514     1.2319     3.1930   836.2500    51.0050     0.0008     0.4647     0.4647     0.4647     0.3114     0.2015
   -2.6982   -26.4981     0.6179  -500.3000     0.0565     1.2670     0.0610  2221.0000    86.5100     0.0006     0.4497     0.4497     0.4497     0.4865     0.1669
   -2.1323   -25.2287     0.5054  -510.0000     0.0349     1.0918     3.8580  1600.2500   131.1800     0.0006     0.5389     0.5389     0.5389     1.4422     0.1711
   -3.4439   -33.6613     0.9743  -277.2000     0.0293     1.2147     7.6470  1029.7500    65.6150     0.0014     0.6796     0.6796     0.6796     1.3824     0.2138
   -2.4825   -34.3510     0.6965  -884.1000     0.0453     1.2942     4.4520  1829.2500    87.9050     0.0010     0.2603     0.2603     0.2603     0.3554     0.1678
   -3.4271   -24.0363     0.7541   -73.7000     0.0323     1.2571     4.8070   574.2500   195.9950     0.0009     0.2377     0.2377     0.2377     0.4951     0.1505
   -3.4718   -27.1141     0.8624  -153.5000     0.0378     1.1142     2.8800  2449.7500    72.7700     0.0007     0.7871     0.7871     0.7871     1.1396     0.3076
   -2.5975   -33.9759     0.6542   -42.2000     0.0399     1.3331     5.2650  2375.5000   135.7250     0.0011     0.6240     0.6240     0.6240     0.3737     0.3053
   -2.3497   -34.9483     0.5147  -302.1000     0.0415     1.2048     0.7310  2984.2500    54.3650     0.0015     0.7764     0.7764     0.7764     0.8176     0.1958
   -2.7704   -30.3008     0.5221  -848.8000     0.0333     1.2603     9.1330  1165.0000   159.0950     0.0007     0.2376     0.2376     0.2376     1.3345     0.2026
   -2.6215   -30.6165     0.6048  -159.4000     0.0210     1.0202     1.4310   941.0000   147.0800     0.0010     0.7714     0.7714     0.7714     1.3088     0.3267
   -2.3809   -33.7350     0.8661  -245.1000     0.0286     1.3247     7.5680   654.7500    62.1950     0.0006     0.5677     0.5677     0.5677     0.4172     0.2927
   -3.1140   -29.0248     0.8277  -807.6000     0.0230     1.3262     4.1770  1950.5000   127.2950     0.0014     0.7781     0.7781     0.7781     0.1676     0.2368
   -3.2553   -32.0542     0.7885  -967.6000     0.0321     1.1961     7.0120  1497.7500   188.5550     0.0006     0.7158     0.7158     0.7158     0.2035     0.3999
   -2.8643   -34.2806     0.8655  -383.2000     0.0426     1.0637     8.4260  2388.2500    70.1900     0.0013     0.4918     0.4918     0.4918     0.4543     0.2665
   -2.1491   -24.7557     0.5875  -414.9000     0.0479     1.2081     8.7960  2661.5000   157.1150     0.0007     0.3163     0.3163     0.3163     0.4802     0.3587
   -2.9810   -32.3424     0.5092  -243.1000     0.0261     1.1487     3.8430  2520.2500   180.0650     0.0012     0.2395     0.2395     0.2395     0.6975     0.3383
   -2.7288   -34.2036     0.5001  -491.8000     0.0206     1.4800     0.3040  2687.5000   158.3450     0.0005     0.6559     0.6559     0.6559     1.0162     0.2139
   -2.9672   -28.5760     0.8376  -149.6000     0.0381     1.1867     3.4620  2444.7500    69.2900     0.0013     0.7533     0.7533     0.7533     1.3608     0.2939
   -2.8510   -28.0194     0.9151  -730.9000     0.0247     1.1926     7.0510  2528.5000    68.2400     0.0013     0.5546     0.5546     0.5546     0.9036     0.3221
   -3.2501   -25.2353     0.5908  -127.6000     0.0200     1.3282     9.8240  2448.0000   174.8000     0.0005     0.5737     0.5737     0.5737     1.3093     0.1691
   -3.4840   -25.5708     0.9685  -697.7000     0.0580     1.3428     3.2570   585.7500    86.8250     0.0008     0.5628     0.5628     0.5628     0.2649     0.2655
   -2.4499   -24.8690     0.8205  -997.8000     0.0209     1.0027     1.9150  1654.0000    58.3400     0.0006     0.6247     0.6247     0.6247     1.3166     0.3919
   -3.2450   -28.9225     0.6751    -3.6000     0.0366     1.4628     0.9780  2850.5000   117.9050     0.0008     0.3229     0.3229     0.3229     1.4290     0.3746
   -2.4804   -25.1759     0.7767   -22.5000     0.0413     1.0958     4.8960  1385.0000   156.4400     0.0009     0.6536     0.6536     0.6536     1.3578     0.3718
   -3.4527   -33.2389     0.8487  -602.0000     0.0489     1.4735     4.6840  1536.7500   164.4050     0.0014     0.6291     0.6291     0.6291     1.1948     0.1501
   -2.5740   -33.2697     0.9757  -715.2000     0.0484     1.1249     4.0780  2488.0000    77.0900     0.0006     0.5767     0.5767     0.5767     1.2528     0.3853
   -3.1091   -33.0288     0.9367  -764.9000     0.0412     1.0114     2.1230  1130.7500   104.9900     0.0009     0.3915     0.3915     0.3915     0.4451     0.2500
   -2.8346   -30.3899     0.6937  -860.7000     0.0280     1.4893     2.5520  2514.0000    59.2250     0.0008     0.7075     0.7075     0.7075     1.0548     0.3209
   -3.3819   -31.4690     0.5906  -452.0000     0.0248     1.0053     9.4880  2197.2500   168.4700     0.0014     0.3451     0.3451     0.3451     0.5844     0.2714
   -3.3373   -27.6047     0.8805  -327.3000     0.0479     1.0439     6.2140  2318.0000    83.2100     0.0008     0.4129     0.4129     0.4129     0.2434     0.1231
   -2.8304   -29.5682     0.5312  -217.2000     0.0402     1.3239     8.0250   835.0000   146.1800     0.0008     0.2088     0.2088     0.2088     0.3745     0.2370
   -2.9366   -34.7404     0.9074  -388.1000     0.0353     1.1207     8.3430  1966.7500   147.3800     0.0006     0.4005     0.4005     0.4005     0.7584     0.3213
   -3.0614   -24.2376     0.6303  -289.1000     0.0244     1.0589     2.8000   873.7500   106.0100     0.0008     0.4479     0.4479     0.4479     0.5474     0.1148
   -2.3528   -24.9042     0.6930  -367.8000     0.0241     1.2807     6.3110  1995.2500   115.2200     0.0006     0.4604     0.4604     0.4604     0.1441     0.2109
   -3.2370   -25.0230     0.7252  -450.2000     0.0510     1.0591     2.5260  2875.7500    99.0050     0.0010     0.2413     0.2413     0.2413     0.9540     0.2439
   -2.0749   -30.6198     0.7255  -566.3000     0.0259     1.2429     1.3970  1837.7500   170.5850     0.0005     0.5404     0.5404     0.5404     1.1732     0.3468
   -2.3847   -25.5829     0.6494  -338.4000     0.0396     1.4508     4.6430  1699.2500   172.1300     0.0011     0.2080     0.2080     0.2080     0.7311     0.1656
   -2.9462   -28.2229     0.8861  -325.5000     0.0459     1.0175     4.0200  2717.0000    80.2400     0.0007     0.3777     0.3777     0.3777     1.3559     0.1065
   -3.1854   -30.2172     0.6004  -352.7000     0.0272     1.3999     9.7970  2312.7500   166.5350     0.0012     0.5423     0.5423     0.5423     0.4738     0.3101
   -3.4007   -33.6470     0.7441  -766.8000     0.0522     1.2460     7.6600  1859.2500    52.3700     0.0012     0.7245     0.7245     0.7245     0.3604     0.1534
   -3.4667   -32.4249     0.8971  -128.3000     0.0328     1.2438     6.0880  1224.2500   177.0800     0.0009     0.5412     0.5412     0.5412     0.9044     0.1222
   -3.3014   -30.2106     0.8212  -207.0000     0.0232     1.1427     5.5370  2983.0000   120.9800     0.0012     0.5653     0.5653     0.5653     1.4387     0.1524
   -2.8448   -29.4252     0.8231  -444.3000     0.0224     1.2312     4.3620  1990.2500    89.2400     0.0009     0.6562     0.6562     0.6562     0.5193     0.2733
   -3.3335   -30.6990     0.7976  -411.1000     0.0359     1.3457     6.3000  2606.0000   120.3650     0.0009     0.4301     0.4301     0.4301     1.0902     0.3300
   -3.2882   -26.7797     0.8651  -508.0000     0.0391     1.0932     9.0280  2423.5000   191.9150     0.0012     0.5846     0.5846     0.5846     1.2390     0.2127
   -3.2694   -28.9335     0.7477  -190.6000     0.0495     1.2990     2.9050   707.5000    90.6350     0.0006     0.7945     0.7945     0.7945     0.1228     0.2529
   -3.0344   -34.5842     0.8234  -215.6000     0.0478     1.4465     9.6810  2321.0000   183.9200     0.0010     0.2012     0.2012     0.2012     0.7383     0.3311
   -2.1141   -26.0218     0.6345  -560.8000     0.0269     1.1932     8.8200  1479.5000    90.3500     0.0013     0.6570     0.6570     0.6570     1.4754     0.2221
   -2.9876   -28.9060     0.9189  -756.7000     0.0394     1.3626     2.1010   683.7500   159.3500     0.0010     0.3994     0.3994     0.3994     0.1920     0.1923
   -2.9033   -30.7991     0.8637  -853.1000     0.0455     1.3018     0.7700  1517.5000    98.9750     0.0009     0.2446     0.2446     0.2446     1.4565     0.2322
   -2.0697   -34.4434     0.6043  -692.8000     0.0460     1.1825     2.2430  2512.5000   101.7650     0.0012     0.3658     0.3658     0.3658     1.1536     0.3592
   -2.3708   -31.4316     0.9269  -404.4000     0.0560     1.2639     3.9550   828.2500   124.1450     0.0007     0.4241     0.4241     0.4241     0.1078     0.1995
   -3.1358   -33.8175     0.9899  -458.7000     0.0336     1.3431     1.4290  2762.0000   198.9500     0.0010     0.2316     0.2316     0.2316     1.1872     0.2594
   -3.3399   -30.7672     0.9539  -241.1000     0.0347     1.1977     5.5850  2346.0000   114.4100     0.0011     0.6069     0.6069     0.6069     1.0597     0.1378
   -3.0673   -32.6075     0.9466  -104.0000     0.0294     1.4195     6.8210  1079.0000   197.9000     0.0012     0.7272     0.7272     0.7272     0.2361     0.2915
   -2.9268   -25.2078     0.6394  -460.7000     0.0352     1.0489     4.1570  1857.7500   120.5150     0.0007     0.3064     0.3064     0.3064     0.5721     0.1059
   -2.8047   -34.5303     0.5719  -104.9000     0.0400     1.0050     7.1830  1263.7500   186.2000     0.0008     0.6567     0.6567     0.6567     0.8042     0.3226
   -2.2542   -32.3215     0.7079  -936.6000     0.0323     1.2675     9.6610   770.0000   135.9650     0.0013     0.5213     0.5213     0.5213     1.0376     0.2758
   -2.1084   -24.6413     0.5682  -552.9000     0.0359     1.2488     6.9080  2237.7500    75.0950     0.0011     0.2687     0.2687     0.2687     0.6407     0.2843
   -2.3213   -28.3824     0.6233  -143.1000     0.0503     1.4217     1.3580  1850.7500   175.0250     0.0010     0.2270     0.2270     0.2270     1.3746     0.2930
   -3.4574   -33.2653     0.5295  -167.7000     0.0578     1.4112     7.8110  1615.7500   137.4950     0.0013     0.5040     0.5040     0.5040     0.1272     0.3055
   -2.2175   -27.7609     0.6151  -420.1000     0.0276     1.0136     6.1200  1128.7500   185.3600     0.0008     0.3591     0.3591     0.3591     0.4535     0.2514
   -3.2466   -29.8608     0.7225  -863.7000     0.0269     1.0158     3.0640  2885.0000   113.0000     0.0007     0.2326     0.2326     0.2326     1.3008     0.3090
   -2.8106   -28.0447     0.9661  -605.0000     0.0490     1.3228     8.6170   946.0000    60.3650     0.0008     0.2185     0.2185     0.2185     0.1242     0.2632
   -2.5522   -27.9270     0.6589   -26.8000     0.0347     1.0458     3.4390  2859.5000   133.8800     0.0014     0.6502     0.6502     0.6502     0.8228     0.3629
   -2.4758   -24.0627     0.9101  -196.2000     0.0306     1.3943     6.7430  1484.2500   192.5300     0.0008     0.7208     0.7208     0.7208     0.8300     0.3615
   -2.8207   -30.4823     0.6593  -610.3000     0.0433     1.3138     5.9990  2504.7500   195.1250     0.0007     0.5183     0.5183     0.5183     0.2963     0.1120
   -2.0933   -31.3953     0.8389  -184.3000     0.0330     1.0699     7.9240   894.7500    62.7950     0.0014     0.3873     0.3873     0.3873     1.0047     0.2431
   -2.7635   -33.2026     0.7858  -934.3000     0.0443     1.4495     5.6950  2895.2500   152.8850     0.0009     0.7972     0.7972     0.7972     0.6030     0.2524
   -3.0892   -28.5980     0.9380  -296.3000     0.0478     1.1382     9.2920  2995.0000   161.9000     0.0006     0.5249     0.5249     0.5249     0.5039     0.3709
   -2.8674   -29.2349     0.6344  -678.9000     0.0464     1.2377     3.5110   525.7500    60.8450     0.0008     0.2149     0.2149     0.2149     0.1034     0.2315
   -2.0189   -33.5392     0.8740  -765.6000     0.0317     1.1704     9.2290  2136.0000    76.9550     0.0005     0.3379     0.3379     0.3379     1.3589     0.2188
   -3.0711   -31.0543     0.6299  -592.1000     0.0542     1.2234     4.0440  1267.5000    56.1950     0.0015     0.7605     0.7605     0.7605     1.3470     0.2507
   -2.6233   -26.0735     0.5986  -583.4000     0.0277     1.3858     8.4960  2437.5000   166.4600     0.0007     0.4354     0.4354     0.4354     0.5220     0.3862
   -2.7454   -32.2104     0.8856  -852.1000     0.0492     1.4192     0.2530  2478.0000    88.8650     0.0015     0.5162     0.5162     0.5162     0.7164     0.2029
   -2.4604   -24.8041     0.6309  -345.8000     0.0582     1.4856     6.6950  2378.0000   137.7650     0.0012     0.4559     0.4559     0.4559     1.1594     0.2095
   -2.0082   -32.4755     0.6166  -480.4000     0.0318     1.0550     4.4240  1940.7500    76.9400     0.0008     0.5012     0.5012     0.5012     1.3440     0.3317
   -2.2109   -30.9498     0.9036  -542.8000     0.0413     1.2279     4.2850   756.2500   148.9700     0.0013     0.6223     0.6223     0.6223     0.6592     0.3306
   -2.9829   -32.0707     0.7527  -572.0000     0.0531     1.2010     5.2710  2524.5000   121.2200     0.0010     0.4728     0.4728     0.4728     0.4318     0.3531
   -2.3693   -31.6692     0.9738  -110.9000     0.0591     1.4971     5.8900  2043.2500    75.2000     0.0007     0.6532     0.6532     0.6532     0.8262     0.3984
   -2.4854   -29.5814     0.7504   -10.9000     0.0348     1.0002     5.5950  2843.2500   163.5800     0.0007     0.2480     0.2480     0.2480     1.3019     0.2442
   -3.0370   -28.4495     0.6131  -702.8000     0.0402     1.3178     2.9780  2410.0000    65.6600     0.0014     0.6861     0.6861     0.6861     0.9463     0.3871
   -2.5168   -33.3808     0.9464  -430.1000     0.0502     1.3291     8.9980   540.7500   173.5250     0.0007     0.6320     0.6320     0.6320     0.4758     0.1316
   -2.4880   -27.7048     0.5363  -865.9000     0.0585     1.3428     4.3840   541.7500   137.1200     0.0013     0.7701     0.7701     0.7701     0.7804     0.2277
   -2.6291   -25.1770     0.5610  -166.7000     0.0529     1.1673     2.9020  2831.7500   189.1400     0.0008     0.2052     0.2052     0.2052     1.1105     0.3277
   -2.0912   -25.6830     0.5726  -141.5000     0.0422     1.2249     4.6830  2656.5000   166.6700     0.0012     0.3842     0.3842     0.3842     0.1029     0.1427
   -2.5400   -30.4757     0.8300  -144.0000     0.0346     1.0775     1.9660  1552.0000   173.7050     0.0010     0.7127     0.7127     0.7127     1.4040     0.3203
   -2.0650   -25.2034     0.6740   -58.0000     0.0256     1.1262     7.8430  2627.7500    57.9350     0.0011     0.7362     0.7362     0.7362     1.0941     0.3329
   -3.3546   -25.3442     0.7569  -650.0000     0.0350     1.4598     1.4580  2193.2500   109.2500     0.0015     0.7485     0.7485     0.7485     1.4742     0.2440
   -3.2951   -33.4886     0.7031  -609.5000     0.0314     1.3287     2.2130  1549.2500    62.4050     0.0012     0.6696     0.6696     0.6696     0.2047     0.1688
   -3.3973   -31.1236     0.9511  -529.6000     0.0387     1.1200     2.6220  2470.7500   131.7950     0.0011     0.6412     0.6412     0.6412     0.3547     0.2892
   -2.1157   -29.8036     0.9425  -429.1000     0.0465     1.3933     6.9260  1868.0000   129.3500     0.0015     0.5919     0.5919     0.5919     1.4255     0.1108
   -2.3428   -27.2263     0.9369  -802.9000     0.0376     1.3595     3.1360   559.2500   155.4500     0.0014     0.3048     0.3048     0.3048     0.3275     0.2208
   -2.2224   -25.1440     0.9270  -769.4000     0.0402     1.2681     2.2350   765.7500   198.1700     0.0010     0.7007     0.7007     0.7007     0.9442     0.1553
   -3.1036   -27.0052     0.6423  -308.8000     0.0247     1.1411     8.4570  2698.2500   136.7750     0.0010     0.7824     0.7824     0.7824     1.4073     0.2477
   -2.8921   -29.8311     0.7278  -332.3000     0.0343     1.2588     2.1000  1516.5000   113.5400     0.0007     0.2267     0.2267     0.2267     0.8050     0.2664
   -3.3662   -24.8305     0.8674  -508.6000     0.0212     1.0281     2.7710  2924.2500    89.2700     0.0005     0.3921     0.3921     0.3921     0.3027     0.1611
   -2.1966   -34.1354     0.9144   -50.5000     0.0384     1.1968     8.2570  2694.2500    72.0950     0.0005     0.5802     0.5802     0.5802     0.2526     0.3080
   -3.3782   -24.2464     0.9259  -569.3000     0.0581     1.1275     4.3970  2962.0000    58.5650     0.0007     0.3019     0.3019     0.3019     1.4846     0.1408
   -2.7029   -29.2778     0.8589   -52.6000     0.0568     1.2056     1.8300   780.0000    86.6600     0.0012     0.5868     0.5868     0.5868     0.3646     0.1647
   -3.2292   -24.2277     0.6882  -956.5000     0.0273     1.1259     3.7070  1278.0000   135.8900     0.0007     0.7550     0.7550     0.7550     0.5021     0.2134
   -2.5103   -31.7176     0.8723  -626.0000     0.0254     1.4559     6.4330   830.2500   114.4700     0.0012     0.4905     0.4905     0.4905     0.6986     0.2922
   -3.0360   -33.7801     0.6147  -427.6000     0.0238     1.2764     9.0550  2587.7500   147.9200     0.0007     0.5773     0.5773     0.5773     1.2028     0.1786
   -2.0497   -25.8612     0.6592  -449.7000     0.0260     1.1258     5.5920   511.2500   166.3850     0.0013     0.4944     0.4944     0.4944     0.2582     0.1018
   -2.0461   -24.0286     0.7230  -795.7000     0.0482     1.3985     2.5650   696.7500   172.5050     0.0012     0.7333     0.7333     0.7333     0.2316     0.3693
   -2.0265   -27.4331     0.7823  -886.4000     0.0505     1.1069     1.5070  2111.7500   115.6700     0.0006     0.4089     0.4089     0.4089     0.6523     0.1198
   -3.2753   -30.9718     0.7814  -233.3000     0.0500     1.3162     6.5720  1183.0000   148.4600     0.0005     0.2626     0.2626     0.2626     0.8307     0.3820
   -2.4065   -34.1134     0.7144  -515.4000     0.0253     1.0016     0.9520  1121.0000   165.8450     0.0013     0.4267     0.4267     0.4267     1.4685     0.3534
   -2.9697   -33.7625     0.8685  -133.9000     0.0595     1.1842     5.4770  2970.7500   189.9050     0.0012     0.2373     0.2373     0.2373     0.1759     0.2285
   -2.8228   -34.6612     0.8804  -442.6000     0.0590     1.3471     6.2460  2265.2500    71.3300     0.0011     0.2925     0.2925     0.2925     0.8738     0.2340
   -2.5157   -31.4624     0.5267  -537.7000     0.0285     1.3828     9.2330  1088.5000   178.7300     0.0010     0.2895     0.2895     0.2895     1.1101     0.1096
   -3.1234   -28.7806     0.7184  -850.4000     0.0599     1.2131     7.6640  1028.2500    64.4600     0.0009     0.7602     0.7602     0.7602     0.3103     0.2852
   -3.3032   -24.0242     0.7600  -215.8000     0.0505     1.0664     0.9720  1508.5000   159.7250     0.0008     0.7731     0.7731     0.7731     1.4940     0.1989
   -2.8406   -27.9171     0.5179  -455.0000     0.0422     1.3704     0.3330  1830.7500    97.8950     0.0011     0.4542     0.4542     0.4542     0.4503     0.2541
   -2.0019   -26.0779     0.5978  -210.1000     0.0559     1.4039     6.5090  1736.7500    88.7300     0.0007     0.5395     0.5395     0.5395     0.7276     0.3182
   -2.0735   -33.9121     0.6276  -646.9000     0.0351     1.0966     9.0620  2199.7500    70.0550     0.0012     0.4896     0.4896     0.4896     1.0772     0.3349
   -2.5877   -32.0839     0.8271  -915.5000     0.0577     1.3298     2.2140  2569.0000   156.3950     0.0013     0.5584     0.5584     0.5584     0.1521     0.1875
   -2.4703   -32.4700     0.9324  -355.2000     0.0576     1.0187     3.9860  2575.0000    98.2400     0.0014     0.6179     0.6179     0.6179     0.3946     0.3264
   -2.7382   -27.7851     0.8746  -798.4000     0.0432     1.1417     1.2580  1734.2500   115.5500     0.0014     0.7708     0.7708     0.7708     0.9501     0.2650
   -2.8330   -26.9920     0.5612  -807.2000     0.0544     1.4380     9.5900  1009.5000   170.9900     0.0010     0.7749     0.7749     0.7749     0.9312     0.2091
   -2.9263   -34.0210     0.9497  -585.1000     0.0543     1.3194     1.3060  2547.2500    92.1950     0.0014     0.3783     0.3783     0.3783     0.8631     0.3121
   -2.4282   -29.1139     0.9329  -117.8000     0.0520     1.3426     0.8910  2096.0000   183.0200     0.0009     0.4601     0.4601     0.4601     1.4429     0.1485
   -2.4017   -28.7685     0.8894  -435.3000     0.0376     1.1604     4.9720  1411.7500    83.8400     0.0006     0.4933     0.4933     0.4933     0.1288     0.3621
   -3.0835   -34.6964     0.6274  -615.3000     0.0433     1.1516     8.2810   771.7500   102.0800     0.0011     0.4417     0.4417     0.4417     0.3985     0.1780
   -2.9624   -33.5480     0.6326  -267.9000     0.0395     1.4582     8.1960  1786.5000   172.0550     0.0008     0.7887     0.7887     0.7887     0.2453     0.3575
   -2.0278   -32.8352     0.9021   -75.6000     0.0283     1.2563     4.8040  1272.2500    87.8450     0.0015     0.4110     0.4110     0.4110     0.9180     0.1194
   -2.3729   -26.3529     0.6434  -652.6000     0.0359     1.2172     2.8410  1399.7500    56.2850     0.0015     0.7599     0.7599     0.7599     0.3302     0.1796
   -2.1711   -34.2080     0.6992  -624.6000     0.0511     1.3741     4.0250  1536.0000   113.8400     0.0013     0.6671     0.6671     0.6671     0.2644     0.2459
   -2.1429   -28.0271     0.7081  -621.1000     0.0460     1.0219     4.1710  1366.7500    66.3350     0.0007     0.4158     0.4158     0.4158     1.3699     0.3338
   -3.2238   -30.4977     0.7774  -563.0000     0.0463     1.4480     7.2420  2496.7500   152.9150     0.0013     0.7227     0.7227     0.7227     1.3004     0.2764
   -2.5000   -28.5826     0.6562  -394.2000     0.0598     1.1109     1.9100  1943.7500    51.9050     0.0009     0.7267     0.7267     0.7267     0.9841     0.2128
   -2.9203   -27.7444     0.9568  -513.0000     0.0493     1.2186     2.6970  2285.0000    90.9500     0.0011     0.7686     0.7686     0.7686     0.6907     0.1263
   -3.3833   -29.7816     0.6839  -785.0000     0.0293     1.0322     7.4730  2958.0000    65.0900     0.0006     0.2944     0.2944     0.2944     1.2693     0.3158
   -2.3973   -32.0652     0.6098  -570.3000     0.0333     1.2053     5.0230   564.0000   137.5550     0.0012     0.4026     0.4026     0.4026     0.7877     0.3272
   -2.1197   -24.3443     0.9376  -452.8000     0.0204     1.3876     2.8290  2788.2500    65.9750     0.0015     0.4238     0.4238     0.4238     1.3468     0.3111
   -3.4804   -28.4099     0.5961  -387.2000     0.0311     1.3091     2.9200  2130.2500    74.7650     0.0006     0.6201     0.6201     0.6201     0.7332     0.3333
   -3.4262   -32.1609     0.5643  -918.8000     0.0311     1.1064     9.1070  2425.0000   196.1000     0.0014     0.7897     0.7897     0.7897     0.6520     0.1732
   -2.8487   -34.9989     0.9281   -35.2000     0.0547     1.3170     4.5840   665.0000   133.2500     0.0013     0.3436     0.3436     0.3436     1.1004     0.3641
   -3.1160   -31.2655     0.7874  -634.7000     0.0261     1.0163     8.2700  2012.0000   178.5950     0.0009     0.4605     0.4605     0.4605     1.3515     0.2687
   -3.2870   -34.4005     0.7321  -822.4000     0.0554     1.3206     4.1390   727.7500   140.8850     0.0012     0.2637     0.2637     0.2637     1.0278     0.2768
   -2.8333   -34.2487     0.5383  -881.7000     0.0594     1.1226     9.9600   654.0000   171.0200     0.0010     0.6578     0.6578     0.6578     0.4522     0.3663
   -2.2351   -33.3632     0.7016  -651.9000     0.0263     1.1416     3.1270  2512.5000    96.5450     0.0009     0.4261     0.4261     0.4261     0.2123     0.3863
   -3.2336   -24.4466     0.6269  -956.1000     0.0202     1.1929     2.1150  2811.5000   112.8800     0.0007     0.4831     0.4831     0.4831     0.9624     0.1942
   -3.1886   -31.6714     0.9113  -380.1000     0.0421     1.3881     4.0860  2014.2500   142.5050     0.0014     0.2116     0.2116     0.2116     0.2910     0.2017
   -3.1178   -32.7637     0.8072  -755.4000     0.0353     1.0778     0.8430   576.5000   103.7600     0.0006     0.5877     0.5877     0.5877     1.2413     0.1911
   -2.7106   -32.9518     0.8790  -176.4000     0.0343     1.2284     8.2130  1299.5000    86.7200     0.0013     0.4845     0.4845     0.4845     0.2470     0.3722
   -2.8194   -29.8003     0.7506  -862.8000     0.0230     1.0393     2.7220  2594.0000   140.0150     0.0011     0.4695     0.4695     0.4695     0.6516     0.3969
   -2.3887   -34.3235     0.6452  -365.4000     0.0466     1.1983     7.5190  1548.7500    78.2450     0.0013     0.5206     0.5206     0.5206     0.4368     0.1329
   -2.3258   -30.7551     0.5792  -137.7000     0.0225     1.4685     5.3470   735.7500   171.5450     0.0013     0.6999     0.6999     0.6999     0.7789     0.3172
   -3.2355   -33.1608     0.5913  -319.9000     0.0358     1.0132     3.9180  1283.5000    66.6950     0.0010     0.5697     0.5697     0.5697     1.2378     0.2058
   -2.1591   -25.3937     0.6038   -91.0000     0.0364     1.2271     0.6190  1572.7500    98.5400     0.0009     0.5939     0.5939     0.5939     0.7656     0.2039
   -3.3638   -27.2032     0.7902   -40.4000     0.0273     1.4611     6.5870  2825.2500   173.8700     0.0007     0.2857     0.2857     0.2857     1.3527     0.1311
   -2.1185   -28.1998     0.7327  -376.5000     0.0367     1.4890     4.4590  2669.7500   131.7050     0.0013     0.4934     0.4934     0.4934     1.4607     0.2880
   -3.4410   -26.1274     0.9172  -723.5000     0.0316     1.2731     5.3900   508.5000   148.5500     0.0014     0.2391     0.2391     0.2391     0.7044     0.3786
   -2.3838   -25.0835     0.5903  -111.2000     0.0374     1.4532     6.3330  1458.2500    78.8600     0.0012     0.3765     0.3765     0.3765     0.9856     0.3786
   -2.7544   -26.5465     0.5544  -237.2000     0.0310     1.0564     9.0200  2498.0000   191.7500     0.0008     0.7796     0.7796     0.7796     0.8193     0.1870
   -2.7837   -32.2610     0.9823  -953.8000     0.0508     1.3923     8.0510  1007.0000    58.7600     0.0013     0.7311     0.7311     0.7311     0.2616     0.1740
   -2.6814   -29.8575     0.5626  -458.1000     0.0304     1.1294     0.8780  1629.7500   197.9150     0.0006     0.3786     0.3786     0.3786     0.9800     0.3879
   -2.3657   -31.6252     0.9445  -536.3000     0.0551     1.2832     1.3360  2907.5000   174.9050     0.0011     0.7740     0.7740     0.7740     1.0038     0.3711
   -2.6172   -30.2931     0.9514  -925.6000     0.0349     1.1597     1.3560  2806.0000   159.5900     0.0010     0.7664     0.7664     0.7664     0.5768     0.1808
   -2.1284   -26.2506     0.8101  -837.1000     0.0592     1.3011     8.1300   783.2500   173.1050     0.0008     0.6468     0.6468     0.6468     1.2504     0.3784
   -2.9253   -33.2268     0.8211  -411.6000     0.0305     1.4094     8.8050  1715.5000   114.0350     0.0009     0.3041     0.3041     0.3041     0.2186     0.1121
   -2.5429   -30.8497     0.8455   -50.1000     0.0407     1.2769     2.7390  2801.5000    70.7900     0.0014     0.7854     0.7854     0.7854     1.3796     0.3006
   -3.0276   -25.3926     0.7824   -97.0000     0.0562     1.4808     5.1010  1342.5000   152.2700     0.0014     0.6447     0.6447     0.6447     0.4612     0.1165
   -3.0396   -26.0273     0.6952   -66.7000     0.0542     1.0894     6.5780  2773.0000   142.1750     0.0010     0.6971     0.6971     0.6971     0.5113     0.1784
   -2.9731   -33.0915     0.7947  -783.4000     0.0581     1.0981     3.3360  2776.2500   129.3200     0.0013     0.6079     0.6079     0.6079     0.6344     0.3518
   -2.4644   -30.9850     0.6188   -78.5000     0.0482     1.1887     7.0040  1051.0000    89.6300     0.0013     0.7373     0.7373     0.7373     0.8899     0.2590
   -2.7686   -27.1658     0.7627  -792.6000     0.0477     1.1078     9.4140  2035.0000   138.5450     0.0010     0.3552     0.3552     0.3552     0.9532     0.3903
   -3.2213   -28.8675     0.6850   -54.2000     0.0253     1.0073     0.5770  1909.7500   129.1100     0.0014     0.5557     0.5557     0.5557     1.0835     0.2858
   -2.9218   -31.5482     0.6753  -986.6000     0.0295     1.2260     7.9040  2802.0000    52.9250     0.0014     0.5077     0.5077     0.5077     1.4177     0.1200
   -2.3074   -27.3462     0.6616  -672.5000     0.0427     1.3045     6.7140  2435.7500   162.3200     0.0009     0.3697     0.3697     0.3697     0.7450     0.2789
   -2.5035   -33.1553     0.7811  -720.3000     0.0277     1.0382     3.5790  1015.5000   147.0200     0.0011     0.4629     0.4629     0.4629     0.2823     0.3846
   -2.5142   -27.5497     0.8911  -884.5000     0.0298     1.3359     5.3810  1741.5000   142.7000     0.0010     0.4561     0.4561     0.4561     1.2760     0.1901
   -2.3255   -25.8513     0.8767  -309.3000     0.0484     1.0578     2.7570  1320.5000   119.6750     0.0006     0.7711     0.7711     0.7711     0.2677     0.2237
   -2.0894   -25.7600     0.5433  -545.6000     0.0406     1.1293     7.3330  2531.2500   118.1000     0.0010     0.5760     0.5760     0.5760     0.8440     0.3556
   -2.6301   -29.6628     0.6141  -712.5000     0.0303     1.3129     9.0660  1604.7500   115.2800     0.0009     0.7286     0.7286     0.7286     1.1370     0.2510
   -2.0661   -32.7945     0.5534  -140.8000     0.0356     1.1745     1.1250  1297.5000   199.1300     0.0013     0.5473     0.5473     0.5473     1.0950     0.2085
   -2.8531   -29.2525     0.5411  -573.7000     0.0321     1.0342     0.1980  1426.0000   154.5950     0.0014     0.3764     0.3764     0.3764     0.4088     0.1932
   -3.4786   -29.6551     0.5428  -588.1000     0.0558     1.2747     0.4340   605.2500   180.8900     0.0008     0.2334     0.2334     0.2334     0.2014     0.3984
   -2.9413   -32.1026     0.8718  -181.9000     0.0377     1.3085     0.1480  1161.2500   131.5400     0.0005     0.7315     0.7315     0.7315     0.6058     0.2982
   -3.1247   -28.5573     0.6789  -868.1000     0.0449     1.0415     6.2280   652.2500   184.1000     0.0015     0.2985     0.2985     0.2985     0.4773     0.1993
   -3.2282   -28.3758     0.7837  -900.8000     0.0452     1.1756     7.0980  1888.7500    81.4700     0.0012     0.3346     0.3346     0.3346     1.2385     0.2596
   -2.3804   -28.4176     0.7446  -159.1000     0.0439     1.4192     1.7060  2805.5000   100.4900     0.0014     0.7960     0.7960     0.7960     0.9488     0.2984
   -2.0343   -34.0584     0.8167  -207.9000     0.0552     1.1817     5.6480  2592.7500   149.1650     0.0006     0.6108     0.6108     0.6108     0.3678     0.3994
   -3.0470   -26.3232     0.5343  -272.5000     0.0330     1.0561     4.9800   786.2500    81.4100     0.0005     0.2438     0.2438     0.2438     0.9646     0.3754
   -2.2118   -25.0714     0.5096  -539.0000     0.0531     1.3745     0.0430  1015.7500    98.8550     0.0006     0.7344     0.7344     0.7344     1.3390     0.3093
   -2.4198   -27.8225     0.8529  -498.4000     0.0203     1.4576     7.5330  1750.5000    53.9750     0.0014     0.3068     0.3068     0.3068     1.3253     0.3051
   -3.1351   -30.4966     0.9157  -295.8000     0.0325     1.4115     1.3850   934.2500   166.9700     0.0007     0.5052     0.5052     0.5052     1.4910     0.2130
   -3.3811   -34.7360     0.7790  -216.6000     0.0234     1.4842     9.1820  1155.2500   130.3400     0.0011     0.7004     0.7004     0.7004     0.2632     0.1980
   -2.4322   -31.2699     0.8453   -86.9000     0.0423     1.1377     1.7700  1189.2500   189.9950     0.0010     0.2221     0.2221     0.2221     0.6960     0.3770
   -2.5518   -30.8046     0.7280  -584.7000     0.0457     1.3371     1.5660  2619.7500    97.4900     0.0013     0.2550     0.2550     0.2550     1.0603     0.2863
   -2.0130   -27.7378     0.7764  -932.6000     0.0599     1.3334     5.5670  2522.2500   181.5650     0.0010     0.5575     0.5575     0.5575     1.3610     0.1946
   -2.6180   -34.9098     0.6951  -147.6000     0.0521     1.3434     5.7400   547.7500   104.8550     0.0011     0.5560     0.5560     0.5560     0.5133     0.3234
   -3.3255   -30.1831     0.7545  -930.9000     0.0495     1.3641     4.3780  2791.2500    65.7650     0.0013     0.2100     0.2100     0.2100     1.4129     0.1940
   -2.8293   -30.9003     0.9068  -131.1000     0.0527     1.3522     3.5710   816.7500    51.7100     0.0011     0.3185     0.3185     0.3185     0.2711     0.3454
   -2.2166   -32.5492     0.8449  -497.0000     0.0362     1.3395     5.9140   895.2500    62.3600     0.0011     0.5158     0.5158     0.5158     0.3992     0.3232
   -2.2138   -31.4360     0.9120  -708.9000     0.0508     1.2149     4.6320  2499.2500   187.4300     0.0012     0.5287     0.5287     0.5287     1.1464     0.3564
   -2.4649   -24.9075     0.9446   -24.9000     0.0346     1.3698     1.0540  1564.0000    87.0500     0.0014     0.4123     0.4123     0.4123     1.0321     0.1309
   -3.4663   -33.4655     0.9087   -29.1000     0.0267     1.2811     0.0450  1075.7500   184.5050     0.0006     0.4552     0.4552     0.4552     1.1753     0.3382
   -2.8323   -32.5580     0.8883  -755.1000     0.0387     1.2578     9.8460  2108.0000   160.4000     0.0008     0.3189     0.3189     0.3189     0.5761     0.3148
   -2.1053   -33.9297     0.9773  -232.2000     0.0576     1.1392     4.1590  1831.7500   118.7900     0.0011     0.3519     0.3519     0.3519     0.9735     0.3303
   -2.1000   -27.8687     0.5565  -101.5000     0.0408     1.2559     6.0730   997.7500   197.9750     0.0014     0.3781     0.3781     0.3781     0.6671     0.2854
   -3.1997   -28.2790     0.6250   -58.7000     0.0465     1.4573     1.3210  1938.0000   197.3150     0.0008     0.4498     0.4498     0.4498     0.4651     0.2631
   -3.4630   -34.1838     0.9284  -336.6000     0.0334     1.0339     7.5850  2480.5000   156.9200     0.0015     0.2806     0.2806     0.2806     0.8332     0.1458
   -2.7355   -26.7192     0.5624  -371.4000     0.0300     1.3172     0.7440  1979.2500    74.6750     0.0011     0.3309     0.3309     0.3309     0.8308     0.2647
   -3.1187   -28.6288     0.8735  -456.9000     0.0315     1.4238     9.6910  1982.5000   120.8450     0.0009     0.7575     0.7575     0.7575     0.6193     0.1796
   -2.3725   -26.2583     0.8995  -975.4000     0.0591     1.4976     2.4160  2241.2500    79.3700     0.0012     0.4828     0.4828     0.4828     1.2893     0.2836
   -2.0008   -28.9731     0.8404  -926.6000     0.0368     1.2374     7.2230  2536.5000   199.3250     0.0007     0.4983     0.4983     0.4983     0.7633     0.1620
   -2.0126   -26.9480     0.5463  -312.2000     0.0222     1.1985     3.6160  2404.0000    79.2350     0.0010     0.4057     0.4057     0.4057     1.3767     0.2030
   -2.3690   -33.8516     0.6702  -144.1000     0.0531     1.4648     8.4090   902.7500    62.5250     0.0014     0.3610     0.3610     0.3610     1.4227     0.3175
   -3.3938   -24.2728     0.9580  -956.7000     0.0301     1.2051     0.2850   571.7500    78.1550     0.0014     0.7237     0.7237     0.7237     0.9317     0.2874
   -2.4964   -27.1108     0.8571  -315.6000     0.0213     1.4127     4.0010  1590.0000    79.5050     0.0011     0.4571     0.4571     0.4571     1.4903     0.3764
   -3.1049   -28.1767     0.6002  -192.4000     0.0384     1.1114     0.7540   689.7500   100.5050     0.0014     0.6735     0.6735     0.6735     0.1848     0.3483
   -2.2925   -30.7529     0.6046  -940.7000     0.0582     1.4146     0.3090  2378.5000   121.5800     0.0010     0.4377     0.4377     0.4377     0.8945     0.2466
   -3.0292   -28.4792     0.6684  -998.9000     0.0562     1.2460     9.1220  1248.0000   119.8400     0.0009     0.5378     0.5378     0.5378     0.1410     0.3243
   -2.6326   -30.9146     0.9564  -721.1000     0.0468     1.2556     3.0070  2743.0000   108.6500     0.0009     0.2134     0.2134     0.2134     0.3241     0.1713
   -2.2952   -27.5651     0.7745  -370.1000     0.0553     1.4111     6.1870  2123.0000    77.9450     0.0007     0.4441     0.4441     0.4441     1.4244     0.1128
   -3.1843   -32.5525     0.5415  -189.7000     0.0525     1.3717     4.5750  1184.5000   160.4300     0.0009     0.5874     0.5874     0.5874     1.0211     0.1377
   -2.5229   -24.1991     0.9453  -740.7000     0.0579     1.2426     3.1640   943.2500   107.4050     0.0005     0.2569     0.2569     0.2569     0.1192     0.1114
   -3.3649   -33.2246     0.5953  -312.8000     0.0431     1.4584     1.5970  1546.5000    81.1100     0.0010     0.6522     0.6522     0.6522     0.2914     0.1759
   -3.4556   -29.7035     0.8230  -577.5000     0.0218     1.3853     0.8090  1531.0000   162.6200     0.0006     0.7638     0.7638     0.7638     0.9599     0.3324
   -3.3342   -34.4401     0.5424  -992.3000     0.0320     1.1263     9.4060   951.0000   144.2450     0.0009     0.3459     0.3459     0.3459     0.4744     0.1887
   -2.3867   -25.3189     0.7110  -929.3000     0.0322     1.3489     7.2310  1930.0000   198.8600     0.0009     0.5091     0.5091     0.5091     0.9652     0.2667
   -2.9927   -30.9168     0.8757  -656.1000     0.0250     1.1542     3.6880  1724.0000   193.5350     0.0014     0.5749     0.5749     0.5749     1.0360     0.2925
   -2.5772   -29.3020     0.6550  -164.0000     0.0256     1.4636     3.9460  2585.5000   172.7150     0.0012     0.4108     0.4108     0.4108     0.6200     0.3368
   -2.3304   -33.3280     0.6599  -317.7000     0.0292     1.1235     8.2840  1089.2500   196.2350     0.0011     0.5072     0.5072     0.5072     1.4567     0.2565
   -2.7174   -26.0614     0.5938  -351.2000     0.0408     1.3068     1.8800  1929.7500   136.5500     0.0008     0.6624     0.6624     0.6624     0.5602     0.1134
   -2.7210   -26.6851     0.5316  -100.5000     0.0564     1.3060     7.9100  2484.2500   171.7250     0.0011     0.7363     0.7363     0.7363     0.6881     0.2522
   -3.1840   -32.8253     0.5686  -728.2000     0.0408     1.4075     3.4120  1986.0000   165.2750     0.0010     0.7721     0.7721     0.7721     1.1508     0.2501
   -3.0210   -34.4863     0.5386  -441.9000     0.0201     1.1297     9.3630  2427.0000   135.5300     0.0009     0.7996     0.7996     0.7996     1.3443     0.2465
   -2.5271   -29.7926     0.9406  -686.2000     0.0478     1.4710     8.9910   616.2500   194.1200     0.0013     0.3406     0.3406     0.3406     0.5739     0.3659
   -3.4017   -27.4375     0.8421  -415.2000     0.0467     1.2576     4.5280  2955.7500    57.9800     0.0006     0.6887     0.6887     0.6887     1.3860     0.1857
   -2.6176   -31.6021     0.8427  -855.0000     0.0486     1.2627     4.4890  1350.0000    68.4800     0.0014     0.4501     0.4501     0.4501     0.3306     0.1611
   -3.0951   -28.3307     0.9790  -254.9000     0.0339     1.3672     2.1990  1797.2500    93.7550     0.0010     0.7147     0.7147     0.7147     1.0713     0.2319
   -2.7939   -30.5615     0.7983  -953.3000     0.0529     1.4746     1.0650  1174.2500   185.0450     0.0005     0.5197     0.5197     0.5197     0.5178     0.3517
   -2.9968   -25.0879     0.7180  -257.0000     0.0295     1.2612     1.8670  1728.0000    61.5350     0.0006     0.7569     0.7569     0.7569     1.4461     0.3204
   -3.1262   -28.4132     0.8341   -70.4000     0.0400     1.4557     7.6280  1932.5000    89.4200     0.0007     0.7114     0.7114     0.7114     0.8491     0.3405
   -3.0131   -34.7140     0.5764  -917.4000     0.0215     1.1459     1.6290  2252.5000   138.3350     0.0010     0.6163     0.6163     0.6163     0.7321     0.3418
   -2.7431   -27.2241     0.9000  -540.9000     0.0486     1.4398     3.8140  2719.7500   194.3900     0.0007     0.4276     0.4276     0.4276     0.7287     0.3077
   -2.6761   -30.9080     0.7313  -591.2000     0.0393     1.0146     4.4860  2751.7500    73.7300     0.0011     0.3471     0.3471     0.3471     0.8179     0.1038
   -3.0875   -24.8096     0.7400  -585.7000     0.0583     1.2814     2.6800  1979.0000    86.8550     0.0014     0.3885     0.3885     0.3885     0.5362     0.2531
   -2.3768   -27.6718     0.9682  -170.6000     0.0332     1.0061     4.0390  2826.7500   130.8800     0.0009     0.5332     0.5332     0.5332     1.3677     0.1417
   -2.2616   -27.2857     0.7649  -471.9000     0.0437     1.4789     9.8070  2784.5000   144.3350     0.0015     0.7459     0.7459     0.7459     0.4724     0.3826
   -2.4935   -24.2541     0.9634  -109.9000     0.0564     1.0237     2.6160   758.2500   144.3950     0.0008     0.6754     0.6754     0.6754     0.1015     0.1549
   -3.3457   -34.1200     0.8546  -841.5000     0.0487     1.2472     4.3270  1670.5000    71.0900     0.0009     0.5620     0.5620     0.5620     0.9266     0.2328
   -2.8845   -28.2064     0.5935  -649.1000     0.0548     1.1898     7.7570   656.2500    81.8750     0.0013     0.6836     0.6836     0.6836     1.0397     0.3549
   -2.9894   -33.2532     0.5061  -844.2000     0.0414     1.0983     9.5340  2798.0000   117.3950     0.0007     0.6315     0.6315     0.6315     1.1028     0.2359
   -2.5059   -32.7692     0.8378  -543.2000     0.0452     1.2259     2.6680  1380.0000    56.8250     0.0010     0.5304     0.5304     0.5304     0.4198     0.2564
   -2.5867   -34.5589     0.7529  -335.4000     0.0378     1.4213     8.8810  1297.7500    53.6150     0.0012     0.4623     0.4623     0.4623     0.1904     0.3578
   -2.3986   -24.1661     0.7530  -893.2000     0.0593     1.3051     4.4400  1268.5000   125.7800     0.0014     0.5666     0.5666     0.5666     0.5588     0.1833
   -3.4470   -31.1093     0.7396  -451.5000     0.0209     1.2176     3.7330  2364.7500   178.5950     0.0009     0.2784     0.2784     0.2784     0.7852     0.3462
   -3.4844   -27.7433     0.5507  -892.0000     0.0312     1.2694     0.4750  1464.2500   194.0450     0.0011     0.5613     0.5613     0.5613     1.0512     0.3589
   -3.0856   -25.3486     0.8890  -496.6000     0.0362     1.3213     9.1550  2956.2500    81.6950     0.0009     0.7221     0.7221     0.7221     0.3825     0.2291
   -3.1130   -33.5920     0.6307   -96.3000     0.0347     1.2880     3.0380   815.2500   124.7300     0.0006     0.3658     0.3658     0.3658     0.5600     0.3266
   -2.0739   -32.9353     0.5306  -382.5000     0.0238     1.3432     8.5330  2584.0000    83.5100     0.0008     0.3963     0.3963     0.3963     0.1461     0.2317
   -2.2687   -27.1603     0.8507  -842.9000     0.0403     1.2728     4.8120  2029.0000   152.9600     0.0013     0.2702     0.2702     0.2702     0.6114     0.1676
   -3.4088   -26.6763     0.7247  -505.5000     0.0255     1.0698     9.3370  2830.2500   173.6000     0.0006     0.5794     0.5794     0.5794     0.7888     0.2145
   -2.2959   -32.5019     0.9480  -971.3000     0.0266     1.3863     4.1290  2262.5000   120.0350     0.0008     0.4098     0.4098     0.4098     0.7947     0.1706
   -2.4467   -33.5865     0.7535  -330.8000     0.0205     1.1620     0.9270  2120.2500    73.1600     0.0013     0.5181     0.5181     0.5181     0.6257     0.3440
   -2.8340   -28.7839     0.6519   -70.1000     0.0355     1.4429     9.1140  1369.5000   133.0400     0.0012     0.4940     0.4940     0.4940     1.0559     0.1812
   -2.5991   -30.4878     0.8704  -472.8000     0.0405     1.2758     9.2340  1535.5000   135.2900     0.0012     0.5236     0.5236     0.5236     0.9305     0.1149
   -2.9542   -31.8309     0.6792  -421.3000     0.0265     1.4088     3.9610  1851.0000   113.3750     0.0013     0.4529     0.4529     0.4529     0.9481     0.1890
   -3.2041   -25.8018     0.5429  -318.9000     0.0485     1.3921     3.7030  2459.0000    84.9200     0.0008     0.5280     0.5280     0.5280     0.3142     0.2949
   -2.1999   -24.7106     0.7769   -30.2000     0.0294     1.3058     9.3430  1228.7500   186.7850     0.0014     0.3825     0.3825     0.3825     1.4973     0.1380
   -3.0884   -28.9962     0.9562  -280.2000     0.0493     1.4542     6.3940  2388.7500   171.5750     0.0011     0.4251     0.4251     0.4251     1.0506     0.2718
   -2.0934   -34.7800     0.5169  -738.9000     0.0533     1.4164     7.2260  1308.5000    75.6650     0.0011     0.7507     0.7507     0.7507     1.0852     0.3800
   -2.9289   -30.2909     0.6455  -154.4000     0.0271     1.3216     4.8690  1591.5000    85.5650     0.0006     0.4468     0.4468     0.4468     0.3253     0.2488
   -2.7179   -31.9574     0.6529  -876.1000     0.0386     1.1908     7.3240  1425.2500   144.1550     0.0010     0.2537     0.2537     0.2537     1.2875     0.2463
   -3.0932   -24.7920     0.8981  -662.2000     0.0430     1.4255     3.2780   579.5000    90.5150     0.0015     0.6000     0.6000     0.6000     0.6144     0.1585
   -2.7395   -27.6894     0.7014  -596.7000     0.0593     1.3466     1.7320  2781.5000   158.0000     0.0007     0.6153     0.6153     0.6153     0.8589     0.3996
   -2.8996   -28.0821     0.7196   -28.7000     0.0456     1.3543     9.9920  2361.2500   102.6350     0.0011     0.4401     0.4401     0.4401     0.5984     0.2468
   -2.1452   -33.1949     0.7164  -866.9000     0.0294     1.0085     9.7940   645.0000   128.0900     0.0012     0.2736     0.2736     0.2736     0.4216     0.1826
   -2.6202   -29.4516     0.5254    -9.0000     0.0281     1.0700     4.4950  1180.7500   118.6550     0.0014     0.4125     0.4125     0.4125     0.2940     0.2553
   -3.4907   -33.9781     0.5989  -217.0000     0.0230     1.2272     2.9910  2573.2500    77.0150     0.0012     0.6360     0.6360     0.6360     0.1043     0.3999
   -2.2431   -33.7746     0.9896  -533.3000     0.0202     1.3672     8.8180  2453.0000   105.2750     0.0008     0.7254     0.7254     0.7254     0.5962     0.1052
   -2.4161   -24.0891     0.6169  -791.2000     0.0463     1.4427     3.1850  2981.5000   196.1900     0.0005     0.7838     0.7838     0.7838     1.2847     0.3962
   -2.8364   -25.9602     0.8671  -422.8000     0.0355     1.4042     7.1730  1564.7500   179.0300     0.0008     0.7572     0.7572     0.7572     0.8573     0.3460
   -2.5544   -24.3575     0.7545  -290.0000     0.0567     1.2598     1.8080   874.2500   125.0150     0.0009     0.2716     0.2716     0.2716     1.2277     0.2901
   -3.1898   -31.7748     0.7829  -367.6000     0.0435     1.2954     9.4240  1827.0000    77.9900     0.0006     0.2290     0.2290     0.2290     0.2673     0.1476
   -3.0138   -24.1276     0.9538  -667.9000     0.0292     1.0461     9.4030  1110.7500    95.5100     0.0012     0.5971     0.5971     0.5971     0.1515     0.3185
   -3.3084   -28.5177     0.8071   -46.8000     0.0275     1.3008     7.1870  2463.7500   137.7500     0.0009     0.7119     0.7119     0.7119     1.3370     0.2016
   -3.0656   -24.0792     0.7602  -510.5000     0.0368     1.1846     6.6210  2622.5000   134.8250     0.0007     0.5368     0.5368     0.5368     1.1301     0.1142
   -2.6574   -24.2750     0.6895   -37.1000     0.0570     1.0842     1.2720  1860.7500    88.1900     0.0007     0.3033     0.3033     0.3033     0.5308     0.1304
   -2.1110   -26.1945     0.5631  -725.7000     0.0397     1.0261     6.1260  2095.5000    67.6550     0.0014     0.7970     0.7970     0.7970     0.3509     0.2271
   -2.9398   -27.2725     0.5663  -447.9000     0.0489     1.3237     2.0870  1852.2500    96.9350     0.0011     0.2695     0.2695     0.2695     1.0159     0.1213
   -2.6924   -30.2403     0.9208  -959.4000     0.0233     1.4656     6.7750  2394.0000   126.8750     0.0014     0.6122     0.6122     0.6122     0.1916     0.2793
   -2.9036   -30.3272     0.5360  -780.2000     0.0574     1.2521     9.4440  2557.0000    74.7200     0.0013     0.2551     0.2551     0.2551     1.2130     0.1016
   -2.8130   -29.2041     0.5672   -54.9000     0.0271     1.2655     8.3870  2582.2500    61.5650     0.0011     0.7451     0.7451     0.7451     0.1378     0.2717
   -3.1982   -32.7571     0.5708  -924.1000     0.0374     1.4966     8.9770  1739.0000   174.5300     0.0008     0.2781     0.2781     0.2781     1.4341     0.1929
   -2.9406   -29.4010     0.6704  -588.8000     0.0309     1.1434     8.6280  2530.5000   126.4250     0.0006     0.4494     0.4494     0.4494     0.9763     0.1129
   -3.0044   -31.4206     0.9377  -961.7000     0.0535     1.1722     8.5910   845.5000   107.4650     0.0012     0.3902     0.3902     0.3902     0.9324     0.1171
   -3.3739   -24.8734     0.7177  -770.3000     0.0322     1.2232     1.4740  2286.0000    68.9900     0.0007     0.5625     0.5625     0.5625     0.3890     0.3088
   -2.5649   -28.0172     0.7720  -452.0000     0.0560     1.4224     8.6990  2162.0000   150.6500     0.0010     0.2911     0.2911     0.2911     0.4284     0.1965
   -2.2289   -29.8113     0.8827  -890.9000     0.0432     1.4933     0.0080  1837.0000    91.5950     0.0014     0.6574     0.6574     0.6574     0.7426     0.2096
   -2.0873   -32.8308     0.8954  -259.8000     0.0546     1.4514     4.4340  1066.0000   120.1400     0.0005     0.4436     0.4436     0.4436     0.9786     0.3685
   -2.2778   -26.3408     0.8786  -357.6000     0.0468     1.2321     9.0420  2172.7500   196.8950     0.0009     0.5681     0.5681     0.5681     0.3652     0.2989
   -2.5330   -26.1450     0.8407  -713.5000     0.0235     1.1726     2.6120  2398.2500   112.8050     0.0006     0.6228     0.6228     0.6228     0.9277     0.2797
   -2.8840   -29.6584     0.8303  -142.0000     0.0271     1.4126     9.7640   936.2500   149.2400     0.0007     0.7203     0.7203     0.7203     1.0839     0.3154
   -3.3424   -26.2539     0.8901   -13.0000     0.0377     1.1336     0.5490  1422.0000   150.9200     0.0007     0.7889     0.7889     0.7889     0.9630     0.3033
   -2.1955   -32.5998     0.5823  -646.3000     0.0353     1.1838     7.9300  2685.7500   137.6300     0.0012     0.7885     0.7885     0.7885     1.0569     0.2342
   -3.0585   -34.7602     0.6916  -141.2000     0.0291     1.3185     7.2970  2369.0000    95.8250     0.0011     0.4389     0.4389     0.4389     1.4111     0.3669
   -3.3609   -25.0901     0.5051  -640.7000     0.0214     1.0177     8.5490  1285.0000    99.7700     0.0013     0.4597     0.4597     0.4597     0.7304     0.3057
   -3.4726   -25.3365     0.6873  -939.6000     0.0335     1.2752     4.9380  1450.7500   170.9150     0.0006     0.2098     0.2098     0.2098     0.5103     0.1890
   -2.9148   -29.7640     0.9758  -971.9000     0.0491     1.1247     2.1780   500.7500   186.0350     0.0011     0.2585     0.2585     0.2585     0.7391     0.2612
   -2.9984   -24.5401     0.7984   -24.5000     0.0373     1.4596     9.6780  1502.0000    61.4300     0.0011     0.7938     0.7938     0.7938     0.4192     0.3002
   -3.0762   -25.4806     0.6820  -617.0000     0.0465     1.0702     8.4700  1309.2500   161.0000     0.0011     0.2739     0.2739     0.2739     0.1204     0.2626
   -3.0257   -33.0816     0.6183  -305.1000     0.0501     1.2457     0.0790  2027.5000   116.1350     0.0011     0.4540     0.4540     0.4540     0.7651     0.2303
   -2.2811   -26.7643     0.6540  -497.9000     0.0302     1.3571     8.6710  2566.7500    87.9800     0.0007     0.2065     0.2065     0.2065     1.1259     0.3478
   -2.1758   -26.3353     0.9950  -316.4000     0.0447     1.3842     7.0100  1077.0000   104.9150     0.0007     0.4584     0.4584     0.4584     1.1325     0.2700
   -2.7877   -29.9268     0.5901  -695.3000     0.0397     1.0776     9.8400  1194.2500   107.5400     0.0011     0.3998     0.3998     0.3998     0.3864     0.3514
   -2.1719   -33.8582     0.5619  -817.9000     0.0433     1.2155     4.2300   611.7500   168.6800     0.0015     0.7350     0.7350     0.7350     0.6613     0.3218
   -3.0564   -33.7262     0.5192  -123.5000     0.0365     1.4375     9.0180  1166.5000    59.4050     0.0006     0.6400     0.6400     0.6400     0.6473     0.3149
   -2.0510   -31.1357     0.7561  -122.3000     0.0345     1.4185     1.0170  2522.7500   147.7850     0.0008     0.6395     0.6395     0.6395     0.6452     0.2573
   -2.8828   -33.6525     0.8770  -901.8000     0.0407     1.0878     2.4330  1143.0000   162.5000     0.0008     0.4937     0.4937     0.4937     1.3118     0.1364
   -2.3700   -29.3273     0.8004  -698.5000     0.0267     1.4699     8.1750   822.7500    81.3050     0.0008     0.5906     0.5906     0.5906     0.7462     0.2564
   -3.0558   -31.7132     0.5521  -942.6000     0.0262     1.3231     5.2270  1982.0000   178.2950     0.0008     0.2208     0.2208     0.2208     0.7002     0.3013
   -2.7994   -30.9795     0.5297  -822.0000     0.0386     1.2723     2.4920  1620.5000    71.2400     0.0008     0.4588     0.4588     0.4588     0.5875     0.2013
   -2.7799   -27.7026     0.7430  -863.1000     0.0291     1.1908     3.1160   954.5000   114.3050     0.0013     0.2554     0.2554     0.2554     0.1102     0.2466
   -2.7244   -28.5045     0.9256  -553.6000     0.0424     1.2540     7.8330  1050.0000   120.6800     0.0012     0.5281     0.5281     0.5281     1.0150     0.2232
   -3.2108   -25.8370     0.6067  -822.9000     0.0458     1.1421     5.9960  1099.5000   194.4050     0.0014     0.5978     0.5978     0.5978     1.4759     0.3435
   -3.4012   -31.6362     0.8937   -52.2000     0.0434     1.2463     6.2930  1694.7500   115.7900     0.0012     0.5128     0.5128     0.5128     0.6849     0.1117
   -2.6128   -31.3216     0.5281    -8.6000     0.0558     1.0803     4.8790  2229.5000    75.7400     0.0010     0.7278     0.7278     0.7278     0.2061     0.2956
   -3.4991   -29.3713     0.7621  -958.2000     0.0516     1.3200     2.4790   826.5000   108.0350     0.0012     0.6706     0.6706     0.6706     1.2883     0.1553
   -3.1226   -28.6530     0.9394  -806.9000     0.0327     1.3247     0.9750  2562.5000   186.5000     0.0006     0.2380     0.2380     0.2380     1.1391     0.2076
   -2.1887   -24.0209     0.7124  -662.3000     0.0329     1.0914     6.9170  1319.2500    53.8850     0.0011     0.5262     0.5262     0.5262     0.2275     0.2848
   -2.5913   -26.8534     0.7537  -216.3000     0.0313     1.2037     7.9120  2432.7500   128.5550     0.0015     0.4537     0.4537     0.4537     0.5148     0.3237
   -2.0535   -26.4101     0.6980  -524.7000     0.0349     1.3603     6.7630  1402.7500   170.1650     0.0006     0.6687     0.6687     0.6687     1.0671     0.2704
   -2.4447   -26.2440     0.8544  -214.4000     0.0583     1.0091     1.9270  1249.7500   181.6250     0.0007     0.4357     0.4357     0.4357     1.2913     0.2395
   -2.3894   -33.8901     0.8459  -508.9000     0.0236     1.4330     9.3310  2141.7500   186.6650     0.0010     0.3913     0.3913     0.3913     1.3604     0.1620
   -3.0745   -26.9370     0.7366  -551.4000     0.0311     1.2687     5.3520  2951.5000    65.1350     0.0008     0.3540     0.3540     0.3540     1.4884     0.2818
   -2.6459   -32.4205     0.7111  -134.4000     0.0454     1.2022     7.9670  1631.2500   137.9450     0.0011     0.5498     0.5498     0.5498     0.9410     0.1854
   -3.3678   -34.8504     0.8899  -546.6000     0.0370     1.3141     0.2890  2775.7500   118.7150     0.0009     0.3499     0.3499     0.3499     0.6335     0.1255
   -2.8701   -31.2380     0.5836  -208.1000     0.0526     1.2895     7.7280  1360.5000    63.2900     0.0006     0.4708     0.4708     0.4708     0.9191     0.1755
   -2.2576   -29.7090     0.6400  -566.6000     0.0414     1.0616     6.5910   935.2500   198.5300     0.0013     0.5383     0.5383     0.5383     0.3330     0.2919
   -3.3487   -29.7068     0.7330  -519.2000     0.0438     1.3575     4.1020  2539.5000    97.5500     0.0008     0.4224     0.4224     0.4224     1.0171     0.1250
   -2.3083   -31.6450     0.8267  -713.9000     0.0229     1.2104     8.1540   980.5000   147.6500     0.0013     0.3853     0.3853     0.3853     0.8025     0.1767
   -2.9780   -24.4389     0.6784  -165.9000     0.0405     1.0566     2.2680  2418.7500    53.3750     0.0009     0.4202     0.4202     0.4202     0.7796     0.1052
   -2.5413   -29.5781     0.6051  -156.7000     0.0582     1.4440     4.0540   686.0000   166.1600     0.0009     0.3225     0.3225     0.3225     0.4056     0.3976
   -2.3465   -27.8368     0.6652  -263.6000     0.0280     1.2561     0.5140  2887.5000   179.4800     0.0009     0.3704     0.3704     0.3704     0.4184     0.3884
   -2.5839   -33.4402     0.5020  -136.3000     0.0361     1.1579     3.2250  2792.5000    73.3400     0.0009     0.3717     0.3717     0.3717     1.1294     0.3276
   -2.6933   -25.3112     0.6107   -15.6000     0.0346     1.2812     4.0360  2202.2500   113.9900     0.0007     0.2718     0.2718     0.2718     0.1986     0.1415
   -2.4306   -27.4859     0.6244  -567.7000     0.0322     1.0300     9.0480  1244.5000    58.5350     0.0012     0.6952     0.6952     0.6952     1.2098     0.1989
   -3.2078   -32.1983     0.7497  -573.0000     0.0323     1.1135     4.9600  2335.2500   183.8600     0.0009     0.5242     0.5242     0.5242     0.1965     0.1473
   -2.7892   -31.3986     0.5366  -751.6000     0.0480     1.0062     8.6410  2874.5000   108.3950     0.0007     0.5800     0.5800     0.5800     1.1969     0.3047
   -2.7815   -28.0887     0.8166  -949.8000     0.0491     1.3308     5.6370  1740.2500    67.1150     0.0008     0.4450     0.4450     0.4450     0.5511     0.1650
   -3.1209   -29.2547     0.8516  -676.2000     0.0483     1.0396     0.7080  1681.2500   171.3350     0.0012     0.4891     0.4891     0.4891     0.6501     0.1368
   -3.0902   -28.2790     0.8575   -10.7000     0.0551     1.0314     4.6050   920.2500   195.3200     0.0013     0.6819     0.6819     0.6819     0.2240     0.1081
   -2.4118   -26.4937     0.7991  -118.8000     0.0214     1.4488     7.7400  2854.2500   175.5200     0.0007     0.7094     0.7094     0.7094     0.7397     0.2241
   -2.5715   -32.3127     0.8871  -505.3000     0.0428     1.0579     7.1840  1996.7500    90.2300     0.0007     0.5642     0.5642     0.5642     0.9453     0.1933
   -2.0531   -29.7750     0.8622  -338.0000     0.0553     1.0278     5.2790  2948.5000   128.9900     0.0006     0.2756     0.2756     0.2756     0.4926     0.1680
   -3.1574   -34.7195     0.9924  -835.3000     0.0371     1.1588     4.3480   714.0000   194.0750     0.0010     0.5635     0.5635     0.5635     0.3166     0.1899
   -2.1555   -25.7182     0.7466  -951.8000     0.0496     1.0300     4.9060  2668.2500   146.5100     0.0014     0.2475     0.2475     0.2475     0.7556     0.1296
   -2.0447   -34.3444     0.8810  -624.0000     0.0551     1.2935     8.6300  2191.7500    80.9000     0.0005     0.6838     0.6838     0.6838     1.4000     0.1141
   -3.2320   -27.5948     0.7587  -347.6000     0.0360     1.2925     0.8560  2226.5000    64.7000     0.0005     0.3054     0.3054     0.3054     0.5568     0.3371
   -2.7245   -25.5004     0.7563  -866.2000     0.0301     1.3769     5.9890  2476.5000    67.5350     0.0011     0.5892     0.5892     0.5892     0.7992     0.3855
   -2.2598   -33.8087     0.6159  -900.6000     0.0527     1.0058     3.8400  1225.5000   178.6850     0.0010     0.7479     0.7479     0.7479     0.9998     0.1439
   -3.3406   -32.6944     0.6766  -535.7000     0.0219     1.1622     4.6870  1792.0000   100.7600     0.0013     0.2886     0.2886     0.2886     1.0647     0.1816
   -3.2579   -25.4927     0.9492  -433.3000     0.0574     1.1888     3.3640  2958.7500   179.2850     0.0008     0.3274     0.3274     0.3274     1.0292     0.3118
   -2.4291   -34.1563     0.8015  -366.2000     0.0237     1.1608     4.4290  2614.2500   127.3100     0.0011     0.3493     0.3493     0.3493     0.8239     0.3740
   -3.0688   -28.7938     0.8720  -641.4000     0.0534     1.4316     4.2350   860.5000   159.6950     0.0013     0.2776     0.2776     0.2776     0.7572     0.1450
   -2.9040   -28.3010     0.5026  -611.0000     0.0580     1.4587     6.9540  1514.5000   150.7400     0.0014     0.3006     0.3006     0.3006     1.1784     0.3586
   -3.3641   -28.1866     0.7171  -731.9000     0.0441     1.0189     1.0860  2672.5000   155.7350     0.0014     0.4960     0.4960     0.4960     1.4216     0.3034
   -2.6417   -25.2265     0.9043   -27.7000     0.0525     1.2291     1.5260  2235.5000   187.6250     0.0007     0.6357     0.6357     0.6357     0.7727     0.1100
   -2.2462   -30.5670     0.6786  -115.2000     0.0305     1.4535     3.4220  2975.5000   159.8300     0.0015     0.6533     0.6533     0.6533     0.9914     0.3431
   -2.6395   -28.5221     0.7868  -363.9000     0.0435     1.0868     3.4240  1656.5000    83.7500     0.0008     0.3503     0.3503     0.3503     0.3016     0.3716
   -3.3368   -25.2903     0.7148  -402.5000     0.0312     1.2369     2.1850   556.2500    77.4650     0.0008     0.7634     0.7634     0.7634     1.3209     0.3572
   -2.1376   -26.6444     0.9263  -305.7000     0.0263     1.2898     3.8090  2817.5000   153.4850     0.0008     0.5545     0.5545     0.5545     1.0752     0.3434
   -2.4543   -29.4604     0.9167  -116.9000     0.0245     1.0634     5.4440  1526.2500    65.6000     0.0009     0.2440     0.2440     0.2440     1.4867     0.1593
   -2.5187   -32.2390     0.8750  -337.3000     0.0395     1.2791     2.6450   992.2500    67.9400     0.0012     0.6466     0.6466     0.6466     0.2816     0.1109
   -3.0101   -26.0515     0.6608  -836.7000     0.0313     1.3957     8.8940  2644.5000   141.5750     0.0015     0.7432     0.7432     0.7432     0.7927     0.1274
   -2.8714   -25.1132     0.5175  -427.0000     0.0560     1.2178     2.8310  2602.5000    92.0450     0.0014     0.7365     0.7365     0.7365     0.1696     0.2771
   -2.8055   -29.6870     0.7642  -704.6000     0.0576     1.2934     5.3570  1473.2500    61.8800     0.0008     0.6437     0.6437     0.6437     1.1889     0.1920
   -3.2713   -26.4321     0.6031  -752.9000     0.0276     1.2139     7.5230  2297.7500    65.8100     0.0005     0.2531     0.2531     0.2531     0.9372     0.1319
   -3.1041   -26.1252     0.9528  -909.0000     0.0535     1.2500     0.7970  2441.7500   194.8250     0.0008     0.5298     0.5298     0.5298     0.8137     0.3631
   -3.2172   -34.0991     0.5049  -540.1000     0.0305     1.2171     6.5560  2624.5000   112.3100     0.0013     0.7185     0.7185     0.7185     0.1500     0.3477
   -2.2973   -31.7363     0.9146  -195.7000     0.0208     1.4041     7.5580  1524.0000   150.0950     0.0011     0.6441     0.6441     0.6441     0.3034     0.3381
   -3.3263   -29.5902     0.9731  -341.7000     0.0413     1.1667     3.8660  1524.7500   171.7850     0.0007     0.2162     0.2162     0.2162     1.4602     0.1279
   -2.5775   -34.3048     0.8560  -252.9000     0.0225     1.4877     5.2470  2151.2500   120.8900     0.0010     0.6925     0.6925     0.6925     0.7775     0.3990
   -2.3861   -25.5433     0.7971  -460.7000     0.0429     1.3775     6.3870  1179.0000   167.0750     0.0007     0.3256     0.3256     0.3256     1.3785     0.2306
   -3.3932   -24.7788     0.9602  -398.1000     0.0380     1.0423     4.0990  1647.0000   122.7800     0.0008     0.7674     0.7674     0.7674     0.7496     0.2865
   -2.1349   -28.4660     0.6008  -265.9000     0.0223     1.2194     7.7270  1043.0000   179.9150     0.0013     0.4372     0.4372     0.4372     0.6792     0.1005
   -3.1300   -30.2348     0.9747  -741.4000     0.0523     1.3289     5.2950  2242.5000    86.2250     0.0007     0.3969     0.3969     0.3969     0.8424     0.1182
   -2.0232   -32.7417     0.5309  -582.8000     0.0346     1.3066     3.2420  2638.0000    98.7350     0.0007     0.3817     0.3817     0.3817     1.0101     0.3607
   -2.3777   -28.6145     0.6272  -786.1000     0.0495     1.4062     2.8260  2441.0000   191.2400     0.0014     0.5142     0.5142     0.5142     0.4730     0.2118
   -2.3096   -29.6749     0.9192  -889.0000     0.0354     1.2060     3.8130  2861.5000   157.8200     0.0013     0.2370     0.2370     0.2370     0.6026     0.3316
   -2.7611   -26.2088     0.9788  -413.8000     0.0520     1.4345     2.1570  1170.2500   117.6650     0.0008     0.3291     0.3291     0.3291     1.0346     0.3352
   -3.2105   -31.0873     0.7930  -285.2000     0.0383     1.3367     4.8560  1074.0000    75.0200     0.0009     0.5258     0.5258     0.5258     0.4161     0.1594
   -3.1242   -28.6222     0.5527  -635.2000     0.0281     1.4410     4.5170  1208.7500   191.6600     0.0006     0.5147     0.5147     0.5147     1.2393     0.3023
   -2.8076   -25.7138     0.8663  -281.3000     0.0266     1.3565     1.6110   971.5000   144.5300     0.0014     0.7509     0.7509     0.7509     0.4671     0.1744
   -2.8739   -29.9818     0.8732  -237.3000     0.0562     1.1700     9.8180  2009.5000    64.1750     0.0013     0.5259     0.5259     0.5259     0.4809     0.1360
   -2.3571   -26.2253     0.9090  -820.8000     0.0286     1.2510     5.4280   632.2500    67.5950     0.0012     0.3042     0.3042     0.3042     0.6911     0.3246
   -2.0210   -32.4161     0.8613  -237.9000     0.0589     1.4717     3.3990  1453.5000   166.4150     0.0005     0.6685     0.6685     0.6685     1.2606     0.1248
   -3.3701   -25.8744     0.5414  -835.0000     0.0448     1.1640     2.8930  2726.7500   145.4000     0.0011     0.6210     0.6210     0.6210     0.8503     0.2976
   -2.9987   -29.3163     0.6811  -704.7000     0.0277     1.1104     0.1660   614.7500   103.2050     0.0012     0.6583     0.6583     0.6583     0.5817     0.3833
   -2.8622   -27.1185     0.7461  -291.7000     0.0457     1.1964     0.6270  2795.5000   117.0050     0.0011     0.7737     0.7737     0.7737     0.7983     0.1260
   -3.4291   -30.8574     0.8226  -203.5000     0.0459     1.0014     3.6910  2320.0000   147.2900     0.0009     0.3437     0.3437     0.3437     1.0611     0.2376
   -2.4383   -26.5036     0.8876  -687.3000     0.0374     1.4745     8.1710  2129.0000   123.9200     0.0010     0.6775     0.6775     0.6775     0.7761     0.1987
   -2.5136   -33.9264     0.6425  -838.4000     0.0392     1.3912     8.0060  1747.5000    52.1300     0.0013     0.4145     0.4145     0.4145     0.7954     0.2488
   -2.3739   -30.6770     0.7951   -32.1000     0.0379     1.2353     3.0470   785.0000    86.9900     0.0007     0.6688     0.6688     0.6688     0.2568     0.1137
   -2.4236   -32.5239     0.9092  -996.2000     0.0596     1.1818     3.7100  1677.2500   193.5800     0.0008     0.2056     0.2056     0.2056     0.5045     0.3183
   -3.1791   -33.8846     0.5974  -154.2000     0.0504     1.4883     7.4430  1763.0000   116.2250     0.0008     0.4955     0.4955     0.4955     0.6190     0.2850
   -2.6917   -26.2770     0.7625  -403.2000     0.0381     1.1133     6.3080   679.2500    80.1650     0.0012     0.7642     0.7642     0.7642     0.7339     0.2222
   -3.1415   -31.6626     0.9907  -464.9000     0.0420     1.0872     9.9280   724.2500   181.2350     0.0014     0.5007     0.5007     0.5007     0.3632     0.3431
   -3.2812   -31.9431     0.9125  -820.1000     0.0565     1.0151     0.9660  2667.0000   150.0950     0.0006     0.2127     0.2127     0.2127     0.2694     0.2210
   -2.1200   -29.9356     0.9556  -446.9000     0.0296     1.2843     8.7790  1090.2500   127.1150     0.0009     0.3331     0.3331     0.3331     1.0828     0.3885
   -3.2600   -25.8964     0.7554  -395.7000     0.0444     1.0836     3.0520  1872.2500   176.1650     0.0013     0.3128     0.3128     0.3128     1.4839     0.1461
   -2.2388   -28.9929     0.8505   -65.6000     0.0515     1.2662     8.3790  2684.5000    98.6900     0.0005     0.5347     0.5347     0.5347     0.5698     0.3298
   -2.4651   -25.8832     0.7775  -780.4000     0.0484     1.3451     5.5060  1890.2500   165.7850     0.0014     0.3465     0.3465     0.3465     0.3778     0.2489
   -2.6299   -30.8673     0.5141   -97.5000     0.0317     1.3878     4.2760  1445.5000   115.0400     0.0013     0.4298     0.4298     0.4298     1.2745     0.2116
   -2.0819   -25.4476     0.9313  -112.8000     0.0572     1.3249     0.1560  1303.0000   103.8950     0.0009     0.3971     0.3971     0.3971     1.3645     0.3078
   -3.2560   -27.6795     0.9544   -24.0000     0.0289     1.2221     4.4050  1643.2500   152.5700     0.0010     0.5056     0.5056     0.5056     0.8455     0.1202
   -3.1456   -32.1917     0.6986  -556.6000     0.0504     1.4703     5.1590  2213.0000   108.5150     0.0015     0.4821     0.4821     0.4821     0.5483     0.1139
   -3.2897   -34.4192     0.9275  -867.1000     0.0212     1.2527     3.3320  1967.5000   102.0050     0.0013     0.7025     0.7025     0.7025     0.5922     0.1849
   -2.7531   -32.1356     0.6949  -794.6000     0.0456     1.1270     3.0970   544.7500    63.9500     0.0010     0.7756     0.7756     0.7756     1.0485     0.1410
   -2.4509   -32.3039     0.5516  -833.4000     0.0431     1.2883     2.8850  2352.0000   167.0300     0.0008     0.7861     0.7861     0.7861     1.0087     0.1177
   -2.4724   -32.7153     0.5272  -285.6000     0.0287     1.2894     9.4470  1122.7500    92.4050     0.0008     0.6036     0.6036     0.6036     0.4787     0.3489
   -2.6620   -30.6968     0.5576  -113.3000     0.0265     1.0907     5.7800  2618.0000   131.1050     0.0014     0.5244     0.5244     0.5244     1.3127     0.3492
   -2.4125   -29.5605     0.5189  -906.1000     0.0515     1.0537     4.0530   527.0000    78.5600     0.0007     0.6301     0.6301     0.6301     0.1315     0.3232
   -3.3123   -24.1309     0.9401  -680.8000     0.0389     1.4339     6.9120  1191.0000    59.1200     0.0015     0.2472     0.2472     0.2472     1.4220     0.2916
   -2.0153   -27.3836     0.6381  -852.9000     0.0426     1.3521     4.3400  2201.0000   119.7650     0.0013     0.7703     0.7703     0.7703     1.0033     0.2108
   -2.2765   -30.5153     0.6065  -968.6000     0.0545     1.3767     4.4380  2147.5000   160.7000     0.0012     0.3364     0.3364     0.3364     1.3958     0.1982
   -2.9843   -31.0686     0.5817  -484.7000     0.0512     1.3860     8.3590  1255.5000   199.8050     0.0006     0.6360     0.6360     0.6360     1.1919     0.1709
   -2.1173   -26.5641     0.8554   -53.6000     0.0218     1.3849     3.5680  2507.2500    96.7100     0.0009     0.3135     0.3135     0.3135     1.0668     0.3982
   -2.1254   -32.7208     0.5736  -233.9000     0.0517     1.0474     6.0080  2174.7500   154.4000     0.0013     0.3577     0.3577     0.3577     0.2981     0.1446
   -2.3818   -30.9949     0.9548    -6.0000     0.0378     1.0608     0.8590  1164.7500   151.1600     0.0007     0.4522     0.4522     0.4522     0.2193     0.3731
   -2.9339   -24.3102     0.5466  -260.8000     0.0454     1.1905     5.1750  2640.2500    97.9100     0.0010     0.6007     0.6007     0.6007     0.5119     0.3667
   -3.2478   -27.1339     0.7713  -791.6000     0.0416     1.3313     1.7970  2819.5000    79.6400     0.0007     0.6031     0.6031     0.6031     0.2474     0.3443
   -2.8375   -27.4254     0.7480  -389.3000     0.0462     1.2711     5.6420  2652.5000    67.8200     0.0006     0.5712     0.5712     0.5712     0.3682     0.2585
   -2.2803   -33.0156     0.8010  -224.8000     0.0354     1.3047     3.9230  1586.0000   175.4000     0.0013     0.4343     0.4343     0.4343     0.3580     0.2459
   -3.0918   -32.6460     0.5477  -304.4000     0.0320     1.3180     8.6890  1117.0000    52.9700     0.0010     0.2864     0.2864     0.2864     0.5026     0.1122
   -2.5331   -30.3569     0.8397  -823.1000     0.0430     1.3939     6.3770  2655.0000   198.1100     0.0008     0.2724     0.2724     0.2724     0.7420     0.3741
   -2.4295   -29.4791     0.6713  -977.7000     0.0205     1.2252     2.5550  2718.2500   177.6500     0.0009     0.5482     0.5482     0.5482     0.2781     0.3477
   -2.1938   -34.3983     0.5535  -724.3000     0.0261     1.0409     1.2380   602.5000   162.5900     0.0008     0.5304     0.5304     0.5304     1.0971     0.2147
   -3.1785   -26.4838     0.9155  -398.4000     0.0562     1.4812     3.1680  1434.2500    52.6250     0.0005     0.4581     0.4581     0.4581     1.3436     0.3972
   -2.4881   -34.9274     0.8884  -314.8000     0.0466     1.3396     7.3300  2234.7500   128.7950     0.0012     0.3140     0.3140     0.3140     0.1424     0.3505
   -2.3432   -29.7629     0.8957  -195.6000     0.0594     1.0553     3.3970  2069.5000   104.7500     0.0009     0.4173     0.4173     0.4173     1.4376     0.1896
   -2.3780   -24.7898     0.5374  -427.1000     0.0596     1.1731     7.8380   689.0000   167.6750     0.0014     0.7912     0.7912     0.7912     0.4702     0.1628
   -3.4958   -31.8023     0.6598  -594.8000     0.0375     1.0638     8.2320  1687.2500    85.3100     0.0013     0.3306     0.3306     0.3306     0.5775     0.2741
   -3.3029   -30.1435     0.5217  -197.0000     0.0274     1.2770     1.8190  2713.2500    77.3450     0.0010     0.5851     0.5851     0.5851     1.0215     0.3472
   -2.7791   -34.9923     0.9593  -931.4000     0.0514     1.4754     3.7770  2800.5000    75.7550     0.0013     0.4681     0.4681     0.4681     0.7254     0.3583
   -3.3430   -29.4692     0.7794  -671.0000     0.0246     1.3242     5.5360   791.2500   163.0400     0.0013     0.4643     0.4643     0.4643     0.6527     0.2993
   -2.0117   -31.4481     0.5066  -755.9000     0.0431     1.4326     3.0010  2239.2500    98.4200     0.0008     0.3402     0.3402     0.3402     0.7362     0.1365
   -3.3401   -25.1671     0.9508  -657.9000     0.0328     1.2684     3.5180  2601.0000    70.7000     0.0009     0.6096     0.6096     0.6096     1.4465     0.1188
   -3.3163   -26.7445     0.9857  -421.9000     0.0399     1.2593     7.6780  1411.2500   104.6600     0.0010     0.4722     0.4722     0.4722     0.6979     0.2162
   -2.0861   -33.3159     0.5880  -616.3000     0.0482     1.4724     2.1420  2748.5000   147.3350     0.0010     0.6096     0.6096     0.6096     1.0955     0.3635
   -2.5596   -29.0699     0.8578  -816.0000     0.0443     1.2268     1.4490  1877.5000   149.7500     0.0007     0.3727     0.3727     0.3727     1.0699     0.2406
   -2.8709   -34.9604     0.9943  -388.3000     0.0227     1.1747     9.6990  2344.7500   172.7750     0.0007     0.2250     0.2250     0.2250     0.1280     0.1554
   -2.6255   -32.2236     0.7045  -800.9000     0.0438     1.4391     8.6730   783.7500   173.3600     0.0013     0.2023     0.2023     0.2023     1.0192     0.2151
   -2.7058   -28.9544     0.8915  -717.5000     0.0218     1.1481     5.5540  1134.2500    79.9400     0.0014     0.3074     0.3074     0.3074     0.7332     0.2771
   -2.0078   -34.2839     0.6442  -396.2000     0.0229     1.0134     2.3330   659.5000    79.0100     0.0012     0.2982     0.2982     0.2982     0.4262     0.1971
   -2.6856   -32.6658     0.6472  -592.0000     0.0400     1.1313     0.2190   698.2500   163.7300     0.0013     0.4917     0.4917     0.4917     1.2943     0.1091
   -2.1974   -32.2962     0.6561  -469.3000     0.0560     1.2513     3.5530  2352.7500   158.8250     0.0013     0.4799     0.4799     0.4799     0.3941     0.1683
   -2.9258   -33.1399     0.7763  -140.3000     0.0502     1.0431     0.5540  2206.2500    85.5050     0.0015     0.6103     0.6103     0.6103     1.1479     0.1272
   -3.3045   -28.6046     0.9879  -126.2000     0.0436     1.4056     3.5130  1070.0000   148.6700     0.0008     0.4150     0.4150     0.4150     0.9749     0.1977
   -2.6228   -25.5125     0.6231    -3.9000     0.0283     1.4603     3.2510  1903.7500   135.7700     0.0009     0.6257     0.6257     0.6257     0.2217     0.3930
   -2.5445   -34.0265     0.9102  -100.0000     0.0567     1.2382     1.3470  2266.5000    80.4200     0.0013     0.7405     0.7405     0.7405     0.9775     0.3645
   -2.5565   -29.2096     0.8988  -633.5000     0.0526     1.2796     6.9270   594.0000   156.7850     0.0005     0.5834     0.5834     0.5834     0.3363     0.2168
   -2.0405   -34.2190     0.5870  -156.1000     0.0385     1.4671     0.1140  1061.7500   161.9450     0.0008     0.5905     0.5905     0.5905     1.4780     0.2641
   -3.3197   -24.2882     0.7287   -82.9000     0.0453     1.1758     8.2910  1461.5000   138.0050     0.0008     0.3948     0.3948     0.3948     0.5806     0.1489
   -3.4506   -28.9808     0.8462  -264.8000     0.0540     1.3174     5.0310  1949.0000   187.1750     0.0012     0.2683     0.2683     0.2683     0.9757     0.2374
   -2.2262   -28.7289     0.7416  -591.5000     0.0320     1.2739     9.5560   538.7500   131.6750     0.0006     0.4317     0.4317     0.4317     0.4279     0.2448
   -3.4082   -32.8638     0.7152    -5.1000     0.0221     1.1044     0.6630  2950.5000   180.0050     0.0008     0.6858     0.6858     0.6858     1.4593     0.3552
   -3.4190   -29.2877     0.6500  -705.2000     0.0214     1.2370     9.4640  2451.5000   153.6050     0.0013     0.3880     0.3880     0.3880     0.4361     0.3772
   -2.3245   -29.8399     0.8673  -896.8000     0.0394     1.3554     2.9300  2131.7500   197.4800     0.0013     0.3624     0.3624     0.3624     0.9222     0.2077
   -2.1027   -24.0110     0.8083  -294.4000     0.0298     1.1687     8.2470  2343.5000   193.7750     0.0006     0.6776     0.6776     0.6776     0.3587     0.1067
   -2.1212   -31.1610     0.8614  -138.9000     0.0417     1.0918     3.6790   914.7500   178.5050     0.0010     0.2614     0.2614     0.2614     1.0309     0.2697
   -2.2546   -25.9437     0.9674  -421.6000     0.0296     1.4423     1.6550  2289.5000   189.1850     0.0013     0.7561     0.7561     0.7561     0.8507     0.3418
   -2.1749   -26.1131     0.5808   -27.2000     0.0202     1.0824     3.9470   846.0000   158.5850     0.0007     0.3391     0.3391     0.3391     1.1902     0.1803
   -2.8040   -27.0008     0.8606  -325.1000     0.0530     1.4804     3.5400  2050.2500   136.5800     0.0007     0.7035     0.7035     0.7035     0.4038     0.2651
   -2.1906   -27.7730     0.9752  -918.0000     0.0364     1.2408     1.0040  2832.7500   107.3750     0.0007     0.2277     0.2277     0.2277     1.0629     0.2339
   -3.3855   -32.5448     0.8184  -999.6000     0.0318     1.2428     9.3270   521.7500    82.7150     0.0010     0.7629     0.7629     0.7629     0.7371     0.1176
   -2.3762   -31.2864     0.7924  -541.4000     0.0456     1.3123     5.4130   642.5000   180.5150     0.0011     0.3274     0.3274     0.3274     0.3575     0.1574
   -3.3593   -30.6385     0.9883  -941.4000     0.0231     1.1018     0.2730   985.2500   123.9650     0.0010     0.6516     0.6516     0.6516     1.1224     0.2205
   -2.5658   -27.7510     0.7828  -352.0000     0.0413     1.0179     7.5480  2921.5000    50.4650     0.0006     0.4053     0.4053     0.4053     0.6005     0.1830
   -2.4842   -32.7714     0.6614  -292.2000     0.0310     1.2325     4.2230  1325.2500    93.0650     0.0014     0.2409     0.2409     0.2409     0.3023     0.2700
   -2.8908   -31.6890     0.6027  -467.7000     0.0418     1.4071     2.8070  2785.5000    61.0700     0.0010     0.3706     0.3706     0.3706     0.1745     0.3147
   -2.9436   -28.5947     0.8526  -220.8000     0.0513     1.0682     2.9140  1991.5000    65.0300     0.0006     0.3454     0.3454     0.3454     0.8707     0.1403
   -2.4374   -34.0320     0.7737  -994.8000     0.0534     1.4940     4.8920  2468.0000   158.6600     0.0014     0.4676     0.4676     0.4676     0.6769     0.1597
   -3.3537   -28.4429     0.7243  -389.6000     0.0350     1.1065     9.2030  2137.2500   140.5700     0.0007     0.2667     0.2667     0.2667     1.3027     0.3603
   -2.8563   -34.9549     0.9813  -146.5000     0.0485     1.2193     2.6820  2710.5000   103.5500     0.0011     0.6026     0.6026     0.6026     0.1123     0.3509
   -3.3182   -27.6828     0.5095   -62.2000     0.0475     1.2277     0.0850  1682.7500    93.5000     0.0011     0.2941     0.2941     0.2941     1.1066     0.3827
   -2.5238   -29.1755     0.7861  -494.0000     0.0438     1.2862     0.8720  2181.2500    69.3200     0.0008     0.5612     0.5612     0.5612     0.2834     0.1332
   -2.2232   -31.7550     0.7619  -526.6000     0.0515     1.1193     7.1990   675.2500   125.3450     0.0012     0.6141     0.6141     0.6141     1.2417     0.1190
   -2.7983   -31.4756     0.8678  -547.0000     0.0264     1.3101     5.8740  1960.5000   170.6150     0.0014     0.4402     0.4402     0.4402     0.3726     0.2787
   -3.0660   -28.1162     0.9632  -931.1000     0.0202     1.1057     0.9060  1680.2500   163.1150     0.0013     0.5724     0.5724     0.5724     1.4671     0.1998
   -2.8137   -27.9413     0.8078  -626.6000     0.0557     1.2166     0.9380  1067.0000   193.1600     0.0013     0.7624     0.7624     0.7624     1.0073     0.3649
   -3.1029   -31.1401     0.7183  -209.0000     0.0292     1.2729     7.7320   797.0000   143.6150     0.0015     0.4735     0.4735     0.4735     0.7847     0.1765
   -2.8617   -25.5389     0.7013  -684.4000     0.0531     1.1563     7.6680  1579.7500   131.2700     0.0015     0.3814     0.3814     0.3814     1.0268     0.3208
   -2.5267   -28.4363     0.8488  -894.2000     0.0365     1.3780     0.4240  2384.7500   179.9600     0.0010     0.5152     0.5152     0.5152     0.7623     0.3597
   -2.9547   -31.4514     0.7571  -453.3000     0.0524     1.2002     7.3570  1324.5000   193.2050     0.0006     0.3688     0.3688     0.3688     1.3907     0.2570
   -2.5196   -26.6169     0.5115   -86.0000     0.0300     1.2355     1.0500   801.0000    58.7300     0.0012     0.6232     0.6232     0.6232     0.7170     0.1471
   -3.3755   -24.9768     0.7969  -991.6000     0.0592     1.0961     0.3570  1368.0000    53.0150     0.0015     0.2442     0.2442     0.2442     0.9366     0.2826
   -2.0474   -29.8894     0.5420  -615.7000     0.0220     1.4529     5.9190  1585.0000    89.6900     0.0009     0.5911     0.5911     0.5911     0.1955     0.1012
   -3.2421   -28.8994     0.9124  -571.2000     0.0417     1.2605     9.9200   912.2500   107.0750     0.0007     0.6151     0.6151     0.6151     0.2893     0.3411
   -2.0770   -34.4214     0.8991  -114.0000     0.0336     1.1152     7.5990  1885.2500    79.6550     0.0007     0.4519     0.4519     0.4519     0.6067     0.3241
   -3.4855   -30.1886     0.9419  -697.2000     0.0258     1.4865     4.8430   634.2500   169.5500     0.0015     0.7133     0.7133     0.7133     0.4854     0.2406
   -2.7712   -26.8336     0.8418  -517.1000     0.0222     1.0749     6.5200  2627.5000   172.8950     0.0008     0.7304     0.7304     0.7304     0.2198     0.3554
   -3.3841   -27.6949     0.8984  -955.5000     0.0453     1.2155     1.8530  2952.7500   187.3100     0.0008     0.7814     0.7814     0.7814     1.1462     0.3569
   -2.2238   -24.3982     0.9856  -470.9000     0.0497     1.1191     5.5890   996.5000   141.3350     0.0009     0.6218     0.6218     0.6218     0.8213     0.2606
   -2.4917   -30.9993     0.7572  -618.9000     0.0564     1.1386     2.9260  1253.0000   141.6200     0.0014     0.5909     0.5909     0.5909     0.8773     0.1869
   -3.4220   -27.8401     0.7137  -686.7000     0.0541     1.2475     2.6610  2682.0000   154.7450     0.0014     0.7161     0.7161     0.7161     0.3521     0.1238
   -2.8187   -24.9592     0.7408  -238.2000     0.0538     1.3115     6.1120  1011.7500   170.2400     0.0010     0.4383     0.4383     0.4383     1.2166     0.1225
   -2.8013   -34.9648     0.6295  -887.8000     0.0423     1.4287     2.7890  1980.2500   119.5250     0.0015     0.4899     0.4899     0.4899     1.1319     0.3836
   -2.0948   -33.4127     0.5763  -553.3000     0.0518     1.4639     6.4780   550.0000   171.8150     0.0007     0.5885     0.5885     0.5885     0.8833     0.2960
   -2.0180   -24.8877     0.6707  -696.7000     0.0410     1.2929     3.4990  1151.7500   129.7100     0.0011     0.5359     0.5359     0.5359     0.2936     0.1388
   -2.2043   -28.1052     0.7576  -965.1000     0.0308     1.2425     1.0670  2399.7500   177.9950     0.0006     0.4216     0.4216     0.4216     0.9694     0.2588
   -2.8357   -27.8555     0.6855  -384.9000     0.0580     1.2043     0.6870   890.0000    60.4250     0.0010     0.3011     0.3011     0.3011     0.8343     0.2574
   -2.0120   -27.0624     0.7742  -249.0000     0.0521     1.2041     1.9990  1492.5000   153.7550     0.0006     0.5797     0.5797     0.5797     1.2896     0.3728
   -2.7357   -32.7901     0.7343  -224.1000     0.0566     1.1828     3.6310  2440.7500    67.0700     0.0012     0.6546     0.6546     0.6546     1.0800     0.1905
   -3.4232   -30.2854     0.6573  -186.6000     0.0491     1.1739     8.9830  2691.5000   140.2700     0.0015     0.7528     0.7528     0.7528     1.2313     0.3365
   -2.1878   -31.3997     0.7036  -171.4000     0.0231     1.0509     6.0960  2060.0000   105.1850     0.0014     0.3290     0.3290     0.3290     1.2931     0.1113
   -3.0401   -29.4769     0.8171  -699.5000     0.0427     1.3683     3.7340  2556.0000    69.6650     0.0007     0.4001     0.4001     0.4001     1.3887     0.2165
   -3.2439   -31.8881     0.8127  -418.8000     0.0474     1.0444     6.5850  2822.5000   122.5550     0.0013     0.5320     0.5320     0.5320     0.4564     0.3273
   -2.2877   -30.8277     0.9842   -37.6000     0.0452     1.4187     4.6690   776.0000   158.1200     0.0009     0.3038     0.3038     0.3038     0.6124     0.2047
   -3.0603   -33.2136     0.5904  -125.6000     0.0424     1.4269     2.1690   657.7500    76.5650     0.0014     0.7236     0.7236     0.7236     0.2316     0.3667
   -2.3060   -30.0049     0.9337   -25.1000     0.0208     1.0417     2.6940  2013.2500    64.5800     0.0012     0.2227     0.2227     0.2227     1.1476     0.2723
   -3.2126   -30.0412     0.9400   -61.2000     0.0327     1.1032     4.3150  2615.7500   183.5000     0.0012     0.3626     0.3626     0.3626     1.3103     0.1753
   -3.2433   -34.3752     0.6683  -759.9000     0.0524     1.1007     3.9420  2896.7500   166.6100     0.0013     0.6303     0.6303     0.6303     1.0792     0.3416
   -3.4679   -30.2040     0.6630  -564.3000     0.0400     1.2792     3.2000  2689.7500   104.5700     0.0007     0.5732     0.5732     0.5732     1.0814     0.1888
   -2.6843   -30.7045     0.6057  -823.8000     0.0252     1.4085     3.0430  1321.2500   134.6150     0.0006     0.5130     0.5130     0.5130     0.9812     0.3083
   -2.6604   -31.0741     0.7929  -726.4000     0.0363     1.0206     5.7570  2261.5000    61.1600     0.0006     0.6187     0.6187     0.6187     1.1986     0.2093
   -3.2574   -32.3567     0.5192  -979.8000     0.0554     1.1821     3.8220   621.5000   199.0700     0.0012     0.2685     0.2685     0.2685     1.1010     0.3456
   -3.3761   -32.1774     0.7882   -80.1000     0.0288     1.0690     5.3700   638.0000   141.9800     0.0015     0.6770     0.6770     0.6770     0.9638     0.3310
   -2.9535   -27.3341     0.8348  -257.1000     0.0426     1.1444     8.8870  2188.5000   164.8700     0.0006     0.6528     0.6528     0.6528     0.7917     0.2812
   -3.2216   -31.6890     0.9734  -958.5000     0.0331     1.4896     7.9210  2654.5000   177.2150     0.0009     0.6945     0.6945     0.6945     1.0530     0.3726
   -3.3905   -25.4135     0.6814  -472.5000     0.0566     1.4682     9.1370  2774.0000    64.0400     0.0010     0.4095     0.4095     0.4095     0.4017     0.2280
   -3.0183   -26.7126     0.7870  -913.3000     0.0595     1.4034     5.9470  1550.5000   180.6500     0.0009     0.5220     0.5220     0.5220     0.1178     0.2193
   -2.2703   -27.9006     0.9490  -743.9000     0.0552     1.0575     0.1930  2073.2500   101.5700     0.0014     0.4054     0.4054     0.4054     0.6642     0.1447
   -3.4202   -33.2312     0.9785  -605.5000     0.0207     1.0503     9.3500  1497.2500    97.1600     0.0009     0.6726     0.6726     0.6726     0.8736     0.1381
   -2.5865   -25.7644     0.8763  -779.6000     0.0446     1.1276     8.0570  2865.7500    55.5350     0.0011     0.6265     0.6265     0.6265     0.9781     0.1690
   -2.8317   -24.5258     0.7049  -660.0000     0.0370     1.0138     5.2590   680.5000   128.3450     0.0013     0.4294     0.4294     0.4294     0.9593     0.2829
   -2.6635   -25.2023     0.5666   -95.0000     0.0410     1.4996     8.9270   994.7500    60.9050     0.0012     0.7774     0.7774     0.7774     1.4353     0.1048
   -2.9729   -33.7240     0.7424  -621.7000     0.0267     1.3927     1.2040   910.5000   150.8300     0.0012     0.6173     0.6173     0.6173     0.8935     0.3933
   -2.5796   -33.3324     0.5276  -959.7000     0.0380     1.1198     2.3000  2247.7500   121.3400     0.0014     0.3537     0.3537     0.3537     0.1892     0.2738
   -3.3687   -29.4043     0.6134  -266.4000     0.0492     1.3715     2.4650  1144.7500    72.4100     0.0009     0.3146     0.3146     0.3146     0.5106     0.1763
   -3.0564   -32.9045     0.7939  -670.8000     0.0240     1.1136     1.5720  1177.2500    80.9300     0.0012     0.4633     0.4633     0.4633     1.1206     0.3126
   -2.3790   -34.2553     0.9998  -202.7000     0.0290     1.4161     3.9900  1008.2500   178.2200     0.0007     0.4807     0.4807     0.4807     0.8378     0.2306
   -2.9062   -31.9772     0.9803  -606.5000     0.0220     1.0406     5.2620  1927.7500   137.4200     0.0013     0.6876     0.6876     0.6876     0.9135     0.2662
   -2.4944   -27.9028     0.8963  -661.3000     0.0212     1.1633     4.8760  1844.0000   125.2100     0.0007     0.4069     0.4069     0.4069     0.1755     0.2199
   -2.0141   -28.1888     0.6627  -908.8000     0.0231     1.3902     8.9690  1970.0000   176.3750     0.0014     0.4482     0.4482     0.4482     0.8200     0.2022
   -2.3039   -25.0307     0.5950  -143.0000     0.0224     1.3846     6.0860  2799.0000   188.6600     0.0010     0.5111     0.5111     0.5111     1.1070     0.3794
   -3.1441   -25.4256     0.5954  -554.3000     0.0220     1.3973     0.4860   899.0000   114.8450     0.0013     0.3531     0.3531     0.3531     1.1172     0.2447
   -3.0393   -31.8782     0.8817    -9.9000     0.0362     1.0952     3.8560  2217.7500    81.9500     0.0015     0.4832     0.4832     0.4832     1.1039     0.2695
   -2.6930   -24.8668     0.9941  -495.8000     0.0468     1.2742     2.3700  1988.0000   123.5900     0.0013     0.2815     0.2815     0.2815     0.6816     0.2978
   -2.5283   -31.5702     0.5410  -705.5000     0.0311     1.2280     4.2870  1802.2500   190.1900     0.0014     0.5072     0.5072     0.5072     0.1343     0.3773
   -3.3425   -28.5584     0.8256  -970.4000     0.0221     1.2806     2.7280   517.7500    73.4750     0.0014     0.2802     0.2802     0.2802     1.1483     0.1649
   -3.4769   -26.1615     0.9342  -346.9000     0.0203     1.0785     7.9990  2495.2500   109.8950     0.0014     0.7275     0.7275     0.7275     0.7591     0.1340
   -2.0750   -31.5097     0.7799  -976.5000     0.0488     1.3259     5.0450   617.0000   160.6250     0.0006     0.6372     0.6372     0.6372     0.2499     0.3287
   -2.9360   -25.8304     0.8021  -847.4000     0.0421     1.1318     7.8440  2454.0000   161.4950     0.0011     0.3715     0.3715     0.3715     0.1066     0.1163
   -3.1970   -26.7247     0.9334  -275.1000     0.0545     1.1177     1.3740  1443.7500   105.7550     0.0007     0.6993     0.6993     0.6993     0.4459     0.3189
   -2.6938   -32.2896     0.9496   -81.4000     0.0236     1.3400     8.4850  2578.2500   136.0550     0.0007     0.7975     0.7975     0.7975     0.3723     0.2287
   -3.0704   -28.9676     0.9974  -875.9000     0.0513     1.3263     8.6000   554.7500    77.1200     0.0012     0.4152     0.4152     0.4152     1.1242     0.3132
   -2.8628   -33.1113     0.7652  -399.5000     0.0214     1.0518     6.4650   661.0000    96.3350     0.0009     0.4893     0.4893     0.4893     0.6972     0.3759
   -2.8589   -34.7943     0.5522  -964.2000     0.0239     1.0252     8.7430  1939.2500   158.7950     0.0012     0.6738     0.6738     0.6738     1.4350     0.2481
   -2.0390   -31.8617     0.5355  -521.6000     0.0331     1.1922     4.4620   790.2500   112.9250     0.0005     0.2179     0.2179     0.2179     0.7077     0.3242
   -2.4228   -32.2346     0.6626  -662.7000     0.0201     1.2128     3.8290  1374.0000    63.8750     0.0014     0.7520     0.7520     0.7520     0.2371     0.3523
   -2.0421   -26.7049     0.5657  -397.3000     0.0453     1.4756     4.3200  1639.5000    93.9650     0.0011     0.6643     0.6643     0.6643     1.1492     0.2974
   -3.2403   -28.5683     0.6404  -272.0000     0.0398     1.3312     2.6090  1583.0000   175.7300     0.0006     0.3236     0.3236     0.3236     0.7646     0.3680
   -3.1106   -31.6175     0.8368  -790.7000     0.0564     1.1375     4.5530  1501.7500   169.0400     0.0007     0.4658     0.4658     0.4658     1.3110     0.1658
   -3.4491   -30.8882     0.8819  -879.4000     0.0510     1.1205     5.6560  2882.5000   117.8150     0.0009     0.5881     0.5881     0.5881     0.1851     0.3366
   -2.5383   -26.2649     0.9753  -565.5000     0.0511     1.0644     0.9870  1675.7500    72.2150     0.0010     0.6602     0.6602     0.6602     0.8545     0.2895
   -3.3239   -26.3705     0.6369  -797.2000     0.0367     1.3380     8.8570   582.0000   132.4700     0.0013     0.2820     0.2820     0.2820     0.3801     0.1238
   -2.3941   -29.9653     0.8134  -917.1000     0.0372     1.2667     9.3530   569.7500   145.9850     0.0008     0.2312     0.2312     0.2312     1.4874     0.3191
   -2.9116   -29.7200     0.7768  -656.9000     0.0339     1.2677     9.2560  2551.2500   141.2150     0.0012     0.6020     0.6020     0.6020     0.5396     0.1719
   -2.7037   -34.8262     0.5788  -223.9000     0.0277     1.3794     8.5250  2564.0000   116.8550     0.0009     0.7458     0.7458     0.7458     0.9429     0.2067
   -2.9205   -25.6533     0.5182  -989.5000     0.0223     1.3009     8.4510  2100.0000   191.8250     0.0014     0.3178     0.3178     0.3178     0.2907     0.3218
   -2.0249   -26.9073     0.8715   -34.3000     0.0262     1.1641     6.0930  1291.7500    57.5450     0.0008     0.4889     0.4889     0.4889     0.6643     0.1798
   -3.2050   -33.2752     0.6669  -114.1000     0.0507     1.0232     3.0610   927.2500   131.8400     0.0011     0.5520     0.5520     0.5520     1.2193     0.2965
   -2.0406   -32.3072     0.9285  -858.5000     0.0434     1.1460     1.0300  2007.7500   161.3450     0.0009     0.4717     0.4717     0.4717     1.3352     0.1952
   -2.3041   -32.0905     0.9204  -234.0000     0.0312     1.3515     5.3760  2584.5000   165.7400     0.0012     0.3282     0.3282     0.3282     1.2704     0.3287
   -2.0436   -29.6342     0.7056  -772.8000     0.0484     1.3074     9.6670  2342.0000   123.5000     0.0012     0.6948     0.6948     0.6948     0.5032     0.2658
   -2.2604   -32.8099     0.9222  -254.3000     0.0511     1.3820     9.3730  1181.7500   184.3550     0.0005     0.6960     0.6960     0.6960     0.7895     0.2637
   -2.4874   -32.8924     0.8753  -753.4000     0.0571     1.4260     9.7170  2426.0000    57.0200     0.0012     0.3018     0.3018     0.3018     0.3429     0.3637
   -2.6441   -26.1835     0.9762  -324.2000     0.0464     1.1930     8.6030   575.5000    76.2050     0.0013     0.6740     0.6740     0.6740     0.8854     0.3223
   -2.5530   -28.1514     0.9889  -173.0000     0.0584     1.1774     1.4780  2543.7500   185.5250     0.0009     0.2923     0.2923     0.2923     1.2726     0.1271
   -2.2982   -30.4856     0.9072  -625.9000     0.0241     1.0037     7.1670   619.5000   158.5100     0.0009     0.6117     0.6117     0.6117     0.2408     0.3144
   -2.3441   -34.7833     0.5524  -269.7000     0.0443     1.0794     9.9510  2291.5000   177.8150     0.0011     0.5698     0.5698     0.5698     1.4276     0.1602
   -2.9493   -26.4002     0.6696  -772.1000     0.0387     1.3990     8.1790  1322.0000   155.3300     0.0009     0.6249     0.6249     0.6249     0.7103     0.1804
   -3.3483   -32.6823     0.5314  -993.4000     0.0496     1.3477     0.0650  1956.0000   153.8750     0.0015     0.4446     0.4446     0.4446     1.3380     0.1135
   -3.1127   -29.2184     0.6237  -864.1000     0.0213     1.2269     2.5080  2039.7500   148.6250     0.0007     0.7283     0.7283     0.7283     1.2642     0.1912
   -2.4436   -25.5037     0.7452  -859.2000     0.0270     1.0633     0.8060  1679.7500    54.6500     0.0010     0.3123     0.3123     0.3123     1.2353     0.2083
   -2.1229   -24.8789     0.8744  -505.8000     0.0519     1.3504     9.9550  2910.0000   116.9000     0.0013     0.7918     0.7918     0.7918     0.4193     0.3433
   -3.3918   -31.8463     0.9542  -555.3000     0.0349     1.3072     0.4040  1259.2500    76.4000     0.0005     0.5362     0.5362     0.5362     0.8183     0.1975
   -2.8965   -32.4711     0.5157  -839.2000     0.0352     1.2850     8.0400  1340.5000   181.7150     0.0008     0.5418     0.5418     0.5418     0.3962     0.1038
   -2.1099   -24.4961     0.6768    -9.4000     0.0528     1.2075     4.0270  1793.0000   195.2450     0.0005     0.3183     0.3183     0.3183     1.0946     0.3393
   -2.9806   -28.8653     0.9779  -124.7000     0.0562     1.0623     0.8030  1219.7500   190.8050     0.0009     0.4575     0.4575     0.4575     0.4156     0.2936
   -2.7086   -33.8087     0.8233  -614.7000     0.0550     1.4141     0.9090  2815.5000   126.1400     0.0010     0.7323     0.7323     0.7323     1.2950     0.2888
   -2.0543   -30.8486     0.5359  -688.6000     0.0257     1.4977     6.2570  2621.2500   142.5800     0.0015     0.6973     0.6973     0.6973     0.1472     0.1885
   -2.1683   -25.0395     0.8019  -459.8000     0.0424     1.3752     9.0140  1529.2500    67.9550     0.0010     0.2491     0.2491     0.2491     0.7348     0.3336
   -2.1575   -27.9160     0.6472  -871.2000     0.0434     1.1266     8.5170  2062.2500   196.7600     0.0006     0.5600     0.5600     0.5600     0.7866     0.2357
   -3.0868   -27.1383     0.9002  -436.7000     0.0347     1.3380     5.9040  2194.0000    69.5300     0.0006     0.2191     0.2191     0.2191     0.9827     0.2100
   -3.3489   -27.0173     0.6032  -533.0000     0.0388     1.4860     0.4870   855.0000    67.7450     0.0012     0.2047     0.2047     0.2047     0.8659     0.3088
   -3.1670   -26.3606     0.6035  -840.8000     0.0490     1.4619     5.2140  1188.2500    72.2600     0.0006     0.5812     0.5812     0.5812     0.4739     0.2587
   -2.9958   -34.2883     0.5412  -234.3000     0.0473     1.2630     9.5140  2362.5000   150.1850     0.0013     0.7933     0.7933     0.7933     0.4619     0.2261
   -2.0059   -29.6298     0.6355  -364.1000     0.0379     1.3805     3.8180  2131.7500    81.5150     0.0007     0.2341     0.2341     0.2341     1.0296     0.1437
   -2.2769   -34.6799     0.5322  -393.8000     0.0458     1.1585     6.1660  2840.7500   113.0750     0.0009     0.2238     0.2238     0.2238     0.3346     0.1605
   -2.4640   -24.0506     0.7298  -380.4000     0.0431     1.0659     0.7960  2269.5000   164.5850     0.0012     0.2740     0.2740     0.2740     0.1750     0.3020
   -2.2530   -28.9786     0.8709  -298.7000     0.0566     1.1285     3.3100  2506.5000    62.7500     0.0008     0.7389     0.7389     0.7389     0.5845     0.3567
   -2.0885   -25.2144     0.9238  -560.0000     0.0389     1.1913     8.0980  2836.5000   161.8850     0.0008     0.3630     0.3630     0.3630     1.3817     0.2909
   -3.0542   -26.6554     0.8142  -617.4000     0.0353     1.3560     4.7060  2794.2500   173.4350     0.0014     0.4305     0.4305     0.4305     1.1718     0.1705
   -2.9682   -25.7325     0.7949   -18.5000     0.0522     1.3729     8.2240  1095.5000    69.8900     0.0013     0.5662     0.5662     0.5662     0.6739     0.3509
   -3.3290   -29.2723     0.6382  -501.3000     0.0319     1.4601     6.3630  2980.0000    89.4950     0.0007     0.4725     0.4725     0.4725     0.2270     0.1921
   -3.4103   -25.9261     0.6942  -786.0000     0.0491     1.0192     8.7740  2428.7500   158.1500     0.0012     0.2335     0.2335     0.2335     1.1405     0.2926
   -2.6346   -25.3222     0.9182  -746.8000     0.0569     1.0496     1.4520  2491.0000   172.4600     0.0014     0.6641     0.6641     0.6641     0.3465     0.1880
   -3.2864   -31.4074     0.7374  -299.2000     0.0382     1.1183     0.0000  2999.7500   178.4150     0.0010     0.4060     0.4060     0.4060     0.8720     0.1477
   -3.1425   -31.7286     0.9713  -775.1000     0.0489     1.2383     2.5500  2003.5000   134.3000     0.0012     0.7548     0.7548     0.7548     0.3082     0.3406
   -2.9429   -29.1689     0.7739  -368.9000     0.0420     1.2047     2.9540  2865.7500   169.5650     0.0012     0.3868     0.3868     0.3868     0.8223     0.1235
   -2.9362   -29.4703     0.9979  -152.2000     0.0598     1.0367     1.8710  1273.7500   104.1050     0.0013     0.6832     0.6832     0.6832     1.4030     0.3222
   -3.4638   -29.0292     0.6909  -355.6000     0.0211     1.4120     9.8510  1749.0000   136.4600     0.0008     0.4665     0.4665     0.4665     0.2554     0.1827
   -2.4671   -25.7303     0.5856  -262.2000     0.0593     1.3490     0.2730  1657.0000   140.9300     0.0005     0.7139     0.7139     0.7139     1.1163     0.3684
   -3.0029   -34.1090     0.9575  -260.2000     0.0262     1.2650     1.0920   625.5000   129.7850     0.0015     0.2011     0.2011     0.2011     0.4573     0.2775
   -3.1463   -24.4840     0.9439   -78.8000     0.0227     1.0106     7.8980  2486.2500   181.6550     0.0010     0.2806     0.2806     0.2806     1.2458     0.2930
   -3.1516   -30.3668     0.9535     0.0000     0.0510     1.2144     7.3090  2460.0000   128.6600     0.0011     0.7719     0.7719     0.7719     1.1331     0.2848
   -2.1597   -24.0165     0.9672  -744.2000     0.0366     1.0153     3.8070  2966.5000   155.4650     0.0010     0.5230     0.5230     0.5230     1.4166     0.2080
   -2.9765   -34.2355     0.7239  -594.4000     0.0438     1.2917     7.8820  2326.5000   103.6100     0.0007     0.7168     0.7168     0.7168     0.8297     0.2247
   -3.3847   -32.0146     0.8711  -545.9000     0.0548     1.3929     3.0930  2599.5000    70.4900     0.0009     0.2853     0.2853     0.2853     1.2690     0.2732
   -2.0673   -28.7003     0.6363  -680.5000     0.0470     1.4835     8.4750  1001.0000   129.8600     0.0012     0.2772     0.2772     0.2772     0.4287     0.3707
   -2.6669   -30.4438     0.6153  -632.5000     0.0430     1.2173     2.7410   943.7500    86.6300     0.0008     0.6317     0.6317     0.6317     0.1822     0.2153
   -2.2883   -26.9348     0.9719   -61.4000     0.0481     1.2593     1.2970  2067.5000   190.2200     0.0013     0.7698     0.7698     0.7698     1.1053     0.3572
   -3.4361   -24.3267     0.6966  -160.1000     0.0547     1.3209     8.3320  2032.0000   166.5650     0.0014     0.7989     0.7989     0.7989     0.8420     0.1027
   -3.4581   -33.7515     0.6960  -938.9000     0.0251     1.1703     1.2150   727.2500   185.3000     0.0008     0.4198     0.4198     0.4198     0.2008     0.1935
   -2.4771   -26.0405     0.6694  -247.9000     0.0233     1.2721     7.1210   925.2500    64.4450     0.0010     0.7190     0.7190     0.7190     1.1818     0.3767
   -2.5458   -26.3155     0.8431  -648.3000     0.0259     1.2726     1.6190  2906.5000    66.3650     0.0013     0.4456     0.4456     0.4456     0.9231     0.3511
   -2.7293   -30.7133     0.8126  -587.5000     0.0448     1.0021     1.8370  2492.0000    62.9150     0.0015     0.3205     0.3205     0.3205     0.3097     0.3844
   -2.9638   -32.5404     0.9205  -334.2000     0.0380     1.2716     0.6580  1347.2500   140.7950     0.0007     0.2719     0.2719     0.2719     0.4752     0.1700
   -3.0358   -27.9710     0.9007  -635.7000     0.0528     1.0426     9.0350  1065.7500    70.7450     0.0012     0.3841     0.3841     0.3841     0.7325     0.2780
   -2.8911   -32.5646     0.9264  -683.2000     0.0592     1.0223     4.5900   753.0000    91.0550     0.0015     0.6586     0.6586     0.6586     0.2726     0.3690
   -3.1616   -32.5756     0.8321  -680.3000     0.0403     1.0598     2.2240  1342.5000   192.9650     0.0015     0.3511     0.3511     0.3511     0.6874     0.2956
   -2.4453   -28.2504     0.9852  -793.8000     0.0470     1.1556     3.5380  2134.0000   186.9350     0.0014     0.2509     0.2509     0.2509     0.3458     0.3114
   -3.0914   -30.4295     0.6017  -698.0000     0.0598     1.2032     5.6070  2054.5000   100.9550     0.0011     0.3540     0.3540     0.3540     1.3655     0.2322
   -2.2676   -26.9645     0.7725  -449.0000     0.0273     1.3346     6.5640  2187.7500   112.1150     0.0010     0.6136     0.6136     0.6136     0.9946     0.1674
   -2.5090   -28.5287     0.9887  -987.0000     0.0507     1.0304     8.6690  1407.7500    66.0800     0.0012     0.5283     0.5283     0.5283     1.2047     0.3072
   -2.1753   -25.9514     0.8533  -502.1000     0.0482     1.2504     9.7040  1863.5000   190.5650     0.0009     0.7000     0.7000     0.7000     1.3596     0.3504
   -2.8100   -33.0860     0.6551  -628.6000     0.0254     1.1980     2.7930  1261.0000   198.4100     0.0008     0.5515     0.5515     0.5515     0.6326     0.2011
   -2.3078   -33.7658     0.8241  -838.2000     0.0461     1.0378     6.1450  1144.0000   180.1550     0.0013     0.4564     0.4564     0.4564     0.7737     0.1160
   -2.7440   -32.6636     0.6862  -842.6000     0.0589     1.3285     5.4220   896.0000    53.3150     0.0007     0.6419     0.6419     0.6419     0.7959     0.3420
   -2.2422   -31.8848     0.8306   -35.8000     0.0279     1.3198     0.2310   917.0000    61.2800     0.0006     0.6063     0.6063     0.6063     0.8696     0.1734
   -2.4609   -34.3906     0.7359  -678.4000     0.0261     1.1559     4.2540  1381.5000    91.7150     0.0009     0.5896     0.5896     0.5896     0.1595     0.2602
   -3.0548   -34.8603     0.5138  -129.3000     0.0473     1.1971     5.8290  1904.2500   166.2050     0.0009     0.2760     0.2760     0.2760     1.1500     0.3860
   -3.0420   -33.6624     0.9561  -832.5000     0.0587     1.2673     3.8520  2559.2500    88.1000     0.0011     0.2992     0.2992     0.2992     0.8410     0.2557
   -2.7521   -29.7497     0.5302  -900.0000     0.0431     1.0467     3.7220   892.2500    88.7600     0.0009     0.6008     0.6008     0.6008     1.0342     0.3254
   -3.4595   -29.5990     0.7670  -875.2000     0.0318     1.0009     2.8950   596.2500   188.9900     0.0005     0.6784     0.6784     0.6784     0.6246     0.2845
   -2.7462   -26.7577     0.6963  -102.1000     0.0504     1.1677     1.8900   516.0000   164.2400     0.0013     0.2532     0.2532     0.2532     0.6807     0.2797
   -2.1791   -34.7569     0.7411  -261.7000     0.0579     1.3399     2.1370  1583.7500   105.6200     0.0006     0.7279     0.7279     0.7279     1.4947     0.3123
   -2.9796   -24.2057     0.7640  -729.9000     0.0247     1.3338     0.7120   630.7500    75.5750     0.0009     0.5357     0.5357     0.5357     1.1749     0.3729
   -2.5976   -24.8921     0.7959  -430.7000     0.0414     1.2188     5.9210  1418.7500   160.1900     0.0013     0.6762     0.6762     0.6762     0.1028     0.3269
   -2.1233   -34.5809     0.8807  -659.4000     0.0499     1.3062     8.8730  1819.5000    97.6250     0.0006     0.6406     0.6406     0.6406     0.1714     0.3865
   -3.3467   -27.6960     0.9500  -484.9000     0.0218     1.3225     3.4800  2294.0000    51.3350     0.0010     0.3926     0.3926     0.3926     0.3706     0.1279
   -3.0158   -24.5852     0.6289  -320.2000     0.0479     1.1407     4.2440  1019.7500   165.6350     0.0014     0.3851     0.3851     0.3851     0.3785     0.1640
   -3.4758   -30.2755     0.5741  -183.8000     0.0449     1.4468     6.2400  1682.0000   142.3850     0.0011     0.7319     0.7319     0.7319     0.5241     0.2683
   -2.9915   -26.9425     0.9319  -495.5000     0.0335     1.4105     4.9690  2724.2500   103.2650     0.0008     0.6654     0.6654     0.6654     0.5255     0.3949
   -3.1635   -24.7689     0.6013  -222.5000     0.0241     1.4441     3.2870   736.7500   123.0200     0.0010     0.4990     0.4990     0.4990     0.8060     0.2275
   -3.3052   -34.1530     0.5070  -420.7000     0.0466     1.2318     7.7550  2315.7500   176.3150     0.0012     0.3149     0.3149     0.3149     1.3083     0.1564
   -2.2144   -31.0631     0.5827  -625.4000     0.0282     1.0892     5.3850  2021.0000   153.9800     0.0006     0.7516     0.7516     0.7516     0.8028     0.3339
   -2.2891   -24.7491     0.7207  -716.5000     0.0376     1.4286     9.4420  1606.5000   118.3550     0.0011     0.5549     0.5549     0.5549     1.3156     0.1875
   -2.4248   -34.1178     0.6161  -963.6000     0.0514     1.1999     7.1930  2450.5000   185.8550     0.0014     0.5623     0.5623     0.5623     1.0313     0.2967
   -2.6489   -30.6110     0.6807  -749.4000     0.0419     1.0665     3.6080   682.5000   179.6300     0.0013     0.2624     0.2624     0.2624     1.3184     0.3058
   -3.3589   -32.9595     0.5368  -498.1000     0.0573     1.1023     2.8580   993.0000   169.8950     0.0013     0.2735     0.2735     0.2735     0.5003     0.1045
   -2.7707   -25.4520     0.9058  -129.8000     0.0209     1.0356     5.6530   528.0000   121.6250     0.0010     0.3837     0.3837     0.3837     1.1090     0.2123
   -2.8298   -27.0723     0.5348  -933.3000     0.0206     1.1224     5.5640  1491.0000   140.8250     0.0010     0.3579     0.3579     0.3579     1.4185     0.2135
   -2.5783   -31.8056     0.9854  -906.6000     0.0369     1.1400     6.8180   511.7500   104.6150     0.0014     0.4857     0.4857     0.4857     0.4129     0.2246
   -2.3219   -28.2383     0.5059  -371.9000     0.0508     1.0427     6.1760  2276.0000   171.2450     0.0009     0.3125     0.3125     0.3125     0.4178     0.1899
   -3.0168   -24.5621     0.6278  -754.9000     0.0295     1.0544     0.9240  1553.7500   146.3000     0.0014     0.6653     0.6653     0.6653     0.2742     0.1267
   -3.4733   -25.9954     0.9063  -616.9000     0.0211     1.0621     7.3550  1819.2500   186.7250     0.0012     0.4065     0.4065     0.4065     1.2495     0.3619
   -2.0156   -24.3619     0.5888  -655.2000     0.0328     1.1673     5.6050  1951.2500   181.9400     0.0005     0.5133     0.5133     0.5133     0.2432     0.3568
   -3.2517   -30.0764     0.9062  -332.6000     0.0292     1.3633     4.2030  2775.0000    93.3500     0.0014     0.3134     0.3134     0.3134     0.8615     0.2389
   -3.0678   -25.1847     0.5044  -725.3000     0.0221     1.2879     1.6340  1971.5000   156.6950     0.0013     0.7567     0.7567     0.7567     0.2228     0.3129
   -2.0240   -33.9000     0.8048  -558.9000     0.0551     1.3348     2.0690  2063.7500   141.0800     0.0011     0.4784     0.4784     0.4784     1.1455     0.1241
   -3.0815   -33.8043     0.7872  -232.4000     0.0446     1.1010     1.0700  2250.2500   174.2150     0.0015     0.4375     0.4375     0.4375     0.6746     0.2851
   -2.2208   -26.6323     0.7166  -660.9000     0.0268     1.2932     3.5930  2074.0000   188.7650     0.0011     0.5416     0.5416     0.5416     0.6855     0.2090
   -2.3542   -30.8090     0.7245   -18.1000     0.0239     1.4173     6.6540  2224.5000    96.7850     0.0008     0.5353     0.5353     0.5353     0.6292     0.2177
   -2.3558   -34.4720     0.8467  -323.8000     0.0273     1.1457     7.8580  1733.0000   167.2850     0.0009     0.6018     0.6018     0.6018     0.7828     0.1218
   -3.2231   -32.9815     0.5820  -437.3000     0.0322     1.0142     1.1560  2545.0000   133.9700     0.0009     0.2823     0.2823     0.2823     0.2385     0.2549
   -2.8836   -25.0175     0.9224  -709.5000     0.0552     1.4459     4.9000  1846.2500    72.3800     0.0010     0.7078     0.7078     0.7078     1.4504     0.3105
   -2.1872   -25.1880     0.6292  -270.6000     0.0297     1.3510     3.9360  1972.2500   180.7700     0.0005     0.6782     0.6782     0.6782     1.2941     0.2516
   -2.1443   -30.6594     0.5621  -609.9000     0.0532     1.3397     1.7710  1184.2500   111.7400     0.0010     0.6399     0.6399     0.6399     0.5584     0.2120
   -2.2965   -31.5383     0.6636  -450.8000     0.0405     1.0358     8.2770  1776.5000   156.5450     0.0008     0.3654     0.3654     0.3654     0.3223     0.1908
   -2.0137   -33.3027     0.5717  -194.1000     0.0495     1.1454     8.9580   721.5000    85.8500     0.0011     0.7109     0.7109     0.7109     0.5201     0.1563
   -2.2083   -24.4994     0.8295  -227.8000     0.0581     1.0466     8.8320   930.2500   104.3900     0.0007     0.2154     0.2154     0.2154     0.6085     0.2243
   -2.8597   -27.2131     0.6384  -145.8000     0.0442     1.3134     9.2790  1476.5000   106.5050     0.0013     0.4516     0.4516     0.4516     1.2680     0.1947
   -2.7363   -24.9372     0.6739   -12.4000     0.0368     1.2125     5.7880  1418.2500    75.1550     0.0014     0.2567     0.2567     0.2567     0.5066     0.1484
   -3.1829   -24.3179     0.5744  -744.7000     0.0473     1.2824     1.5160  1669.2500   135.9200     0.0008     0.3532     0.3532     0.3532     1.0607     0.2009
   -2.5072   -32.3996     0.6223  -796.2000     0.0221     1.3693     6.5960  2371.0000   151.4000     0.0005     0.6322     0.6322     0.6322     1.4145     0.1944
   -2.2485   -31.9508     0.6247   -89.4000     0.0297     1.1450     0.5660  2947.0000    67.8800     0.0014     0.3376     0.3376     0.3376     0.7605     0.2416
   -2.0072   -26.5278     0.6774  -551.2000     0.0519     1.0674     9.8000  1558.0000   180.9500     0.0010     0.6894     0.6894     0.6894     0.1776     0.2815
   -2.9402   -25.0087     0.7747  -271.5000     0.0515     1.1356     3.8950  1527.0000    69.7250     0.0006     0.7728     0.7728     0.7728     0.4097     0.1743
   -2.1644   -29.2635     0.6519  -870.7000     0.0537     1.4415     3.8900  2466.0000    80.4650     0.0007     0.6422     0.6422     0.6422     0.7615     0.2527
   -2.8733   -26.9282     0.5295   -38.6000     0.0344     1.2306     4.5770  1330.0000    95.3150     0.0011     0.7619     0.7619     0.7619     0.8647     0.1285
   -2.8679   -32.3787     0.5091  -280.6000     0.0496     1.1369     2.0790  1256.7500    58.6100     0.0013     0.5186     0.5186     0.5186     0.5469     0.2987
   -2.5090   -25.5510     0.7307  -308.3000     0.0553     1.2514     2.6720  1780.0000   118.3400     0.0007     0.7998     0.7998     0.7998     0.4990     0.2450
   -2.1948   -34.4170     0.7475  -958.9000     0.0214     1.0200     7.0730  1192.0000   183.5000     0.0009     0.2358     0.2358     0.2358     0.6349     0.3489
   -2.7950   -24.0451     0.5893  -250.2000     0.0401     1.2332     0.2370   853.5000   159.4100     0.0011     0.7693     0.7693     0.7693     1.0232     0.1701
   -3.1704   -26.5069     0.8495  -899.3000     0.0332     1.1541     4.7800   641.0000    64.8050     0.0006     0.5500     0.5500     0.5500     0.3391     0.2813
   -2.7699   -34.6744     0.6311  -751.1000     0.0484     1.4477     6.1940   706.2500   112.2050     0.0007     0.7977     0.7977     0.7977     0.6109     0.3425
   -2.9822   -25.9943     0.7718  -967.3000     0.0267     1.2637     5.8680  2676.0000    75.6050     0.0008     0.2761     0.2761     0.2761     1.1126     0.3940
   -3.4496   -30.0258     0.8000  -759.6000     0.0496     1.1945     5.1970  2816.7500   123.2000     0.0012     0.6236     0.6236     0.6236     1.0939     0.3415
   -2.4682   -24.7601     0.5956  -905.4000     0.0506     1.2533     3.6180  2240.7500   195.7400     0.0006     0.4655     0.4655     0.4655     0.9242     0.3010
   -2.6490   -29.3438     0.7381  -474.7000     0.0236     1.3607     1.4360  1807.7500   164.3300     0.0012     0.2125     0.2125     0.2125     1.2446     0.1618
   -3.2279   -25.9371     0.8372  -690.0000     0.0503     1.2309     2.4980   714.2500   181.0100     0.0014     0.5879     0.5879     0.5879     1.2984     0.1217
   -2.6063   -24.4895     0.6388   -14.2000     0.0486     1.1272     5.2390  2309.2500    75.3350     0.0009     0.4957     0.4957     0.4957     1.0134     0.2875
   -3.4524   -26.1318     0.8670  -972.2000     0.0589     1.4342     5.3430  1560.2500   164.3600     0.0011     0.4396     0.4396     0.4396     1.2712     0.3018
   -3.2352   -28.9643     0.6180  -548.5000     0.0328     1.2536     0.1830  2503.2500    94.0250     0.0009     0.3552     0.3552     0.3552     0.4436     0.1140
   -3.2298   -33.3467     0.7521  -238.9000     0.0535     1.3865     9.7820  2417.0000    62.6450     0.0006     0.4255     0.4255     0.4255     0.3185     0.2770
   -2.8179   -34.6590     0.8779  -738.6000     0.0388     1.4632     5.5820   858.7500   145.8200     0.0014     0.7764     0.7764     0.7764     0.4072     0.3580
   -3.1162   -24.5654     0.5844  -334.9000     0.0295     1.4739     4.2010  2225.2500   126.4550     0.0009     0.6183     0.6183     0.6183     1.3316     0.1331
   -2.5957   -34.1574     0.6810  -390.4000     0.0574     1.3658     0.3240  1162.5000   181.1900     0.0010     0.3105     0.3105     0.3105     1.2103     0.2286
   -2.7117   -25.1044     0.9968  -274.5000     0.0424     1.2971     0.2490  1197.7500   134.9900     0.0011     0.5836     0.5836     0.5836     1.4236     0.1068
   -2.2178   -26.0449     0.9487  -861.1000     0.0437     1.2955     5.3000   777.0000   117.5000     0.0011     0.5580     0.5580     0.5580     0.4781     0.1546
   -2.8411   -28.3219     0.9628  -226.8000     0.0415     1.0546     6.5130  1960.0000   102.3350     0.0009     0.3507     0.3507     0.3507     0.8861     0.2003
   -3.2471   -34.5226     0.8928  -172.6000     0.0544     1.1630     9.3600  1313.0000    56.6900     0.0008     0.3775     0.3775     0.3775     0.4385     0.3113
   -2.3287   -33.3698     0.5330  -521.7000     0.0420     1.1636     7.4620  1692.0000   150.5450     0.0015     0.7880     0.7880     0.7880     0.4864     0.1383
   -2.5109   -34.8713     0.6769  -286.7000     0.0567     1.2963     0.9330  1965.5000    89.8250     0.0007     0.2916     0.2916     0.2916     0.8567     0.2662
   -2.6195   -32.9782     0.6324  -247.1000     0.0455     1.2700     4.8020  1923.5000   155.2100     0.0007     0.6526     0.6526     0.6526     1.4269     0.3746
   -2.3565   -34.4962     0.6432  -358.7000     0.0239     1.0733     6.3430  1093.2500   108.7700     0.0014     0.7544     0.7544     0.7544     0.5327     0.2721
   -3.2013   -33.6074     0.5435  -290.5000     0.0423     1.2801     9.4560   523.0000   148.8650     0.0013     0.4854     0.4854     0.4854     0.3668     0.3044
   -3.1534   -25.2463     0.5350  -354.8000     0.0346     1.1993     5.7420   844.5000    86.0300     0.0008     0.6484     0.6484     0.6484     0.5123     0.3236
   -3.2931   -32.7516     0.6844  -870.5000     0.0588     1.1023     0.1300  2406.2500   164.1650     0.0014     0.7984     0.7984     0.7984     0.5465     0.2871
   -2.4754   -28.8136     0.5171  -531.2000     0.0564     1.0942     6.3730  1370.7500   104.4650     0.0009     0.2676     0.2676     0.2676     0.6947     0.3453
   -2.0654   -28.4319     0.9881   -25.6000     0.0412     1.0598     6.4600  2985.7500    51.5750     0.0006     0.5937     0.5937     0.5937     1.1315     0.2657
   -2.7475   -32.6867     0.6021  -628.1000     0.0468     1.3572     2.2420   867.0000   116.9750     0.0009     0.2048     0.2048     0.2048     0.1176     0.3363
   -3.1697   -26.2704     0.6302  -631.8000     0.0282     1.1473     9.6070  1559.7500   155.6600     0.0006     0.5080     0.5080     0.5080     1.0498     0.3754
   -2.1410   -32.5701     0.7955  -695.7000     0.0337     1.1882     8.0210   981.5000    82.1900     0.0014     0.7229     0.7229     0.7229     1.4954     0.3993
   -2.8813   -29.5407     0.9844  -150.1000     0.0209     1.0647     9.1000  2780.0000   189.5900     0.0013     0.7987     0.7987     0.7987     0.2110     0.2734
   -2.5806   -31.3425     0.8169  -481.4000     0.0287     1.4678     8.5830   741.2500   155.0150     0.0007     0.7644     0.7644     0.7644     1.2376     0.2176
   -2.6826   -34.8460     0.7322   -58.4000     0.0201     1.1218     5.9070  1127.2500   107.9150     0.0009     0.2452     0.2452     0.2452     1.0544     0.3662
   -2.8234   -30.9289     0.5292  -483.0000     0.0557     1.2031     2.4440  1450.0000   152.4800     0.0011     0.7239     0.7239     0.7239     0.3197     0.2645
   -2.2281   -26.0174     0.5532  -597.6000     0.0260     1.0527     5.9230  2818.7500   195.8450     0.0014     0.3131     0.3131     0.3131     0.3824     0.3700
   -3.1880   -26.4266     0.7927  -990.0000     0.0201     1.2159     9.2390  2236.5000    66.5900     0.0008     0.2566     0.2566     0.2566     0.7602     0.3816
   -2.0165   -34.2311     0.7488  -847.1000     0.0308     1.4818     3.9960  2780.5000    69.8300     0.0014     0.2388     0.2388     0.2388     0.9309     0.1257
   -2.8810   -29.5055     0.8463  -968.9000     0.0578     1.0277     4.8440   630.5000   103.6700     0.0006     0.3097     0.3097     0.3097     1.3789     0.2986
   -2.2540   -24.4829     0.7795  -967.8000     0.0455     1.4795     6.7240  1891.0000    71.6600     0.0011     0.4927     0.4927     0.4927     1.0320     0.1254
   -3.4257   -34.9813     0.6554  -191.8000     0.0252     1.4952     7.6460   647.7500    97.0550     0.0012     0.6967     0.6967     0.6967     0.6618     0.2051
   -2.1659   -33.9572     0.5387  -514.6000     0.0429     1.4021     7.4370  1883.7500    71.7050     0.0008     0.4738     0.4738     0.4738     0.4993     0.1173
   -3.1341   -33.9165     0.5873  -269.6000     0.0320     1.3462     6.4930  2537.2500   136.6550     0.0013     0.4902     0.4902     0.4902     0.3996     0.2184
   -2.9018   -33.4468     0.8824  -105.2000     0.0459     1.4033     4.2180  2911.5000   151.3100     0.0007     0.7905     0.7905     0.7905     0.9358     0.3368
   -3.0731   -26.3914     0.8084  -711.0000     0.0581     1.1513     0.4570  1480.7500    77.8100     0.0012     0.7372     0.7372     0.7372     0.1536     0.3301
   -3.0114   -29.5352     0.6118  -353.6000     0.0596     1.4183     0.7470  1941.5000    87.3050     0.0012     0.2337     0.2337     0.2337     0.4662     0.2863
   -2.4975   -32.4051     0.6361  -772.4000     0.0591     1.1919     2.3940  1567.7500   169.2800     0.0012     0.3808     0.3808     0.3808     1.1496     0.3883
   -3.0299   -25.5466     0.7848  -412.2000     0.0597     1.4989     6.1580  1578.7500    76.7750     0.0012     0.2412     0.2412     0.2412     0.8288     0.1195
   -2.7986   -33.1333     0.6298  -998.6000     0.0243     1.1319     4.6920  2476.7500    71.8400     0.0006     0.5538     0.5538     0.5538     1.0516     0.2282
   -3.4250   -30.1908     0.8215  -259.5000     0.0527     1.0333     5.4350  1758.2500    95.1800     0.0010     0.4320     0.4320     0.4320     0.5243     0.2496
   -2.3758   -31.0565     0.7485  -784.2000     0.0524     1.0972     5.3870  1654.5000   144.0650     0.0008     0.4554     0.4554     0.4554     1.3739     0.3891
   -2.4332   -32.8286     0.9531  -323.7000     0.0546     1.0945     0.3490  2633.0000    56.8700     0.0011     0.4635     0.4635     0.4635     1.3849     0.2006
   -2.5305   -31.3271     0.5200  -621.4000     0.0586     1.0116     5.6710  2329.5000   194.6300     0.0014     0.4608     0.4608     0.4608     0.4689     0.1978
   -3.0162   -33.0178     0.7202  -911.1000     0.0354     1.4122     5.0740  1249.0000    59.9450     0.0008     0.3516     0.3516     0.3516     0.3064     0.3428
   -2.7251   -33.4347     0.9869  -895.4000     0.0329     1.0721     8.7010  2121.5000   176.6300     0.0005     0.4288     0.4288     0.4288     1.3722     0.1289
   -2.4089   -29.6265     0.8125  -618.5000     0.0392     1.2138     7.1280  1924.2500   150.4100     0.0006     0.7900     0.7900     0.7900     1.3169     0.1274
   -2.3267   -24.8481     0.7833  -806.6000     0.0391     1.3055     2.8450  2511.2500   155.2700     0.0005     0.6033     0.6033     0.6033     1.3947     0.3546
   -3.1917   -29.0116     0.7933  -450.6000     0.0575     1.3885     4.8340   814.7500    88.8350     0.0008     0.5572     0.5572     0.5572     0.3349     0.3674
   -2.7017   -24.1375     0.5132  -979.6000     0.0361     1.1410     4.5270   635.5000   198.6200     0.0008     0.6747     0.6747     0.6747     0.1063     0.1653
   -3.1454   -33.2169     0.8713  -620.6000     0.0404     1.0973     2.0330   673.0000   154.8350     0.0008     0.6145     0.6145     0.6145     1.1599     0.3016
   -3.0308   -24.1793     0.7251  -671.3000     0.0319     1.0492     8.3380  2711.0000    74.9450     0.0006     0.7474     0.7474     0.7474     0.2308     0.3449
   -2.2196   -33.1674     0.6754  -200.2000     0.0410     1.2218     9.0800   598.2500    94.4600     0.0006     0.6727     0.6727     0.6727     0.4837     0.2964
   -3.3211   -32.8165     0.8987  -345.1000     0.0334     1.4871     1.2120  2194.7500    76.1450     0.0006     0.3581     0.3581     0.3581     1.0976     0.1513
   -2.1317   -29.1876     0.5706  -782.1000     0.0232     1.4549     7.8730  2521.7500    84.6950     0.0007     0.5109     0.5109     0.5109     0.8510     0.2944
   -2.2592   -33.6800     0.9928  -700.0000     0.0417     1.4773     7.2080  2356.0000   169.4450     0.0010     0.5037     0.5037     0.5037     1.0730     0.1699
   -3.1018   -27.1779     0.6054  -639.3000     0.0217     1.0688     1.9370   828.5000    84.3050     0.0012     0.3772     0.3772     0.3772     1.1080     0.3215
   -2.2723   -25.4652     0.5900  -436.1000     0.0447     1.3495     9.5200  2187.2500   130.2200     0.0006     0.7011     0.7011     0.7011     0.1566     0.2104
   -3.1474   -31.7946     0.9671  -554.4000     0.0334     1.2191     6.0800  2749.5000   152.2400     0.0006     0.5751     0.5751     0.5751     0.9033     0.1541
   -2.1728   -32.9672     0.6829  -872.3000     0.0315     1.4506     0.6820  2619.0000   165.2450     0.0007     0.4732     0.4732     0.4732     1.4083     0.1185
   -2.9294   -34.6271     0.5154   -63.0000     0.0587     1.4682     5.1410   757.2500   143.2700     0.0008     0.6043     0.6043     0.6043     0.4426     0.3708
   -3.1551   -34.9340     0.7115  -152.5000     0.0538     1.4741     1.5510  1446.5000   174.4400     0.0006     0.7292     0.7292     0.7292     1.2955     0.2884
   -3.4053   -33.9330     0.6239  -839.4000     0.0262     1.0294     7.2020   842.0000   198.3350     0.0009     0.3828     0.3828     0.3828     0.8927     0.3334
   -2.9663   -33.3830     0.9012  -262.6000     0.0503     1.0747     9.9770  1821.5000   154.0700     0.0012     0.3790     0.3790     0.3790     1.3876     0.1169
   -2.1419   -28.5870     0.9357  -553.8000     0.0244     1.4697     2.6030  1359.0000    94.3850     0.0011     0.2474     0.2474     0.2474     0.3565     0.2337
   -2.5316   -31.9464     0.5496  -913.7000     0.0532     1.2500     9.2860   572.5000    92.9150     0.0013     0.2859     0.2859     0.2859     0.8521     0.1186
   -2.1602   -29.8190     0.8573  -378.0000     0.0294     1.3889     1.2950  1897.0000    92.4650     0.0007     0.4459     0.4459     0.4459     0.3787     0.2468
   -3.2927   -26.7687     0.5749  -925.0000     0.0526     1.4945     5.0630   745.7500   116.4200     0.0009     0.6814     0.6814     0.6814     0.5988     0.2635
   -3.3945   -27.3242     0.8863  -992.8000     0.0352     1.1397     5.0930  1610.2500    89.3750     0.0012     0.4452     0.4452     0.4452     0.3191     0.3403
   -2.6159   -32.1620     0.7558  -169.0000     0.0358     1.4835     1.0110  2139.5000   196.2800     0.0007     0.5176     0.5176     0.5176     0.6124     0.3743
   -2.6648   -32.3831     0.7349  -230.4000     0.0519     1.4667     8.0900  1785.2500   155.5550     0.0013     0.7816     0.7816     0.7816     1.1632     0.3197
   -2.9416   -29.4461     0.8494  -851.1000     0.0428     1.2897     0.2430   712.7500   188.1800     0.0007     0.3836     0.3836     0.3836     0.5659     0.2331
   -3.4394   -26.6356     0.6642  -310.6000     0.0459     1.2704     1.3100   963.5000   176.7950     0.0011     0.2257     0.2257     0.2257     0.5914     0.2310
   -3.3944   -32.9628     0.8093  -821.3000     0.0339     1.3580     9.6470  1769.2500   197.3750     0.0010     0.5638     0.5638     0.5638     0.5491     0.1913
   -2.7500   -32.4359     0.6608  -513.6000     0.0363     1.3034     2.5620  1764.2500   149.3000     0.0007     0.5648     0.5648     0.5648     1.2201     0.3973
   -3.0599   -32.7879     0.6733  -896.6000     0.0333     1.2013     6.4080  1895.2500   116.6900     0.0006     0.5391     0.5391     0.5391     1.4091     0.3470
   -2.5248   -33.4842     0.8394  -999.2000     0.0236     1.4417     8.1080  1024.7500    50.4050     0.0010     0.3952     0.3952     0.3952     1.2675     0.2604
   -3.0625   -33.4556     0.6077  -627.0000     0.0512     1.1440     5.6570   934.2500   165.5450     0.0015     0.2967     0.2967     0.2967     1.1779     0.3942
   -3.0230   -26.3848     0.6708  -874.4000     0.0574     1.2820     7.5280   678.5000   166.8650     0.0005     0.6229     0.6229     0.6229     0.4020     0.2068
   -2.0708   -27.5013     0.6572  -134.8000     0.0416     1.0413     6.6730  1238.5000    62.8850     0.0013     0.4801     0.4801     0.4801     0.4583     0.3038
   -2.3606   -30.6704     0.6834   -72.7000     0.0319     1.1154     3.6810  1737.2500   119.3300     0.0013     0.3336     0.3336     0.3336     0.6825     0.2879
   -2.3192   -32.3677     0.5570  -125.1000     0.0496     1.1228     9.1370  2942.7500    86.4200     0.0011     0.7617     0.7617     0.7617     0.3635     0.3782
   -2.4264   -26.7973     0.6693  -291.2000     0.0580     1.0612     0.4770  1406.5000   193.4300     0.0013     0.6238     0.6238     0.6238     1.2964     0.2642
   -3.0185   -31.5581     0.7907  -359.7000     0.0443     1.3759     5.8770   810.7500   110.0000     0.0005     0.5599     0.5599     0.5599     0.7997     0.2525
   -2.6046   -30.5109     0.7422  -930.2000     0.0487     1.2873     8.7490   950.5000    80.7050     0.0013     0.3709     0.3709     0.3709     0.1328     0.1366
   -2.6099   -24.9702     0.7635  -351.8000     0.0598     1.3388     9.8810  1475.5000   109.8200     0.0011     0.3907     0.3907     0.3907     1.4118     0.3767
   -2.1242   -26.0988     0.5547  -710.6000     0.0466     1.2074     7.1650  2301.7500   143.7200     0.0007     0.6012     0.6012     0.6012     0.6708     0.3445
   -2.9720   -27.3935     0.9797  -727.0000     0.0530     1.0623     9.3970   852.2500   171.2900     0.0014     0.7863     0.7863     0.7863     0.2488     0.1050
   -2.9456   -30.2612     0.9894  -445.8000     0.0303     1.2349     0.8940  1062.5000    56.3600     0.0007     0.6526     0.6526     0.6526     0.6597     0.2567
   -2.4527   -29.9169     0.9116  -642.8000     0.0307     1.2657     3.8850  1974.2500   122.9150     0.0011     0.2850     0.2850     0.2850     0.9184     0.1589
   -2.9750   -28.0535     0.8535  -808.6000     0.0364     1.1212     5.8100   812.7500   106.2500     0.0014     0.5962     0.5962     0.5962     1.4171     0.1578
   -2.6401   -30.0841     0.8471  -374.8000     0.0366     1.0631     1.5840  2846.2500   101.4500     0.0006     0.6209     0.6209     0.6209     0.9506     0.1212
   -2.8520   -31.6989     0.5942  -400.1000     0.0336     1.1311     6.2980  1040.5000    97.4000     0.0014     0.5298     0.5298     0.5298     1.1651     0.2855
   -2.7519   -32.2368     0.9200  -126.4000     0.0484     1.2099     5.5490   865.5000   169.7450     0.0007     0.5145     0.5145     0.5145     0.4980     0.1034
   -2.6528   -25.2848     0.9280  -205.3000     0.0600     1.2508     9.3740   999.5000   103.7000     0.0005     0.3944     0.3944     0.3944     0.9065     0.1073
   -2.5261   -24.1650     0.7672  -692.3000     0.0525     1.3446     3.4600  2114.2500   134.9150     0.0010     0.5228     0.5228     0.5228     1.1132     0.3991
   -3.2132   -30.0808     0.5333  -544.5000     0.0448     1.0950     7.7890  1419.7500   127.2350     0.0014     0.3759     0.3759     0.3759     1.1786     0.3183
   -2.7424   -24.4246     0.8178   -66.0000     0.0243     1.0048     6.6400  1510.2500   136.7150     0.0009     0.2241     0.2241     0.2241     0.6725     0.1325
   -2.9247   -24.2156     0.5279  -735.3000     0.0285     1.1862     7.1020  2792.2500   136.6250     0.0010     0.6565     0.6565     0.6565     0.4598     0.2340
   -2.8276   -26.0031     0.9515  -946.8000     0.0270     1.2240     7.4300  1514.2500   120.2450     0.0014     0.4342     0.4342     0.4342     1.0846     0.1509
   -2.4914   -26.9128     0.6968  -686.4000     0.0418     1.2264     2.4100  1820.5000   113.3300     0.0015     0.6269     0.6269     0.6269     0.4405     0.2010
   -2.6242   -30.6044     0.8110  -767.9000     0.0223     1.3690     1.7420  1055.5000   101.1350     0.0010     0.2263     0.2263     0.2263     0.2774     0.1474
   -2.5947   -27.7576     0.5583  -516.2000     0.0386     1.4462     6.6790  1053.0000   163.6250     0.0010     0.5166     0.5166     0.5166     0.4479     0.2412
   -2.5943   -30.2326     0.7406   -36.4000     0.0359     1.0530     3.9150  1401.0000   139.0100     0.0006     0.5809     0.5809     0.5809     0.9908     0.2172
   -3.2987   -27.7103     0.5829  -529.7000     0.0475     1.4208     8.7830  2938.0000   149.1500     0.0011     0.4092     0.4092     0.4092     0.5851     0.3824
   -2.5621   -30.1468     0.6190  -753.1000     0.0559     1.0747     0.5260   610.0000   159.3350     0.0012     0.5806     0.5806     0.5806     0.5757     0.2002
   -3.1806   -29.0072     0.7464   -38.7000     0.0591     1.2439     5.1980   568.7500   154.1600     0.0012     0.6622     0.6622     0.6622     0.5822     0.2427
   -2.0213   -33.9385     0.9783  -778.2000     0.0361     1.4280     3.9780  2928.0000    50.2400     0.0013     0.6840     0.6840     0.6840     1.4471     0.1860
   -3.0335   -33.8681     0.9218  -709.1000     0.0536     1.4222     5.7100  1128.2500    63.9050     0.0011     0.4506     0.4506     0.4506     0.8111     0.2974
   -2.8310   -33.1311     0.9117  -987.5000     0.0362     1.4394     8.3480  1695.5000    65.2100     0.0014     0.5866     0.5866     0.5866     0.5537     0.1360
   -2.2475   -24.1034     0.8930   -84.3000     0.0493     1.1389     6.7960  1616.0000    94.5950     0.0007     0.7129     0.7129     0.7129     1.3866     0.1338
   -2.0618   -27.2450     0.8630  -500.9000     0.0230     1.4624     6.7340  2886.5000   114.7100     0.0005     0.7732     0.7732     0.7732     0.1937     0.3460
   -2.1622   -24.8228     0.6998  -173.7000     0.0414     1.3303     4.9230   732.2500   132.5600     0.0010     0.2919     0.2919     0.2919     0.5830     0.3837
   -3.3269   -32.5778     0.5214  -637.8000     0.0520     1.4577     7.0530  1113.0000    90.9050     0.0013     0.6365     0.6365     0.6365     0.2068     0.3361
   -2.8238   -24.2497     0.5364  -395.7000     0.0444     1.1029     6.9790  1177.5000   171.4700     0.0013     0.3745     0.3745     0.3745     0.6782     0.2818
   -2.0577   -24.4169     0.8725  -463.6000     0.0573     1.2136     8.2290  1070.2500    60.8900     0.0006     0.4720     0.4720     0.4720     0.6886     0.3228
   -3.3977   -26.5146     0.7498   -79.7000     0.0452     1.1814     3.3910   501.7500   192.8300     0.0006     0.2728     0.2728     0.2728     0.9162     0.3502
   -2.6853   -30.5483     0.5010  -311.0000     0.0371     1.3250     8.5580  2510.0000   119.3750     0.0010     0.7690     0.7690     0.7690     0.2953     0.2397
   -2.0385   -30.3294     0.8330  -669.4000     0.0252     1.0604     9.4980  2663.7500   127.8350     0.0012     0.3482     0.3482     0.3482     1.3398     0.3533
   -3.4721   -31.9541     0.6624  -115.0000     0.0505     1.1478     5.1500  2679.0000   192.3950     0.0009     0.6675     0.6675     0.6675     1.4539     0.2783
   -2.7902   -26.5498     0.8518  -203.8000     0.0366     1.2760     3.9830  1315.5000   115.4900     0.0009     0.2220     0.2220     0.2220     1.0965     0.3804
   -2.6501   -31.6494     0.8832  -224.4000     0.0319     1.2064     0.6080  1264.7500   102.7100     0.0015     0.7081     0.7081     0.7081     0.1960     0.2140
   -2.5735   -34.0067     0.5155  -596.1000     0.0379     1.1885     8.5670  2132.7500   113.7050     0.0008     0.2770     0.2770     0.2770     0.1493     0.2101
   -2.7054   -33.9946     0.7082  -638.8000     0.0483     1.2855     8.0150  2101.2500    59.8700     0.0007     0.4840     0.4840     0.4840     0.7307     0.2049
   -2.3643   -34.3565     0.5087  -947.7000     0.0233     1.0033     4.6370  2597.5000   130.9850     0.0007     0.3377     0.3377     0.3377     0.2719     0.2762
   -3.4284   -33.1652     0.5454   -67.1000     0.0450     1.4550     1.5690   868.0000    64.9400     0.0009     0.6021     0.6021     0.6021     0.6242     0.1172
   -3.0425   -33.9649     0.5040  -735.2000     0.0370     1.4030     5.2430  2322.5000   113.2550     0.0014     0.3156     0.3156     0.3156     0.5173     0.1344
   -2.3634   -25.9646     0.6380  -206.2000     0.0388     1.4562     5.3450  1398.7500    77.4350     0.0006     0.6354     0.6354     0.6354     0.4062     0.3307
   -3.0271   -25.5851     0.6999  -564.5000     0.0580     1.3144     7.5050  1364.2500   187.1300     0.0014     0.4381     0.4381     0.4381     1.2143     0.3732
   -3.3394   -34.7085     0.9810  -392.1000     0.0241     1.3201     3.9720  1140.5000   165.6650     0.0012     0.6066     0.6066     0.6066     0.4003     0.1599
   -2.3502   -27.9512     0.9576  -574.1000     0.0310     1.0606     7.4490  1793.5000   180.2600     0.0012     0.4280     0.4280     0.4280     0.2252     0.2796
   -2.5004   -24.3531     0.5486  -303.3000     0.0436     1.4122     0.4070  2566.5000   177.1850     0.0009     0.3152     0.3152     0.3152     0.8290     0.2560
   -2.9498   -33.9110     0.9622  -665.5000     0.0314     1.4266     4.2700  2283.0000    87.4250     0.0010     0.2513     0.2513     0.2513     1.2024     0.2398
   -2.9786   -25.3970     0.8787  -579.6000     0.0228     1.4743     5.5000  1823.0000   131.1050     0.0011     0.3661     0.3661     0.3661     1.4616     0.1456
   -2.5147   -29.9323     0.7683  -756.3000     0.0455     1.4365     3.9640  1060.2500   103.9850     0.0012     0.7539     0.7539     0.7539     0.2148     0.2571
   -2.2070   -31.3381     0.7522  -699.1000     0.0480     1.2601     3.6500  2327.2500   150.9950     0.0011     0.7199     0.7199     0.7199     0.6152     0.2248
   -2.7092   -29.7288     0.5635  -253.0000     0.0309     1.0226     3.3680  2487.2500   184.0100     0.0010     0.2959     0.2959     0.2959     1.0261     0.1078
   -2.8948   -34.3004     0.6646  -588.6000     0.0481     1.0571     2.0910  2642.7500   138.1100     0.0005     0.5756     0.5756     0.5756     0.4587     0.3363
   -2.3306   -31.4118     0.5558  -533.5000     0.0320     1.1166     3.4820  2746.5000   168.7100     0.0012     0.5163     0.5163     0.5163     0.4321     0.2416
   -3.0217   -29.3504     0.9804  -135.4000     0.0451     1.0238     0.0510  2526.5000    74.3000     0.0009     0.3534     0.3534     0.3534     0.7685     0.1271
   -2.4667   -25.6038     0.5288  -460.0000     0.0362     1.1878     0.8450  2275.7500   102.7550     0.0011     0.5955     0.5955     0.5955     1.3246     0.2170
   -2.7032   -27.6388     0.7611  -244.8000     0.0286     1.1005     9.8740  1725.7500   175.3700     0.0007     0.4165     0.4165     0.4165     0.1267     0.1675
   -3.2183   -30.6946     0.8731  -438.4000     0.0443     1.3085     8.7560   700.5000   103.1900     0.0007     0.5034     0.5034     0.5034     0.2628     0.3520
   -2.0678   -24.0682     0.7106  -733.2000     0.0588     1.3808     6.8130  2030.0000   155.0750     0.0008     0.6490     0.6490     0.6490     1.2738     0.2347
   -2.0723   -28.1734     0.7637  -226.3000     0.0428     1.0451     6.6100   840.0000    99.2600     0.0011     0.4946     0.4946     0.4946     0.7906     0.2044
   -2.9524   -26.4497     0.7758  -566.8000     0.0212     1.2266     7.6140  1426.7500    50.8850     0.0008     0.6790     0.6790     0.6790     0.9046     0.3906
   -3.1858   -26.5553     0.7136  -684.2000     0.0218     1.1047     4.9320  1672.0000    58.8800     0.0012     0.6313     0.6313     0.6313     1.1361     0.2110
   -2.4270   -27.2527     0.8816  -776.0000     0.0242     1.3460     0.5060  2734.2500   152.0750     0.0007     0.2865     0.2865     0.2865     1.4595     0.1071
   -3.3500   -31.9035     0.7350  -462.3000     0.0358     1.1803     3.2140  1382.0000    65.3750     0.0013     0.2043     0.2043     0.2043     1.0255     0.2044
   -3.4937   -34.0320     0.9609  -190.2000     0.0300     1.1070     6.9390  1220.5000   174.6350     0.0011     0.3724     0.3724     0.3724     0.3486     0.1811
   -2.9600   -29.1898     0.8265  -935.3000     0.0442     1.2915     4.5610  1167.2500    70.9100     0.0014     0.5648     0.5648     0.5648     0.4590     0.1319
   -3.4192   -28.0414     0.9211  -434.1000     0.0584     1.3232     6.4750  1443.0000   105.6950     0.0011     0.2203     0.2203     0.2203     0.5200     0.2830
   -3.1597   -32.3336     0.5670  -806.0000     0.0515     1.0380     0.2990  2756.0000    98.3900     0.0014     0.3805     0.3805     0.3805     1.1616     0.1569
   -3.2620   -28.3956     0.8176  -119.3000     0.0410     1.0567     9.6940  2293.2500   188.3300     0.0009     0.3606     0.3606     0.3606     0.2873     0.2000
   -2.2828   -29.9862     0.5438  -424.6000     0.0512     1.1955     6.0400   770.0000   167.5250     0.0009     0.3174     0.3174     0.3174     0.4342     0.1557
   -2.7377   -25.3849     0.9213  -677.3000     0.0351     1.2664     2.6190  1875.0000    61.7300     0.0008     0.2595     0.2595     0.2595     1.1606     0.1823
   -2.3936   -27.9809     0.5453  -273.0000     0.0319     1.3303     3.7050  1149.5000   193.6550     0.0015     0.4104     0.4104     0.4104     0.8974     0.2910
   -2.8152   -33.5359     0.9096  -841.2000     0.0511     1.1522     1.1050  2137.7500    77.7500     0.0014     0.6093     0.6093     0.6093     1.2477     0.3261
   -2.6642   -24.9878     0.8317  -480.1000     0.0597     1.4002     4.0600  2686.7500    83.3300     0.0011     0.3799     0.3799     0.3799     1.1143     0.3523
   -3.4386   -32.6229     0.5724  -693.6000     0.0409     1.1865     5.2820   987.2500    55.9100     0.0011     0.3615     0.3615     0.3615     0.2166     0.3652
   -2.0301   -33.4171     0.6312  -243.8000     0.0554     1.0833     1.9630  2578.5000    74.6450     0.0006     0.6544     0.6544     0.6544     0.8073     0.2152
   -2.3336   -30.0236     0.6898  -377.4000     0.0455     1.2927     9.3890  1276.0000   100.4450     0.0006     0.7446     0.7446     0.7446     0.1545     0.1977
   -2.5703   -24.2178     0.9366  -663.2000     0.0344     1.4525     7.4980  2989.0000   154.1150     0.0007     0.7158     0.7158     0.7158     0.7199     0.1025
   -3.0752   -27.9765     0.5204  -850.2000     0.0413     1.3360     7.3710  1108.7500    76.4450     0.0011     0.6762     0.6762     0.6762     0.9340     0.3821
   -2.5379   -29.0006     0.8297  -312.6000     0.0564     1.3971     5.5300  1311.5000   146.7800     0.0007     0.3818     0.3818     0.3818     0.8841     0.1986
   -3.4432   -31.2171     0.5770  -473.2000     0.0421     1.0266     2.7940  2299.7500   152.3750     0.0011     0.6004     0.6004     0.6004     0.8687     0.2580
   -2.7024   -33.6360     0.5469  -203.3000     0.0508     1.3475     1.9750   944.7500   102.5150     0.0007     0.2063     0.2063     0.2063     1.1665     0.3915
   -2.4585   -34.0958     0.9485  -814.0000     0.0306     1.4553     4.3660  2936.7500    95.9300     0.0013     0.3487     0.3487     0.3487     0.9121     0.3868
   -2.5255   -29.6001     0.8144   -95.7000     0.0419     1.0959     7.3420  1243.0000   175.2800     0.0012     0.7482     0.7482     0.7482     0.2599     0.3807
   -2.9816   -29.2217     0.8548  -960.7000     0.0244     1.0596     7.3060  1976.0000    90.4400     0.0006     0.2133     0.2133     0.2133     1.4016     0.1452
   -2.5497   -25.4894     0.9692  -760.3000     0.0580     1.3135     8.1390  1845.5000   150.8900     0.0005     0.2891     0.2891     0.2891     0.2460     0.3269
   -3.0374   -28.1712     0.6469  -855.7000     0.0425     1.1724     5.5170   801.7500    96.2300     0.0005     0.5848     0.5848     0.5848     1.2619     0.3199
   -2.9091   -28.0777     0.9614  -188.3000     0.0501     1.4828     0.3180  2740.0000    57.7700     0.0006     0.4191     0.4191     0.4191     0.4647     0.1714
   -2.6769   -28.8389     0.6783  -530.1000     0.0594     1.1351     7.3970  1438.7500   176.0450     0.0008     0.2542     0.2542     0.2542     1.1636     0.1447
   -2.3293   -26.4651     0.6762  -892.6000     0.0477     1.0916     7.7120  2177.5000   174.0050     0.0010     0.4596     0.4596     0.4596     0.6761     0.3919
   -2.8088   -25.0582     0.7205  -801.0000     0.0252     1.3706     7.3480   839.2500   110.0000     0.0009     0.3409     0.3409     0.3409     0.8959     0.3898
   -2.0756   -28.0656     0.6110  -540.4000     0.0260     1.0441     9.8880   737.2500   188.1050     0.0006     0.7320     0.7320     0.7320     1.0614     0.1926
   -2.2058   -29.3735     0.5614  -773.4000     0.0467     1.4844     6.5060   824.5000    54.4250     0.0011     0.7971     0.7971     0.7971     1.3148     0.3906
   -2.7319   -34.9846     0.9139  -736.4000     0.0489     1.2181     1.6400   881.0000    59.4950     0.0007     0.5476     0.5476     0.5476     1.2553     0.2835
   -2.4188   -32.2907     0.7681  -692.6000     0.0291     1.0761     1.1160  2323.7500   119.0300     0.0013     0.6745     0.6745     0.6745     0.2854     0.3990
   -2.8861   -31.8287     0.6240  -162.8000     0.0293     1.4365     3.2700  1414.7500   131.4500     0.0014     0.3919     0.3919     0.3919     1.3814     0.3401
   -3.0452   -33.5480     0.8964  -527.4000     0.0203     1.1046     8.0430  2766.0000    88.4900     0.0011     0.7832     0.7832     0.7832     0.7041     0.1449
   -3.3452   -33.6063     0.5688  -664.3000     0.0391     1.2941     5.0870  2665.0000   135.0950     0.0009     0.7929     0.7929     0.7929     0.2530     0.3113
   -3.4601   -25.4366     0.5083  -618.0000     0.0420     1.1361     8.7240   939.7500    58.0100     0.0012     0.5893     0.5893     0.5893     0.9015     0.1582
   -3.0896   -34.9417     0.5151  -929.8000     0.0325     1.2323     5.8200   620.0000   132.1550     0.0015     0.2800     0.2800     0.2800     1.0407     0.2924
   -2.1380   -34.3301     0.8903  -476.0000     0.0221     1.4483     7.7000  1507.0000   112.4000     0.0012     0.7535     0.7535     0.7535     1.1415     0.1321
   -2.1119   -33.7867     0.7877  -456.6000     0.0498     1.3131     8.7360  2753.2500   102.3950     0.0007     0.5374     0.5374     0.5374     1.0435     0.2799
   -3.4632   -34.2531     0.6245  -135.1000     0.0242     1.3141     2.2040   763.2500   126.3650     0.0013     0.6083     0.6083     0.6083     1.0717     0.2266
   -2.1258   -30.9751     0.5879  -541.2000     0.0264     1.3236     7.4100  1459.7500    51.2450     0.0008     0.4168     0.4168     0.4168     0.8577     0.1145
   -2.5916   -30.3140     0.7695  -729.6000     0.0338     1.1141     5.7120  2529.7500    92.7650     0.0008     0.7429     0.7429     0.7429     0.6183     0.2503
   -2.9465   -30.2414     0.6537  -344.0000     0.0343     1.2744     1.8550   502.7500   115.3700     0.0005     0.7375     0.7375     0.7375     0.7131     0.3739
   -3.4976   -29.2503     0.9172   -76.9000     0.0458     1.4009     6.0370  1666.5000   108.8900     0.0008     0.6930     0.6930     0.6930     0.5290     0.3332
   -2.4425   -24.6248     0.5671  -536.0000     0.0536     1.4910     7.3650  1617.7500   177.7400     0.0006     0.7748     0.7748     0.7748     0.6039     0.1750
   -2.6705   -31.3656     0.5397  -978.7000     0.0213     1.1630     3.4960  1314.5000   195.1700     0.0010     0.7014     0.7014     0.7014     1.0912     0.3989
   -3.0981   -32.8407     0.6176  -731.6000     0.0367     1.4920     8.4040   858.2500    74.1200     0.0010     0.3307     0.3307     0.3307     1.1157     0.1044
   -2.1896   -34.2982     0.8484  -835.3000     0.0202     1.3745     7.4070  2141.0000   126.7250     0.0010     0.7917     0.7917     0.7917     1.4285     0.3792
   -3.2825   -34.9340     0.6651  -981.8000     0.0452     1.3616     6.4600  1351.7500   111.2750     0.0010     0.2747     0.2747     0.2747     1.3691     0.2074
   -3.2919   -26.2132     0.5758  -757.9000     0.0422     1.2167     6.9650  2227.0000   149.4500     0.0010     0.3756     0.3756     0.3756     1.4707     0.1835
   -3.4047   -32.9441     0.9207  -328.5000     0.0286     1.0244     7.4920  2061.2500   175.3100     0.0008     0.5215     0.5215     0.5215     1.2462     0.1481
   -2.9510   -31.8551     0.9886   -74.8000     0.0439     1.3026     0.1320   885.5000    83.5550     0.0009     0.4077     0.4077     0.4077     0.5563     0.2754
   -3.1338   -26.8611     0.5514  -368.2000     0.0301     1.4630     8.1990  2974.2500   111.0350     0.0011     0.2935     0.2935     0.2935     1.1556     0.2349
   -3.0755   -30.7463     0.7843   -74.4000     0.0412     1.3301     4.1500  2732.7500   100.5950     0.0010     0.4029     0.4029     0.4029     1.3671     0.1167
   -2.0609   -33.0233     0.5727  -356.6000     0.0493     1.2782     8.6390  2591.7500   132.3500     0.0006     0.5542     0.5542     0.5542     0.6967     0.1983
   -3.1008   -33.3423     0.8603  -797.8000     0.0411     1.1691     5.1080  1092.2500    82.1300     0.0012     0.6381     0.6381     0.6381     0.3495     0.2356
   -3.1774   -32.7230     0.6335  -486.3000     0.0486     1.0555     5.2120  2581.0000   127.4900     0.0011     0.4136     0.4136     0.4136     1.4797     0.1060
   -2.4693   -34.8537     0.9750  -786.6000     0.0450     1.2330     8.8680  2438.2500    98.3150     0.0005     0.6102     0.6102     0.6102     0.7014     0.1637
   -3.4276   -25.6731     0.6261   -89.0000     0.0509     1.3963     4.7740  1289.5000    66.1700     0.0010     0.2542     0.2542     0.2542     0.1167     0.1526
   -2.0996   -29.6199     0.7542   -52.0000     0.0569     1.1708     0.3980  1100.2500    91.4750     0.0007     0.5306     0.5306     0.5306     0.4793     0.2321
   -3.1932   -30.9894     0.7232  -994.0000     0.0312     1.4177     6.0620  1652.0000   170.8550     0.0008     0.2378     0.2378     0.2378     1.2242     0.1316
   -2.2134   -30.7650     0.7337  -132.7000     0.0559     1.0574     2.1440   588.2500   106.1750     0.0013     0.5466     0.5466     0.5466     0.2330     0.1992
   -3.4026   -30.5307     0.5393  -252.4000     0.0280     1.4295     7.1630   500.7500   166.7600     0.0014     0.3572     0.3572     0.3572     0.9803     0.1349
   -2.0357   -27.4958     0.6116  -253.5000     0.0428     1.1743     9.2880   554.0000    61.2350     0.0015     0.6046     0.6046     0.6046     0.9420     0.1021
   -2.5638   -32.5195     0.8303  -465.5000     0.0207     1.4426     7.3530  1432.2500    82.7600     0.0009     0.3108     0.3108     0.3108     0.2543     0.2623
   -2.4626   -30.4328     0.5854  -878.0000     0.0579     1.3757     5.8550   743.2500    67.6700     0.0012     0.3796     0.3796     0.3796     0.1402     0.2721
   -2.1860   -30.5516     0.8307   -51.4000     0.0557     1.0478     8.7690   777.7500    99.8150     0.0012     0.2143     0.2143     0.2143     0.4633     0.1347
   -3.3563   -31.4063     0.8327  -323.0000     0.0572     1.3253     7.7510   857.2500   135.6650     0.0010     0.7849     0.7849     0.7849     1.2369     0.3620
   -2.8662   -31.7583     0.7864   -91.4000     0.0341     1.4296     3.1380  1020.5000   103.8350     0.0007     0.6846     0.6846     0.6846     0.1774     0.2192
   -2.0645   -26.8468     0.7210  -283.6000     0.0237     1.1199     2.4580  2767.7500   109.3700     0.0014     0.4850     0.4850     0.4850     0.8475     0.1206
   -2.8148   -26.6125     0.6392  -429.8000     0.0287     1.4438     5.3340  1754.0000   157.2650     0.0006     0.4859     0.4859     0.4859     1.2841     0.1184
   -3.0179   -24.4268     0.8893  -854.6000     0.0540     1.1896     8.7660  2707.2500   115.1600     0.0009     0.2995     0.2995     0.2995     1.4726     0.1807
   -2.4024   -28.4462     0.8186  -184.8000     0.0390     1.4293     1.3730  2679.2500   142.6100     0.0005     0.2767     0.2767     0.2767     0.9148     0.1537
   -3.4139   -29.6947     0.9413  -392.8000     0.0475     1.2151     9.4230  1791.2500   188.5850     0.0010     0.6855     0.6855     0.6855     0.2044     0.1677
   -2.2759   -33.0585     0.8922  -415.8000     0.0393     1.3639     2.3340  1729.2500    55.1600     0.0013     0.6133     0.6133     0.6133     0.3696     0.1180
   -3.4815   -26.4904     0.7391  -221.6000     0.0370     1.3915     8.5390   691.0000   132.8750     0.0015     0.3383     0.3383     0.3383     0.5999     0.1974
   -2.9478   -30.7298     0.5767  -452.5000     0.0358     1.0274     2.2630  2135.2500   161.8400     0.0014     0.3933     0.3933     0.3933     0.2880     0.1160
   -2.1280   -29.2371     0.6927  -573.1000     0.0588     1.0779     1.7630   769.0000   155.1050     0.0012     0.2211     0.2211     0.2211     1.2449     0.1951
   -2.4823   -24.1023     0.9885  -625.2000     0.0336     1.1773     4.4490  2805.0000   105.3500     0.0010     0.4770     0.4770     0.4770     0.7500     0.3608
   -3.4793   -29.2019     0.5208  -105.3000     0.0209     1.3551     0.0970   799.2500   125.8550     0.0012     0.5887     0.5887     0.5887     1.3732     0.2807
   -2.1940   -33.4743     0.7071  -217.9000     0.0324     1.3663     6.8790  1137.7500   181.8350     0.0014     0.5092     0.5092     0.5092     0.4998     0.1233
   -3.2381   -29.6034     0.5473  -563.5000     0.0470     1.4539     2.1270  1012.7500   149.8250     0.0011     0.3302     0.3302     0.3302     0.6901     0.3805
   -2.6145   -28.2097     0.5729  -969.9000     0.0298     1.1234     5.0840  2849.5000   113.6150     0.0007     0.7801     0.7801     0.7801     0.6995     0.2276
   -2.7575   -26.2363     0.6580  -758.8000     0.0342     1.3945     1.9530  2764.0000   182.7200     0.0007     0.5692     0.5692     0.5692     1.0922     0.3492
   -2.2697   -24.1067     0.7369  -182.2000     0.0407     1.1685     9.4950  2637.0000   131.4650     0.0010     0.6664     0.6664     0.6664     1.1518     0.3270
   -2.9760   -27.8808     0.8648  -492.1000     0.0594     1.4335     7.8950  2864.0000    76.5200     0.0013     0.7495     0.7495     0.7495     0.5385     0.3159
   -2.2853   -30.3514     0.8943  -733.6000     0.0426     1.3997     6.2010  1886.7500   152.6600     0.0007     0.2419     0.2419     0.2419     0.8458     0.2242
   -3.2801   -28.1294     0.7007  -484.0000     0.0528     1.4806     0.9360  2256.7500    53.8400     0.0010     0.6843     0.6843     0.6843     0.2504     0.3944
   -2.2933   -26.3188     0.8253  -228.9000     0.0376     1.3363     7.4270  2998.0000   111.3500     0.0012     0.5722     0.5722     0.5722     0.7429     0.1800
   -2.8582   -34.8416     0.6525   -18.7000     0.0261     1.0080     5.5600  1043.7500   132.7100     0.0009     0.7151     0.7151     0.7151     1.4159     0.2859
   -2.8307   -29.1392     0.6069  -938.3000     0.0409     1.0767     2.1170  1272.7500    97.7300     0.0008     0.2625     0.2625     0.2625     1.2043     0.3259
   -3.0234   -32.4909     0.7339  -856.8000     0.0368     1.2447     5.4070  1393.2500    56.7200     0.0012     0.6891     0.6891     0.6891     0.7299     0.3525
   -2.5643   -24.3773     0.5072  -170.1000     0.0585     1.1286     7.6700  2144.2500    81.6050     0.0006     0.6631     0.6631     0.6631     0.9736     0.3899
   -2.1563   -27.1878     0.7735  -808.9000     0.0273     1.2944     3.5310  2880.2500    96.1700     0.0012     0.6042     0.6042     0.6042     0.8108     0.3502
   -2.7784   -34.8955     0.7237  -528.0000     0.0543     1.1683     8.1810  2931.7500   173.9750     0.0006     0.5137     0.5137     0.5137     1.0464     0.2803
   -2.4123   -27.3594     0.6868  -619.7000     0.0580     1.0248     4.8480  1992.0000    91.5500     0.0007     0.4483     0.4483     0.4483     0.6680     0.3426
   -3.0584   -33.1531     0.5238  -729.2000     0.0239     1.4036     2.6050  2671.5000    70.5350     0.0014     0.3385     0.3385     0.3385     1.3769     0.2114
   -2.4558   -24.8426     0.5255  -959.0000     0.0316     1.0287     6.4250  1624.5000   102.5000     0.0013     0.5912     0.5912     0.5912     1.4882     0.2400
   -2.6813   -25.7732     0.8975  -706.8000     0.0539     1.1121     9.9390   887.2500    79.8500     0.0013     0.6927     0.6927     0.6927     0.3684     0.1079
   -2.1218   -26.5223     0.7534  -319.4000     0.0598     1.0011     0.2340  1460.0000    58.3850     0.0013     0.5513     0.5513     0.5513     0.8477     0.1699
   -2.3049   -32.1543     0.7027  -275.0000     0.0586     1.4657     8.6050  2129.5000    71.4200     0.0007     0.3564     0.3564     0.3564     0.2154     0.3495
   -2.6262   -27.2175     0.5260  -182.7000     0.0493     1.1626     3.0790  2171.5000   106.0850     0.0011     0.6258     0.6258     0.6258     0.3355     0.2069
   -3.1274   -27.2483     0.7689  -872.8000     0.0429     1.1791     2.8550  2837.0000   197.1800     0.0015     0.5067     0.5067     0.5067     1.2400     0.3253
   -3.4331   -26.0889     0.7480  -796.4000     0.0288     1.3982     3.3470   789.7500   164.2550     0.0013     0.2939     0.2939     0.2939     1.1349     0.3842
   -2.3105   -24.9812     0.8074  -278.1000     0.0444     1.3791     5.0020  2630.2500   151.0700     0.0008     0.5099     0.5099     0.5099     0.3439     0.1455
   -2.6672   -27.6652     0.9039  -824.0000     0.0573     1.2449     3.1430  1717.2500   173.6750     0.0005     0.5824     0.5824     0.5824     1.0762     0.2146
   -2.6896   -31.2831     0.6465  -446.1000     0.0544     1.1235     4.9910  2023.5000    92.7200     0.0014     0.6234     0.6234     0.6234     0.2420     0.2790
   -2.1549   -31.1918     0.6200  -168.4000     0.0230     1.3058     9.2000  1937.2500   186.8450     0.0007     0.6167     0.6167     0.6167     1.4195     0.1028
   -2.9240   -33.7130     0.5694  -852.4000     0.0345     1.4278     1.7390  1243.7500   189.8150     0.0015     0.4739     0.4739     0.4739     0.6491     0.2021
   -2.9156   -24.6391     0.9067  -176.1000     0.0547     1.2072     5.9290  2978.2500   151.8200     0.0006     0.4621     0.4621     0.4621     1.0919     0.2624
   -2.1606   -29.9730     0.7485  -674.4000     0.0413     1.0906     5.6450  2613.5000   191.1200     0.0010     0.2103     0.2103     0.2103     0.6159     0.3325
   -2.4515   -24.5896     0.9815  -583.7000     0.0232     1.1230     3.0710  2047.7500   129.4250     0.0006     0.5222     0.5222     0.5222     0.9606     0.1716
   -2.8730   -33.7053     0.9132  -412.5000     0.0254     1.2177     4.7930   725.2500   106.2950     0.0010     0.2592     0.2592     0.2592     0.8949     0.1737
   -2.8396   -25.9151     0.9944  -639.4000     0.0255     1.1755     8.5800  2660.5000    98.6450     0.0007     0.3986     0.3986     0.3986     0.6118     0.2153
   -2.2868   -31.1896     0.8391  -871.7000     0.0406     1.4237     6.8720  2914.2500   138.3650     0.0014     0.6272     0.6272     0.6272     1.4856     0.2790
   -3.3274   -30.7738     0.8801  -194.5000     0.0542     1.0730     4.7100  1556.5000    50.9750     0.0010     0.7376     0.7376     0.7376     0.8399     0.1267
   -3.0947   -34.2696     0.9034  -584.5000     0.0217     1.4334     2.8740  2787.7500   162.2750     0.0008     0.3083     0.3083     0.3083     0.8001     0.1125
   -3.0119   -29.0633     0.6672  -107.7000     0.0489     1.4200     5.7870  2917.2500   129.1550     0.0011     0.5985     0.5985     0.5985     0.2394     0.3315
   -3.1769   -34.7448     0.8206   -80.7000     0.0487     1.0225     0.2220  2657.7500   183.3200     0.0011     0.6579     0.6579     0.6579     0.8763     0.3677
   -2.3899   -31.3249     0.6270  -716.9000     0.0469     1.3169     1.7210  2943.5000    86.7950     0.0009     0.6895     0.6895     0.6895     0.1977     0.1071
   -3.3794   -27.9930     0.7973  -482.4000     0.0290     1.4444     0.7390  2954.0000    91.3550     0.0014     0.2458     0.2458     0.2458     0.7208     0.3880
   -2.6496   -32.6372     0.9240  -333.0000     0.0435     1.0360     4.8520  1708.7500   157.5350     0.0005     0.7263     0.7263     0.7263     0.6740     0.2808
   -2.8521   -28.5133     0.9642  -616.4000     0.0546     1.2522     0.1630  2674.0000   199.0400     0.0010     0.5448     0.5448     0.5448     1.2571     0.1572
   -2.9124   -32.1103     0.5203   -78.0000     0.0211     1.3417     0.9200   552.5000   136.4150     0.0012     0.7306     0.7306     0.7306     1.1564     0.2395
   -2.4444   -34.5127     0.9467  -180.2000     0.0534     1.1112     0.9210  1322.7500   101.2850     0.0013     0.4219     0.4219     0.4219     1.0349     0.1869
   -3.2363   -27.5750     0.9362   -23.4000     0.0486     1.3780     6.7220  1879.0000   118.5050     0.0007     0.2164     0.2164     0.2164     0.4941     0.1058
   -2.2365   -34.6711     0.7525  -393.5000     0.0506     1.4985     5.9850  2869.5000    52.5800     0.0014     0.4704     0.4704     0.4704     1.1228     0.2203
   -2.5461   -30.1006     0.6490  -327.8000     0.0446     1.3563     4.2090  2677.0000   187.2650     0.0006     0.3121     0.3121     0.3121     1.4677     0.3874
   -3.2780   -31.0268     0.8388  -638.5000     0.0507     1.3796     0.7170   609.7500    94.4150     0.0008     0.3277     0.3277     0.3277     0.8942     0.1443
   -3.0865   -30.9388     0.6635  -668.1000     0.0506     1.4962     3.0860  1975.5000   162.0500     0.0008     0.7727     0.7727     0.7727     1.2425     0.2164
   -2.8125   -32.5833     0.6089  -761.7000     0.0316     1.0303     6.5480   742.5000    71.0450     0.0011     0.6942     0.6942     0.6942     0.3475     0.3387
   -2.9567   -34.5182     0.5775  -644.9000     0.0205     1.1099     4.1340  2974.2500    58.8350     0.0008     0.7137     0.7137     0.7137     0.6720     0.3536
   -2.4981   -29.8355     0.6743  -283.1000     0.0465     1.0370     2.3400  1593.7500   145.6550     0.0010     0.7819     0.7819     0.7819     1.2890     0.3756
   -2.9861   -26.3639     0.7387  -331.2000     0.0303     1.0862     6.3820  1581.5000    63.4850     0.0011     0.6844     0.6844     0.6844     0.9680     0.3042
   -2.8244   -27.5365     0.7499  -623.6000     0.0374     1.3872     3.1030  1025.5000    76.0700     0.0010     0.6507     0.6507     0.6507     1.1909     0.3896
   -2.4051   -31.5966     0.7960  -568.5000     0.0500     1.2410     7.1330  1637.2500    60.6350     0.0008     0.6701     0.6701     0.6701     0.1224     0.3289
   -2.6567   -26.5707     0.7626  -354.5000     0.0302     1.0254     9.8410  2186.2500    95.7950     0.0009     0.6159     0.6159     0.6159     0.8354     0.1924
   -2.8249   -31.0004     0.9302  -868.7000     0.0235     1.1139     1.8160  2332.2500   182.3450     0.0007     0.5524     0.5524     0.5524     0.7293     0.3735
   -3.1963   -26.5663     0.7382  -321.4000     0.0466     1.1303     8.1500  1718.2500    69.0500     0.0013     0.7211     0.7211     0.7211     0.9438     0.1372
   -3.3018   -26.0823     0.5834  -437.5000     0.0301     1.0416     6.3680  2007.2500   147.1250     0.0013     0.5714     0.5714     0.5714     0.2462     0.3027
   -3.2073   -31.4998     0.6102  -777.5000     0.0456     1.4651     9.0730  1863.2500    84.8900     0.0015     0.2833     0.2833     0.2833     1.3942     0.1444
   -2.9102   -26.9788     0.7287  -386.8000     0.0411     1.0609     6.9850  2902.7500   144.0500     0.0006     0.6681     0.6681     0.6681     0.5724     0.2493
   -2.3651   -28.4396     0.6090  -970.8000     0.0457     1.4303     9.8320  1388.2500   179.3900     0.0008     0.2884     0.2884     0.2884     0.3005     0.2490
   -3.1797   -28.3747     0.9316  -988.2000     0.0311     1.4524     0.7410   720.5000   156.2000     0.0010     0.5019     0.5019     0.5019     0.3435     0.3282
   -2.5749   -30.8420     0.7117  -653.8000     0.0486     1.2353     6.8470  2535.2500   187.2050     0.0013     0.5044     0.5044     0.5044     0.4100     0.1722
   -2.3522   -33.8604     0.8107  -228.3000     0.0301     1.2212     4.9750  2871.0000   137.3900     0.0009     0.3412     0.3412     0.3412     1.3984     0.3447
   -2.7140   -27.5123     0.8699  -773.2000     0.0299     1.3982     7.0650   577.7500   194.7050     0.0013     0.3585     0.3585     0.3585     1.0849     0.1776
   -2.6108   -27.9369     0.7386   -56.5000     0.0458     1.3485     6.6420  1114.7500    81.0800     0.0011     0.7427     0.7427     0.7427     1.0115     0.3403
   -2.1162   -27.7917     0.8700   -47.7000     0.0256     1.3512     0.3000  1984.7500   132.9200     0.0009     0.4266     0.4266     0.4266     0.8666     0.1745
   -3.2374   -29.0985     0.8691  -365.0000     0.0417     1.2734     6.6060  2472.2500   139.8050     0.0008     0.2428     0.2428     0.2428     0.4835     0.1143
   -2.4276   -29.0930     0.7148  -349.3000     0.0373     1.1366     6.1810  1663.2500   183.9950     0.0013     0.6636     0.6636     0.6636     1.4451     0.1298
   -3.1736   -28.3615     0.6127   -83.5000     0.0229     1.0108     6.4200  2259.7500    68.7050     0.0014     0.7435     0.7435     0.7435     1.1230     0.2932
   -2.8370   -29.6661     0.9267  -650.6000     0.0344     1.4563     7.5650  1529.0000    55.5800     0.0012     0.7054     0.7054     0.7054     0.8490     0.2538
   -2.4680   -27.3869     0.9080  -263.0000     0.0442     1.0365     5.8180  2074.2500   192.8750     0.0009     0.6576     0.6576     0.6576     0.5861     0.1687
   -2.9527   -26.9161     0.5693  -500.5000     0.0558     1.2672     9.3150  2289.2500   143.9150     0.0014     0.3045     0.3045     0.3045     1.2561     0.1294